2026/09/26 12:44:00.801, P8, 405, 405, 14.59, 1, 0x0000000000000000
2026/09/26 12:44:00.864, P8, 405, 405, 14.59, 1, 0x0000000000000000
2026/09/26 12:44:00.918, P8, 405, 405, 14.59, 1, 0x0000000000000000
2026/09/26 12:44:00.968, P8, 405, 405, 14.59, 1, 0x0000000000000000
2026/09/26 12:44:01.034, P8, 405, 405, 14.59, 1, 0x0000000000000000
2026/09/26 12:44:01.097, P8, 405, 405, 14.59, 1, 0x0000000000000000
2026/09/26 12:44:01.161, P8, 405, 405, 14.59, 1, 0x0000000000000000
2026/09/26 12:44:01.218, P0, 922, 14201, 19.89, 16, 0x0000000000000000
2026/09/26 12:44:01.283, P0, 922, 14201, 19.89, 16, 0x0000000000000000
2026/09/26 12:44:01.335, P0, 922, 14201, 19.89, 16, 0x0000000000000000
2026/09/26 12:44:01.398, P0, 922, 14201, 19.89, 16, 0x0000000000000000
2026/09/26 12:44:01.452, P0, 922, 14201, 19.89, 16, 0x0000000000000000
2026/09/26 12:44:01.503, P0, 922, 14201, 19.89, 16, 0x0000000000000000
2026/09/26 12:44:01.561, P0, 922, 14201, 19.89, 16, 0x0000000000000000
2026/09/26 12:44:01.618, P0, 922, 14201, 19.89, 16, 0x0000000000000000
2026/09/26 12:44:01.668, P0, 922, 14201, 19.89, 16, 0x0000000000000000
2026/09/26 12:44:01.732, P0, 2685, 14201, 29.47, 16, 0x0000000000000000
2026/09/26 12:44:01.785, P0, 2685, 14201, 29.47, 16, 0x0000000000000000
2026/09/26 12:44:01.836, P0, 2685, 14201, 29.47, 16, 0x0000000000000000
2026/09/26 12:44:01.902, P0, 2685, 14201, 29.47, 16, 0x0000000000000000
2026/09/26 12:44:01.965, P0, 2685, 14201, 29.47, 16, 0x0000000000000000
2026/09/26 12:44:02.020, P0, 2685, 14201, 29.47, 16, 0x0000000000000000
2026/09/26 12:44:02.072, P0, 2685, 14201, 29.47, 16, 0x0000000000000000
2026/09/26 12:44:02.136, P0, 2685, 14201, 29.47, 16, 0x0000000000000000
2026/09/26 12:44:02.187, P0, 2685, 14201, 29.47, 16, 0x0000000000000000
2026/09/26 12:44:02.252, P0, 2685, 14201, 35.65, 15, 0x0000000000000000
2026/09/26 12:44:02.304, P0, 2685, 14201, 35.65, 15, 0x0000000000000000
2026/09/26 12:44:02.369, P0, 2685, 14201, 35.65, 15, 0x0000000000000000
2026/09/26 12:44:02.420, P0, 2685, 14201, 35.65, 15, 0x0000000000000000
2026/09/26 12:44:02.486, P0, 2685, 14201, 35.65, 15, 0x0000000000000000
2026/09/26 12:44:02.537, P0, 2685, 14201, 35.65, 15, 0x0000000000000000
2026/09/26 12:44:02.602, P0, 2685, 14201, 35.65, 15, 0x0000000000000000
2026/09/26 12:44:02.653, P0, 2685, 14201, 35.65, 15, 0x0000000000000000
2026/09/26 12:44:02.717, P0, 2700, 14201, 36.07, 11, 0x0000000000000000
2026/09/26 12:44:02.781, P0, 2700, 14201, 36.07, 11, 0x0000000000000000
2026/09/26 12:44:02.844, P0, 2700, 14201, 36.07, 11, 0x0000000000000000
2026/09/26 12:44:02.906, P0, 2700, 14201, 36.07, 11, 0x0000000000000000
2026/09/26 12:44:02.969, P0, 2700, 14201, 36.07, 11, 0x0000000000000000
2026/09/26 12:44:03.020, P0, 2700, 14201, 36.07, 11, 0x0000000000000000
2026/09/26 12:44:03.084, P0, 2700, 14201, 36.07, 11, 0x0000000000000000
2026/09/26 12:44:03.137, P0, 2700, 14201, 36.07, 11, 0x0000000000000000
2026/09/26 12:44:03.200, P0, 2617, 14201, 36.04, 16, 0x0000000000000000
2026/09/26 12:44:03.254, P0, 2617, 14201, 36.04, 16, 0x0000000000000000
2026/09/26 12:44:03.317, P0, 2617, 14201, 36.04, 16, 0x0000000000000000
2026/09/26 12:44:03.381, P0, 2617, 14201, 36.04, 16, 0x0000000000000000
2026/09/26 12:44:03.437, P0, 2617, 14201, 36.04, 16, 0x0000000000000000
2026/09/26 12:44:03.488, P0, 2617, 14201, 36.04, 16, 0x0000000000000000
2026/09/26 12:44:03.554, P0, 2617, 14201, 36.04, 16, 0x0000000000000000
2026/09/26 12:44:03.604, P0, 2617, 14201, 36.04, 16, 0x0000000000000000
2026/09/26 12:44:03.655, P0, 2617, 14201, 36.04, 16, 0x0000000000000000
2026/09/26 12:44:03.721, P1, 2655, 14001, 35.71, 9, 0x0000000000000000
2026/09/26 12:44:03.772, P1, 2655, 14001, 35.71, 9, 0x0000000000000000
2026/09/26 12:44:03.824, P1, 2655, 14001, 35.71, 9, 0x0000000000000000
2026/09/26 12:44:03.885, P1, 2655, 14001, 35.71, 9, 0x0000000000000000
2026/09/26 12:44:03.938, P1, 2655, 14001, 35.71, 9, 0x0000000000000000
2026/09/26 12:44:03.989, P1, 2655, 14001, 35.71, 9, 0x0000000000000000
2026/09/26 12:44:04.054, P1, 2655, 14001, 35.71, 9, 0x0000000000000000
2026/09/26 12:44:04.105, P1, 2655, 14001, 35.71, 9, 0x0000000000000000
2026/09/26 12:44:04.155, P1, 2655, 14001, 35.71, 9, 0x0000000000000000
2026/09/26 12:44:04.221, P0, 2685, 14201, 36.04, 5, 0x0000000000000000
2026/09/26 12:44:04.271, P0, 2685, 14201, 36.04, 5, 0x0000000000000000
2026/09/26 12:44:04.322, P0, 2685, 14201, 36.04, 5, 0x0000000000000000
2026/09/26 12:44:04.388, P0, 2685, 14201, 36.04, 5, 0x0000000000000000
2026/09/26 12:44:04.439, P0, 2685, 14201, 36.04, 5, 0x0000000000000000
2026/09/26 12:44:04.505, P0, 2685, 14201, 36.04, 5, 0x0000000000000000
2026/09/26 12:44:04.556, P0, 2685, 14201, 36.04, 5, 0x0000000000000000
2026/09/26 12:44:04.606, P0, 2685, 14201, 36.04, 5, 0x0000000000000000
2026/09/26 12:44:04.672, P0, 2685, 14201, 36.04, 5, 0x0000000000000000
2026/09/26 12:44:04.723, P0, 2640, 14201, 36.67, 15, 0x0000000000000000
2026/09/26 12:44:04.788, P0, 2640, 14201, 36.67, 15, 0x0000000000000000
2026/09/26 12:44:04.839, P0, 2640, 14201, 36.67, 15, 0x0000000000000000
2026/09/26 12:44:04.905, P0, 2640, 14201, 36.67, 15, 0x0000000000000000
2026/09/26 12:44:04.956, P0, 2640, 14201, 36.67, 15, 0x0000000000000000
2026/09/26 12:44:05.007, P0, 2640, 14201, 36.67, 15, 0x0000000000000000
2026/09/26 12:44:05.072, P0, 2640, 14201, 36.67, 15, 0x0000000000000000
2026/09/26 12:44:05.123, P0, 2640, 14201, 36.67, 15, 0x0000000000000000
2026/09/26 12:44:05.189, P0, 2640, 14201, 36.67, 15, 0x0000000000000000
2026/09/26 12:44:05.240, P0, 2707, 14201, 36.35, 15, 0x0000000000000000
2026/09/26 12:44:05.306, P0, 2707, 14201, 36.35, 15, 0x0000000000000000
2026/09/26 12:44:05.357, P0, 2707, 14201, 36.35, 15, 0x0000000000000000
2026/09/26 12:44:05.422, P0, 2707, 14201, 36.35, 15, 0x0000000000000000
2026/09/26 12:44:05.472, P0, 2707, 14201, 36.35, 15, 0x0000000000000000
2026/09/26 12:44:05.523, P0, 2707, 14201, 36.35, 15, 0x0000000000000000
2026/09/26 12:44:05.588, P0, 2707, 14201, 36.35, 15, 0x0000000000000000
2026/09/26 12:44:05.640, P0, 2707, 14201, 36.35, 15, 0x0000000000000000
2026/09/26 12:44:05.690, P0, 2707, 14201, 36.35, 15, 0x0000000000000000
2026/09/26 12:44:05.741, P0, 2640, 14201, 36.26, 13, 0x0000000000000000
2026/09/26 12:44:05.805, P0, 2640, 14201, 36.26, 13, 0x0000000000000000
2026/09/26 12:44:05.857, P0, 2640, 14201, 36.26, 13, 0x0000000000000000
2026/09/26 12:44:05.922, P0, 2640, 14201, 36.26, 13, 0x0000000000000000
2026/09/26 12:44:05.974, P0, 2640, 14201, 36.26, 13, 0x0000000000000000
2026/09/26 12:44:06.038, P0, 2640, 14201, 36.26, 13, 0x0000000000000000
2026/09/26 12:44:06.102, P0, 2640, 14201, 36.26, 13, 0x0000000000000000
2026/09/26 12:44:06.166, P0, 2640, 14201, 36.26, 13, 0x0000000000000000
2026/09/26 12:44:06.230, P0, 2677, 14201, 36.80, 15, 0x0000000000000000
2026/09/26 12:44:06.283, P0, 2677, 14201, 36.80, 15, 0x0000000000000000
2026/09/26 12:44:06.339, P0, 2677, 14201, 36.80, 15, 0x0000000000000000
2026/09/26 12:44:06.403, P0, 2677, 14201, 36.80, 15, 0x0000000000000000
2026/09/26 12:44:06.457, P0, 2677, 14201, 36.80, 15, 0x0000000000000000
2026/09/26 12:44:06.507, P0, 2677, 14201, 36.80, 15, 0x0000000000000000
2026/09/26 12:44:06.558, P0, 2677, 14201, 36.80, 15, 0x0000000000000000
2026/09/26 12:44:06.624, P0, 2677, 14201, 36.80, 15, 0x0000000000000000
2026/09/26 12:44:06.675, P0, 2677, 14201, 36.80, 15, 0x0000000000000000
2026/09/26 12:44:06.725, P0, 2700, 14201, 36.47, 13, 0x0000000000000000
2026/09/26 12:44:06.785, P0, 2700, 14201, 36.47, 13, 0x0000000000000000
2026/09/26 12:44:06.841, P0, 2700, 14201, 36.47, 13, 0x0000000000000000
2026/09/26 12:44:06.891, P0, 2700, 14201, 36.47, 13, 0x0000000000000000
2026/09/26 12:44:06.957, P0, 2700, 14201, 36.47, 13, 0x0000000000000000
2026/09/26 12:44:07.008, P0, 2700, 14201, 36.47, 13, 0x0000000000000000
2026/09/26 12:44:07.058, P0, 2700, 14201, 36.47, 13, 0x0000000000000000
2026/09/26 12:44:07.124, P0, 2700, 14201, 36.47, 13, 0x0000000000000000
2026/09/26 12:44:07.175, P0, 2700, 14201, 36.47, 13, 0x0000000000000000
2026/09/26 12:44:07.225, P0, 2655, 14201, 35.90, 10, 0x0000000000000000
2026/09/26 12:44:07.291, P0, 2655, 14201, 35.90, 10, 0x0000000000000000
2026/09/26 12:44:07.341, P0, 2655, 14201, 35.90, 10, 0x0000000000000000
2026/09/26 12:44:07.392, P0, 2655, 14201, 35.90, 10, 0x0000000000000000
2026/09/26 12:44:07.457, P0, 2655, 14201, 35.90, 10, 0x0000000000000000
2026/09/26 12:44:07.508, P0, 2655, 14201, 35.90, 10, 0x0000000000000000
2026/09/26 12:44:07.558, P0, 2655, 14201, 35.90, 10, 0x0000000000000000
2026/09/26 12:44:07.609, P0, 2655, 14201, 35.90, 10, 0x0000000000000000
2026/09/26 12:44:07.659, P0, 2655, 14201, 35.90, 10, 0x0000000000000000
2026/09/26 12:44:07.725, P0, 2670, 14201, 36.84, 15, 0x0000000000000000
2026/09/26 12:44:07.775, P0, 2670, 14201, 36.84, 15, 0x0000000000000000
2026/09/26 12:44:07.826, P0, 2670, 14201, 36.84, 15, 0x0000000000000000
2026/09/26 12:44:07.892, P0, 2670, 14201, 36.84, 15, 0x0000000000000000
2026/09/26 12:44:07.943, P0, 2670, 14201, 36.84, 15, 0x0000000000000000
2026/09/26 12:44:08.008, P0, 2670, 14201, 36.84, 15, 0x0000000000000000
2026/09/26 12:44:08.060, P0, 2670, 14201, 36.84, 15, 0x0000000000000000
2026/09/26 12:44:08.125, P0, 2670, 14201, 36.84, 15, 0x0000000000000000
2026/09/26 12:44:08.176, P0, 2670, 14201, 36.84, 15, 0x0000000000000000
2026/09/26 12:44:08.242, P1, 2670, 14201, 35.87, 9, 0x0000000000000000
2026/09/26 12:44:08.292, P1, 2670, 14201, 35.87, 9, 0x0000000000000000
2026/09/26 12:44:08.343, P1, 2670, 14201, 35.87, 9, 0x0000000000000000
2026/09/26 12:44:08.394, P1, 2670, 14201, 35.87, 9, 0x0000000000000000
2026/09/26 12:44:08.459, P1, 2670, 14201, 35.87, 9, 0x0000000000000000
2026/09/26 12:44:08.525, P1, 2670, 14201, 35.87, 9, 0x0000000000000000
2026/09/26 12:44:08.576, P1, 2670, 14201, 35.87, 9, 0x0000000000000000
2026/09/26 12:44:08.641, P1, 2670, 14201, 35.87, 9, 0x0000000000000000
2026/09/26 12:44:08.693, P1, 2670, 14201, 35.87, 9, 0x0000000000000000
2026/09/26 12:44:08.743, P1, 2670, 14001, 36.46, 7, 0x0000000000000000
2026/09/26 12:44:08.808, P1, 2670, 14001, 36.46, 7, 0x0000000000000000
2026/09/26 12:44:08.871, P1, 2670, 14001, 36.46, 7, 0x0000000000000000
2026/09/26 12:44:08.927, P1, 2670, 14001, 36.46, 7, 0x0000000000000000
2026/09/26 12:44:08.993, P1, 2670, 14001, 36.46, 7, 0x0000000000000000
2026/09/26 12:44:09.058, P1, 2670, 14001, 36.46, 7, 0x0000000000000000
2026/09/26 12:44:09.120, P1, 2670, 14001, 36.46, 7, 0x0000000000000000
2026/09/26 12:44:09.184, P1, 2670, 14001, 36.46, 7, 0x0000000000000000
2026/09/26 12:44:09.247, P0, 2647, 14201, 36.42, 15, 0x0000000000000000
2026/09/26 12:44:09.309, P0, 2647, 14201, 36.42, 15, 0x0000000000000000
2026/09/26 12:44:09.372, P0, 2647, 14201, 36.42, 15, 0x0000000000000000
2026/09/26 12:44:09.428, P0, 2647, 14201, 36.42, 15, 0x0000000000000000
2026/09/26 12:44:09.493, P0, 2647, 14201, 36.42, 15, 0x0000000000000000
2026/09/26 12:44:09.543, P0, 2647, 14201, 36.42, 15, 0x0000000000000000
2026/09/26 12:44:09.594, P0, 2647, 14201, 36.42, 15, 0x0000000000000000
2026/09/26 12:44:09.660, P0, 2647, 14201, 36.42, 15, 0x0000000000000000
2026/09/26 12:44:09.710, P0, 2662, 14201, 35.89, 12, 0x0000000000000000
2026/09/26 12:44:09.761, P0, 2662, 14201, 35.89, 12, 0x0000000000000000
2026/09/26 12:44:09.827, P0, 2662, 14201, 35.89, 12, 0x0000000000000000
2026/09/26 12:44:09.891, P0, 2662, 14201, 35.89, 12, 0x0000000000000000
2026/09/26 12:44:09.943, P0, 2662, 14201, 35.89, 12, 0x0000000000000000
2026/09/26 12:44:09.994, P0, 2662, 14201, 35.89, 12, 0x0000000000000000
2026/09/26 12:44:10.044, P0, 2662, 14201, 35.89, 12, 0x0000000000000000
2026/09/26 12:44:10.094, P0, 2662, 14201, 35.89, 12, 0x0000000000000000
2026/09/26 12:44:10.145, P0, 2662, 14201, 35.89, 12, 0x0000000000000000
2026/09/26 12:44:10.211, P0, 2700, 14201, 36.53, 15, 0x0000000000000000
2026/09/26 12:44:10.276, P0, 2700, 14201, 36.53, 15, 0x0000000000000000
2026/09/26 12:44:10.333, P0, 2700, 14201, 36.53, 15, 0x0000000000000000
2026/09/26 12:44:10.394, P0, 2700, 14201, 36.53, 15, 0x0000000000000000
2026/09/26 12:44:10.445, P0, 2700, 14201, 36.53, 15, 0x0000000000000000
2026/09/26 12:44:10.510, P0, 2700, 14201, 36.53, 15, 0x0000000000000000
2026/09/26 12:44:10.561, P0, 2700, 14201, 36.53, 15, 0x0000000000000000
2026/09/26 12:44:10.612, P0, 2700, 14201, 36.53, 15, 0x0000000000000000
2026/09/26 12:44:10.662, P0, 2700, 14201, 36.53, 15, 0x0000000000000000
2026/09/26 12:44:10.727, P0, 2715, 14201, 36.33, 9, 0x0000000000000000
2026/09/26 12:44:10.778, P0, 2715, 14201, 36.33, 9, 0x0000000000000000
2026/09/26 12:44:10.829, P0, 2715, 14201, 36.33, 9, 0x0000000000000000
2026/09/26 12:44:10.895, P0, 2715, 14201, 36.33, 9, 0x0000000000000000
2026/09/26 12:44:10.945, P0, 2715, 14201, 36.33, 9, 0x0000000000000000
2026/09/26 12:44:10.996, P0, 2715, 14201, 36.33, 9, 0x0000000000000000
2026/09/26 12:44:11.062, P0, 2715, 14201, 36.33, 9, 0x0000000000000000
2026/09/26 12:44:11.112, P0, 2715, 14201, 36.33, 9, 0x0000000000000000
2026/09/26 12:44:11.179, P0, 2715, 14201, 36.33, 9, 0x0000000000000000
2026/09/26 12:44:11.229, P0, 2640, 14201, 36.81, 17, 0x0000000000000000
2026/09/26 12:44:11.279, P0, 2640, 14201, 36.81, 17, 0x0000000000000000
2026/09/26 12:44:11.345, P0, 2640, 14201, 36.81, 17, 0x0000000000000000
2026/09/26 12:44:11.396, P0, 2640, 14201, 36.81, 17, 0x0000000000000000
2026/09/26 12:44:11.449, P0, 2640, 14201, 36.81, 17, 0x0000000000000000
2026/09/26 12:44:11.512, P0, 2640, 14201, 36.81, 17, 0x0000000000000000
2026/09/26 12:44:11.563, P0, 2640, 14201, 36.81, 17, 0x0000000000000000
2026/09/26 12:44:11.627, P0, 2640, 14201, 36.81, 17, 0x0000000000000000
2026/09/26 12:44:11.677, P0, 2640, 14201, 36.81, 17, 0x0000000000000000
2026/09/26 12:44:11.741, P1, 2670, 14001, 36.14, 7, 0x0000000000000000
2026/09/26 12:44:11.804, P1, 2670, 14001, 36.14, 7, 0x0000000000000000
2026/09/26 12:44:11.867, P1, 2670, 14001, 36.14, 7, 0x0000000000000000
2026/09/26 12:44:11.930, P1, 2670, 14001, 36.14, 7, 0x0000000000000000
2026/09/26 12:44:11.995, P1, 2670, 14001, 36.14, 7, 0x0000000000000000
2026/09/26 12:44:12.060, P1, 2670, 14001, 36.14, 7, 0x0000000000000000
2026/09/26 12:44:12.112, P1, 2670, 14001, 36.14, 7, 0x0000000000000000
2026/09/26 12:44:12.177, P1, 2670, 14001, 36.14, 7, 0x0000000000000000
2026/09/26 12:44:12.239, P0, 2602, 14201, 36.47, 17, 0x0000000000000000
2026/09/26 12:44:12.303, P0, 2602, 14201, 36.47, 17, 0x0000000000000000
2026/09/26 12:44:12.367, P0, 2602, 14201, 36.47, 17, 0x0000000000000000
2026/09/26 12:44:12.431, P0, 2602, 14201, 36.47, 17, 0x0000000000000000
2026/09/26 12:44:12.496, P0, 2602, 14201, 36.47, 17, 0x0000000000000000
2026/09/26 12:44:12.547, P0, 2602, 14201, 36.47, 17, 0x0000000000000000
2026/09/26 12:44:12.597, P0, 2602, 14201, 36.47, 17, 0x0000000000000000
2026/09/26 12:44:12.663, P0, 2602, 14201, 36.47, 17, 0x0000000000000000
2026/09/26 12:44:12.714, P0, 2662, 14201, 36.41, 11, 0x0000000000000000
2026/09/26 12:44:12.770, P0, 2662, 14201, 36.41, 11, 0x0000000000000000
2026/09/26 12:44:12.830, P0, 2662, 14201, 36.41, 11, 0x0000000000000000
2026/09/26 12:44:12.895, P0, 2662, 14201, 36.41, 11, 0x0000000000000000
2026/09/26 12:44:12.947, P0, 2662, 14201, 36.41, 11, 0x0000000000000000
2026/09/26 12:44:12.998, P0, 2662, 14201, 36.41, 11, 0x0000000000000000
2026/09/26 12:44:13.063, P0, 2662, 14201, 36.41, 11, 0x0000000000000000
2026/09/26 12:44:13.114, P0, 2662, 14201, 36.41, 11, 0x0000000000000000
2026/09/26 12:44:13.165, P0, 2662, 14201, 36.41, 11, 0x0000000000000000
2026/09/26 12:44:13.230, P1, 2677, 14001, 36.15, 7, 0x0000000000000000
2026/09/26 12:44:13.280, P1, 2677, 14001, 36.15, 7, 0x0000000000000000
2026/09/26 12:44:13.331, P1, 2677, 14001, 36.15, 7, 0x0000000000000000
2026/09/26 12:44:13.381, P1, 2677, 14001, 36.15, 7, 0x0000000000000000
2026/09/26 12:44:13.447, P1, 2677, 14001, 36.15, 7, 0x0000000000000000
2026/09/26 12:44:13.498, P1, 2677, 14001, 36.15, 7, 0x0000000000000000
2026/09/26 12:44:13.548, P1, 2677, 14001, 36.15, 7, 0x0000000000000000
2026/09/26 12:44:13.614, P1, 2677, 14001, 36.15, 7, 0x0000000000000000
2026/09/26 12:44:13.665, P1, 2677, 14001, 36.15, 7, 0x0000000000000000
2026/09/26 12:44:13.729, P0, 2655, 14201, 37.07, 15, 0x0000000000000000
2026/09/26 12:44:13.781, P0, 2655, 14201, 37.07, 15, 0x0000000000000000
2026/09/26 12:44:13.832, P0, 2655, 14201, 37.07, 15, 0x0000000000000000
2026/09/26 12:44:13.898, P0, 2655, 14201, 37.07, 15, 0x0000000000000000
2026/09/26 12:44:13.948, P0, 2655, 14201, 37.07, 15, 0x0000000000000000
2026/09/26 12:44:13.999, P0, 2655, 14201, 37.07, 15, 0x0000000000000000
2026/09/26 12:44:14.065, P0, 2655, 14201, 37.07, 15, 0x0000000000000000
2026/09/26 12:44:14.115, P0, 2655, 14201, 37.07, 15, 0x0000000000000000
2026/09/26 12:44:14.181, P0, 2655, 14201, 37.07, 15, 0x0000000000000000
2026/09/26 12:44:14.232, P1, 2700, 14001, 36.69, 3, 0x0000000000000000
2026/09/26 12:44:14.282, P1, 2700, 14001, 36.69, 3, 0x0000000000000000
2026/09/26 12:44:14.348, P1, 2700, 14001, 36.69, 3, 0x0000000000000000
2026/09/26 12:44:14.398, P1, 2700, 14001, 36.69, 3, 0x0000000000000000
2026/09/26 12:44:14.448, P1, 2700, 14001, 36.69, 3, 0x0000000000000000
2026/09/26 12:44:14.499, P1, 2700, 14001, 36.69, 3, 0x0000000000000000
2026/09/26 12:44:14.565, P1, 2700, 14001, 36.69, 3, 0x0000000000000000
2026/09/26 12:44:14.628, P1, 2700, 14001, 36.69, 3, 0x0000000000000000
2026/09/26 12:44:14.682, P1, 2700, 14001, 36.69, 3, 0x0000000000000000
2026/09/26 12:44:14.747, P0, 2632, 14201, 36.97, 13, 0x0000000000000000
2026/09/26 12:44:14.799, P0, 2632, 14201, 36.97, 13, 0x0000000000000000
2026/09/26 12:44:14.863, P0, 2632, 14201, 36.97, 13, 0x0000000000000000
2026/09/26 12:44:14.925, P0, 2632, 14201, 36.97, 13, 0x0000000000000000
2026/09/26 12:44:14.982, P0, 2632, 14201, 36.97, 13, 0x0000000000000000
2026/09/26 12:44:15.032, P0, 2632, 14201, 36.97, 13, 0x0000000000000000
2026/09/26 12:44:15.097, P0, 2632, 14201, 36.97, 13, 0x0000000000000000
2026/09/26 12:44:15.160, P0, 2632, 14201, 36.97, 13, 0x0000000000000000
2026/09/26 12:44:15.223, P0, 2670, 14201, 36.59, 15, 0x0000000000000000
2026/09/26 12:44:15.283, P0, 2670, 14201, 36.59, 15, 0x0000000000000000
2026/09/26 12:44:15.349, P0, 2670, 14201, 36.59, 15, 0x0000000000000000
2026/09/26 12:44:15.413, P0, 2670, 14201, 36.59, 15, 0x0000000000000000
2026/09/26 12:44:15.466, P0, 2670, 14201, 36.59, 15, 0x0000000000000000
2026/09/26 12:44:15.516, P0, 2670, 14201, 36.59, 15, 0x0000000000000000
2026/09/26 12:44:15.584, P0, 2670, 14201, 36.59, 15, 0x0000000000000000
2026/09/26 12:44:15.649, P0, 2670, 14201, 36.59, 15, 0x0000000000000000
2026/09/26 12:44:15.700, P0, 2670, 14201, 36.59, 15, 0x0000000000000000
2026/09/26 12:44:15.750, P0, 2692, 14201, 36.59, 11, 0x0000000000000000
2026/09/26 12:44:15.801, P0, 2692, 14201, 36.59, 11, 0x0000000000000000
2026/09/26 12:44:15.866, P0, 2692, 14201, 36.59, 11, 0x0000000000000000
2026/09/26 12:44:15.917, P0, 2692, 14201, 36.59, 11, 0x0000000000000000
2026/09/26 12:44:15.967, P0, 2692, 14201, 36.59, 11, 0x0000000000000000
2026/09/26 12:44:16.017, P0, 2692, 14201, 36.59, 11, 0x0000000000000000
2026/09/26 12:44:16.083, P0, 2692, 14201, 36.59, 11, 0x0000000000000000
2026/09/26 12:44:16.134, P0, 2692, 14201, 36.59, 11, 0x0000000000000000
2026/09/26 12:44:16.187, P0, 2692, 14201, 36.59, 11, 0x0000000000000000
2026/09/26 12:44:16.250, P0, 2670, 14001, 36.74, 7, 0x0000000000000000
2026/09/26 12:44:16.315, P0, 2670, 14001, 36.74, 7, 0x0000000000000000
2026/09/26 12:44:16.367, P0, 2670, 14001, 36.74, 7, 0x0000000000000000
2026/09/26 12:44:16.417, P0, 2670, 14001, 36.74, 7, 0x0000000000000000
2026/09/26 12:44:16.468, P0, 2670, 14001, 36.74, 7, 0x0000000000000000
2026/09/26 12:44:16.534, P0, 2670, 14001, 36.74, 7, 0x0000000000000000
2026/09/26 12:44:16.585, P0, 2670, 14001, 36.74, 7, 0x0000000000000000
2026/09/26 12:44:16.651, P0, 2670, 14001, 36.74, 7, 0x0000000000000000
2026/09/26 12:44:16.701, P0, 2655, 14201, 37.54, 7, 0x0000000000000000
2026/09/26 12:44:16.752, P0, 2655, 14201, 37.54, 16, 0x0000000000000000
2026/09/26 12:44:16.817, P0, 2655, 14201, 37.54, 16, 0x0000000000000000
2026/09/26 12:44:16.867, P0, 2655, 14201, 37.54, 16, 0x0000000000000000
2026/09/26 12:44:16.918, P0, 2655, 14201, 37.54, 16, 0x0000000000000000
2026/09/26 12:44:16.984, P0, 2655, 14201, 37.54, 16, 0x0000000000000000
2026/09/26 12:44:17.035, P0, 2655, 14201, 37.54, 16, 0x0000000000000000
2026/09/26 12:44:17.101, P0, 2655, 14201, 37.54, 16, 0x0000000000000000
2026/09/26 12:44:17.152, P0, 2655, 14201, 37.54, 16, 0x0000000000000000
2026/09/26 12:44:17.202, P1, 2677, 14001, 36.90, 12, 0x0000000000000000
2026/09/26 12:44:17.253, P1, 2677, 14001, 36.90, 12, 0x0000000000000000
2026/09/26 12:44:17.318, P1, 2677, 14001, 36.90, 12, 0x0000000000000000
2026/09/26 12:44:17.369, P1, 2677, 14001, 36.90, 12, 0x0000000000000000
2026/09/26 12:44:17.435, P1, 2677, 14001, 36.90, 12, 0x0000000000000000
2026/09/26 12:44:17.502, P1, 2677, 14001, 36.90, 12, 0x0000000000000000
2026/09/26 12:44:17.552, P1, 2677, 14001, 36.90, 12, 0x0000000000000000
2026/09/26 12:44:17.618, P1, 2677, 14001, 36.90, 12, 0x0000000000000000
2026/09/26 12:44:17.683, P1, 2677, 14001, 36.90, 12, 0x0000000000000000
2026/09/26 12:44:17.735, P0, 2617, 14201, 36.40, 15, 0x0000000000000000
2026/09/26 12:44:17.788, P0, 2617, 14201, 36.40, 15, 0x0000000000000000
2026/09/26 12:44:17.847, P0, 2617, 14201, 36.40, 15, 0x0000000000000000
2026/09/26 12:44:17.910, P0, 2617, 14201, 36.40, 15, 0x0000000000000000
2026/09/26 12:44:17.968, P0, 2617, 14201, 36.40, 15, 0x0000000000000000
2026/09/26 12:44:18.019, P0, 2617, 14201, 36.40, 15, 0x0000000000000000
2026/09/26 12:44:18.084, P0, 2617, 14201, 36.40, 15, 0x0000000000000000
2026/09/26 12:44:18.135, P0, 2617, 14201, 36.40, 15, 0x0000000000000000
2026/09/26 12:44:18.201, P0, 2617, 14201, 36.40, 15, 0x0000000000000000
2026/09/26 12:44:18.264, P1, 2655, 14001, 36.23, 5, 0x0000000000000000
2026/09/26 12:44:18.328, P1, 2655, 14001, 36.23, 5, 0x0000000000000000
2026/09/26 12:44:18.390, P1, 2655, 14001, 36.23, 5, 0x0000000000000000
2026/09/26 12:44:18.452, P1, 2655, 14001, 36.23, 5, 0x0000000000000000
2026/09/26 12:44:18.503, P1, 2655, 14001, 36.23, 5, 0x0000000000000000
2026/09/26 12:44:18.570, P1, 2655, 14001, 36.23, 5, 0x0000000000000000
2026/09/26 12:44:18.620, P1, 2655, 14001, 36.23, 5, 0x0000000000000000
2026/09/26 12:44:18.671, P1, 2655, 14001, 36.23, 5, 0x0000000000000000
2026/09/26 12:44:18.736, P0, 2602, 14201, 36.58, 16, 0x0000000000000000
2026/09/26 12:44:18.787, P0, 2602, 14201, 36.58, 16, 0x0000000000000000
2026/09/26 12:44:18.838, P0, 2602, 14201, 36.58, 16, 0x0000000000000000
2026/09/26 12:44:18.902, P0, 2602, 14201, 36.58, 16, 0x0000000000000000
2026/09/26 12:44:18.953, P0, 2602, 14201, 36.58, 16, 0x0000000000000000
2026/09/26 12:44:19.003, P0, 2602, 14201, 36.58, 16, 0x0000000000000000
2026/09/26 12:44:19.053, P0, 2602, 14201, 36.58, 16, 0x0000000000000000
2026/09/26 12:44:19.104, P0, 2602, 14201, 36.58, 16, 0x0000000000000000
2026/09/26 12:44:19.170, P0, 2602, 14201, 36.58, 16, 0x0000000000000000
2026/09/26 12:44:19.220, P0, 2707, 14201, 36.80, 15, 0x0000000000000000
2026/09/26 12:44:19.287, P0, 2707, 14201, 36.80, 15, 0x0000000000000000
2026/09/26 12:44:19.338, P0, 2707, 14201, 36.80, 15, 0x0000000000000000
2026/09/26 12:44:19.389, P0, 2707, 14201, 36.80, 15, 0x0000000000000000
2026/09/26 12:44:19.453, P0, 2707, 14201, 36.80, 15, 0x0000000000000000
2026/09/26 12:44:19.503, P0, 2707, 14201, 36.80, 15, 0x0000000000000000
2026/09/26 12:44:19.554, P0, 2707, 14201, 36.80, 15, 0x0000000000000000
2026/09/26 12:44:19.604, P0, 2707, 14201, 36.80, 15, 0x0000000000000000
2026/09/26 12:44:19.670, P0, 2707, 14201, 36.80, 15, 0x0000000000000000
2026/09/26 12:44:19.720, P0, 2647, 14201, 36.68, 17, 0x0000000000000000
2026/09/26 12:44:19.771, P0, 2647, 14201, 36.68, 17, 0x0000000000000000
2026/09/26 12:44:19.824, P0, 2647, 14201, 36.68, 17, 0x0000000000000000
2026/09/26 12:44:19.887, P0, 2647, 14201, 36.68, 17, 0x0000000000000000
2026/09/26 12:44:19.937, P0, 2647, 14201, 36.68, 17, 0x0000000000000000
2026/09/26 12:44:19.987, P0, 2647, 14201, 36.68, 17, 0x0000000000000000
2026/09/26 12:44:20.053, P0, 2647, 14201, 36.68, 17, 0x0000000000000000
2026/09/26 12:44:20.104, P0, 2647, 14201, 36.68, 17, 0x0000000000000000
2026/09/26 12:44:20.171, P0, 2647, 14201, 36.68, 17, 0x0000000000000000
2026/09/26 12:44:20.222, P0, 2700, 14201, 36.98, 15, 0x0000000000000000
2026/09/26 12:44:20.287, P0, 2700, 14201, 36.98, 15, 0x0000000000000000
2026/09/26 12:44:20.338, P0, 2700, 14201, 36.98, 15, 0x0000000000000000
2026/09/26 12:44:20.388, P0, 2700, 14201, 36.98, 15, 0x0000000000000000
2026/09/26 12:44:20.453, P0, 2700, 14201, 36.98, 15, 0x0000000000000000
2026/09/26 12:44:20.504, P0, 2700, 14201, 36.98, 15, 0x0000000000000000
2026/09/26 12:44:20.570, P0, 2700, 14201, 36.98, 15, 0x0000000000000000
2026/09/26 12:44:20.621, P0, 2700, 14201, 36.98, 15, 0x0000000000000000
2026/09/26 12:44:20.671, P0, 2700, 14201, 36.98, 15, 0x0000000000000000
2026/09/26 12:44:20.722, P1, 2677, 14201, 35.92, 14, 0x0000000000000000
2026/09/26 12:44:20.785, P1, 2677, 14201, 35.92, 14, 0x0000000000000000
2026/09/26 12:44:20.848, P1, 2677, 14201, 35.92, 14, 0x0000000000000000
2026/09/26 12:44:20.911, P1, 2677, 14201, 35.92, 14, 0x0000000000000000
2026/09/26 12:44:20.972, P1, 2677, 14201, 35.92, 14, 0x0000000000000000
2026/09/26 12:44:21.037, P1, 2677, 14201, 35.92, 14, 0x0000000000000000
2026/09/26 12:44:21.100, P1, 2677, 14201, 35.92, 14, 0x0000000000000000
2026/09/26 12:44:21.154, P1, 2677, 14201, 35.92, 14, 0x0000000000000000
2026/09/26 12:44:21.204, P1, 2617, 14001, 35.92, 14, 0x0000000000000000
2026/09/26 12:44:21.270, P1, 2617, 14001, 35.92, 14, 0x0000000000000000
2026/09/26 12:44:21.333, P1, 2617, 14001, 35.92, 14, 0x0000000000000000
2026/09/26 12:44:21.397, P1, 2617, 14001, 35.92, 14, 0x0000000000000000
2026/09/26 12:44:21.456, P1, 2617, 14001, 35.92, 14, 0x0000000000000000
2026/09/26 12:44:21.506, P1, 2617, 14001, 35.92, 14, 0x0000000000000000
2026/09/26 12:44:21.557, P1, 2617, 14001, 35.92, 14, 0x0000000000000000
2026/09/26 12:44:21.622, P1, 2617, 14001, 35.92, 14, 0x0000000000000000
2026/09/26 12:44:21.673, P1, 2617, 14001, 35.92, 14, 0x0000000000000000
2026/09/26 12:44:21.738, P1, 2955, 14001, 39.93, 25, 0x0000000000000000
2026/09/26 12:44:21.790, P1, 2955, 14001, 39.93, 25, 0x0000000000000000
2026/09/26 12:44:21.840, P1, 2955, 14001, 39.93, 25, 0x0000000000000000
2026/09/26 12:44:21.899, P1, 2955, 14001, 39.93, 25, 0x0000000000000000
2026/09/26 12:44:21.956, P1, 2955, 14001, 39.93, 25, 0x0000000000000000
2026/09/26 12:44:22.006, P1, 2955, 14001, 39.93, 25, 0x0000000000000000
2026/09/26 12:44:22.057, P1, 2955, 14001, 39.93, 25, 0x0000000000000000
2026/09/26 12:44:22.123, P1, 2955, 14001, 39.93, 25, 0x0000000000000000
2026/09/26 12:44:22.175, P1, 2955, 14001, 39.93, 25, 0x0000000000000000
2026/09/26 12:44:22.240, P1, 2955, 14001, 45.27, 19, 0x0000000000000000
2026/09/26 12:44:22.291, P1, 2955, 14001, 45.27, 19, 0x0000000000000000
2026/09/26 12:44:22.356, P1, 2955, 14001, 45.27, 19, 0x0000000000000000
2026/09/26 12:44:22.406, P1, 2955, 14001, 45.27, 19, 0x0000000000000000
2026/09/26 12:44:22.473, P1, 2955, 14001, 45.27, 19, 0x0000000000000000
2026/09/26 12:44:22.539, P1, 2955, 14001, 45.27, 19, 0x0000000000000000
2026/09/26 12:44:22.590, P1, 2955, 14001, 45.27, 19, 0x0000000000000000
2026/09/26 12:44:22.640, P1, 2955, 14001, 45.27, 19, 0x0000000000000000
2026/09/26 12:44:22.707, P0, 2955, 14201, 43.54, 6, 0x0000000000000000
2026/09/26 12:44:22.757, P0, 2955, 14201, 43.54, 6, 0x0000000000000000
2026/09/26 12:44:22.807, P0, 2955, 14201, 43.54, 6, 0x0000000000000000
2026/09/26 12:44:22.858, P0, 2955, 14201, 43.54, 6, 0x0000000000000000
2026/09/26 12:44:22.923, P0, 2955, 14201, 43.54, 6, 0x0000000000000000
2026/09/26 12:44:22.974, P0, 2955, 14201, 43.54, 6, 0x0000000000000000
2026/09/26 12:44:23.024, P0, 2955, 14201, 43.54, 6, 0x0000000000000000
2026/09/26 12:44:23.075, P0, 2955, 14201, 43.54, 6, 0x0000000000000000
2026/09/26 12:44:23.141, P0, 2955, 14201, 43.54, 6, 0x0000000000000000
2026/09/26 12:44:23.191, P0, 2955, 14201, 43.54, 6, 0x0000000000000000
2026/09/26 12:44:23.257, P1, 2932, 14001, 42.12, 25, 0x0000000000000000
2026/09/26 12:44:23.308, P1, 2932, 14001, 42.12, 25, 0x0000000000000000
2026/09/26 12:44:23.374, P1, 2932, 14001, 42.12, 25, 0x0000000000000000
2026/09/26 12:44:23.425, P1, 2932, 14001, 42.12, 25, 0x0000000000000000
2026/09/26 12:44:23.490, P1, 2932, 14001, 42.12, 25, 0x0000000000000000
2026/09/26 12:44:23.541, P1, 2932, 14001, 42.12, 25, 0x0000000000000000
2026/09/26 12:44:23.592, P1, 2932, 14001, 42.12, 25, 0x0000000000000000
2026/09/26 12:44:23.657, P1, 2932, 14001, 42.12, 25, 0x0000000000000000
2026/09/26 12:44:23.721, P1, 2955, 14001, 42.88, 10, 0x0000000000000000
2026/09/26 12:44:23.775, P1, 2955, 14001, 42.88, 10, 0x0000000000000000
2026/09/26 12:44:23.839, P1, 2955, 14001, 42.88, 10, 0x0000000000000000
2026/09/26 12:44:23.903, P1, 2955, 14001, 42.88, 10, 0x0000000000000000
2026/09/26 12:44:23.958, P1, 2955, 14001, 42.88, 10, 0x0000000000000000
2026/09/26 12:44:24.008, P1, 2955, 14001, 42.88, 10, 0x0000000000000000
2026/09/26 12:44:24.074, P1, 2955, 14001, 42.88, 10, 0x0000000000000000
2026/09/26 12:44:24.124, P1, 2955, 14001, 42.88, 10, 0x0000000000000000
2026/09/26 12:44:24.188, P1, 2955, 14001, 42.88, 10, 0x0000000000000000
2026/09/26 12:44:24.251, P1, 2955, 14001, 45.20, 25, 0x0000000000000000
2026/09/26 12:44:24.308, P1, 2955, 14001, 45.20, 25, 0x0000000000000000
2026/09/26 12:44:24.359, P1, 2955, 14001, 45.20, 25, 0x0000000000000000
2026/09/26 12:44:24.422, P1, 2955, 14001, 45.20, 25, 0x0000000000000000
2026/09/26 12:44:24.475, P1, 2955, 14001, 45.20, 25, 0x0000000000000000
2026/09/26 12:44:24.526, P1, 2955, 14001, 45.20, 25, 0x0000000000000000
2026/09/26 12:44:24.576, P1, 2955, 14001, 45.20, 25, 0x0000000000000000
2026/09/26 12:44:24.642, P1, 2955, 14001, 45.20, 25, 0x0000000000000000
2026/09/26 12:44:24.692, P1, 2955, 14001, 45.20, 25, 0x0000000000000000
2026/09/26 12:44:24.742, P0, 2835, 14201, 41.57, 6, 0x0000000000000000
2026/09/26 12:44:24.793, P0, 2835, 14201, 41.57, 6, 0x0000000000000000
2026/09/26 12:44:24.848, P0, 2835, 14201, 41.57, 6, 0x0000000000000000
2026/09/26 12:44:24.909, P0, 2835, 14201, 41.57, 6, 0x0000000000000000
2026/09/26 12:44:24.959, P0, 2835, 14201, 41.57, 6, 0x0000000000000000
2026/09/26 12:44:25.009, P0, 2835, 14201, 41.57, 6, 0x0000000000000000
2026/09/26 12:44:25.060, P0, 2835, 14201, 41.57, 6, 0x0000000000000000
2026/09/26 12:44:25.110, P0, 2835, 14201, 41.57, 6, 0x0000000000000000
2026/09/26 12:44:25.163, P0, 2835, 14201, 41.57, 6, 0x0000000000000000
2026/09/26 12:44:25.214, P1, 2940, 14001, 40.60, 25, 0x0000000000000000
2026/09/26 12:44:25.276, P1, 2940, 14001, 40.60, 25, 0x0000000000000000
2026/09/26 12:44:25.327, P1, 2940, 14001, 40.60, 25, 0x0000000000000000
2026/09/26 12:44:25.393, P1, 2940, 14001, 40.60, 25, 0x0000000000000000
2026/09/26 12:44:25.444, P1, 2940, 14001, 40.60, 25, 0x0000000000000000
2026/09/26 12:44:25.494, P1, 2940, 14001, 40.60, 25, 0x0000000000000000
2026/09/26 12:44:25.560, P1, 2940, 14001, 40.60, 25, 0x0000000000000000
2026/09/26 12:44:25.610, P1, 2940, 14001, 40.60, 25, 0x0000000000000000
2026/09/26 12:44:25.661, P1, 2940, 14001, 40.60, 25, 0x0000000000000000
2026/09/26 12:44:25.713, P1, 2955, 14001, 44.32, 18, 0x0000000000000000
2026/09/26 12:44:25.777, P1, 2955, 14001, 44.32, 18, 0x0000000000000000
2026/09/26 12:44:25.827, P1, 2955, 14001, 44.32, 18, 0x0000000000000000
2026/09/26 12:44:25.879, P1, 2955, 14001, 44.32, 18, 0x0000000000000000
2026/09/26 12:44:25.943, P1, 2955, 14001, 44.32, 18, 0x0000000000000000
2026/09/26 12:44:25.993, P1, 2955, 14001, 44.32, 18, 0x0000000000000000
2026/09/26 12:44:26.044, P1, 2955, 14001, 44.32, 18, 0x0000000000000000
2026/09/26 12:44:26.094, P1, 2955, 14001, 44.32, 18, 0x0000000000000000
2026/09/26 12:44:26.145, P1, 2955, 14001, 44.32, 18, 0x0000000000000000
2026/09/26 12:44:26.211, P1, 2955, 14201, 44.45, 11, 0x0000000000000000
2026/09/26 12:44:26.261, P1, 2955, 14201, 44.45, 11, 0x0000000000000000
2026/09/26 12:44:26.327, P1, 2955, 14201, 44.45, 11, 0x0000000000000000
2026/09/26 12:44:26.378, P1, 2955, 14201, 44.45, 11, 0x0000000000000000
2026/09/26 12:44:26.444, P1, 2955, 14201, 44.45, 11, 0x0000000000000000
2026/09/26 12:44:26.495, P1, 2955, 14201, 44.45, 11, 0x0000000000000000
2026/09/26 12:44:26.561, P1, 2955, 14201, 44.45, 11, 0x0000000000000000
2026/09/26 12:44:26.624, P1, 2955, 14201, 44.45, 11, 0x0000000000000000
2026/09/26 12:44:26.687, P1, 2955, 14201, 44.45, 11, 0x0000000000000000
2026/09/26 12:44:26.751, P1, 2955, 14001, 43.68, 25, 0x0000000000000000
2026/09/26 12:44:26.814, P1, 2955, 14001, 43.68, 25, 0x0000000000000000
2026/09/26 12:44:26.877, P1, 2955, 14001, 43.68, 25, 0x0000000000000000
2026/09/26 12:44:26.929, P1, 2955, 14001, 43.68, 25, 0x0000000000000000
2026/09/26 12:44:26.993, P1, 2955, 14001, 43.68, 25, 0x0000000000000000
2026/09/26 12:44:27.044, P1, 2955, 14001, 43.68, 25, 0x0000000000000000
2026/09/26 12:44:27.107, P1, 2955, 14001, 43.68, 25, 0x0000000000000000
2026/09/26 12:44:27.170, P1, 2955, 14001, 43.68, 25, 0x0000000000000000
2026/09/26 12:44:27.233, P1, 2955, 14001, 43.88, 22, 0x0000000000000000
2026/09/26 12:44:27.296, P1, 2955, 14001, 43.88, 22, 0x0000000000000000
2026/09/26 12:44:27.360, P1, 2955, 14001, 43.88, 22, 0x0000000000000000
2026/09/26 12:44:27.423, P1, 2955, 14001, 43.88, 22, 0x0000000000000000
2026/09/26 12:44:27.478, P1, 2955, 14001, 43.88, 22, 0x0000000000000000
2026/09/26 12:44:27.529, P1, 2955, 14001, 43.88, 22, 0x0000000000000000
2026/09/26 12:44:27.582, P1, 2955, 14001, 43.88, 22, 0x0000000000000000
2026/09/26 12:44:27.642, P1, 2955, 14001, 43.88, 22, 0x0000000000000000
2026/09/26 12:44:27.695, P1, 2955, 14001, 43.88, 22, 0x0000000000000000
2026/09/26 12:44:27.746, P0, 2955, 14001, 44.42, 8, 0x0000000000000000
2026/09/26 12:44:27.796, P0, 2955, 14001, 44.42, 8, 0x0000000000000000
2026/09/26 12:44:27.847, P0, 2955, 14001, 44.42, 8, 0x0000000000000000
2026/09/26 12:44:27.912, P0, 2955, 14001, 44.42, 8, 0x0000000000000000
2026/09/26 12:44:27.963, P0, 2955, 14001, 44.42, 8, 0x0000000000000000
2026/09/26 12:44:28.028, P0, 2955, 14001, 44.42, 8, 0x0000000000000000
2026/09/26 12:44:28.079, P0, 2955, 14001, 44.42, 8, 0x0000000000000000
2026/09/26 12:44:28.130, P0, 2955, 14001, 44.42, 8, 0x0000000000000000
2026/09/26 12:44:28.196, P0, 2955, 14001, 44.42, 8, 0x0000000000000000
2026/09/26 12:44:28.247, P1, 2827, 14001, 42.30, 25, 0x0000000000000000
2026/09/26 12:44:28.310, P1, 2827, 14001, 42.30, 25, 0x0000000000000000
2026/09/26 12:44:28.362, P1, 2827, 14001, 42.30, 25, 0x0000000000000000
2026/09/26 12:44:28.413, P1, 2827, 14001, 42.30, 25, 0x0000000000000000
2026/09/26 12:44:28.463, P1, 2827, 14001, 42.30, 25, 0x0000000000000000
2026/09/26 12:44:28.517, P1, 2827, 14001, 42.30, 25, 0x0000000000000000
2026/09/26 12:44:28.579, P1, 2827, 14001, 42.30, 25, 0x0000000000000000
2026/09/26 12:44:28.630, P1, 2827, 14001, 42.30, 25, 0x0000000000000000
2026/09/26 12:44:28.696, P1, 2827, 14001, 42.30, 25, 0x0000000000000000
2026/09/26 12:44:28.763, P1, 2955, 14001, 43.44, 21, 0x0000000000000000
2026/09/26 12:44:28.814, P1, 2955, 14001, 43.44, 21, 0x0000000000000000
2026/09/26 12:44:28.879, P1, 2955, 14001, 43.44, 21, 0x0000000000000000
2026/09/26 12:44:28.930, P1, 2955, 14001, 43.44, 21, 0x0000000000000000
2026/09/26 12:44:28.981, P1, 2955, 14001, 43.44, 21, 0x0000000000000000
2026/09/26 12:44:29.047, P1, 2955, 14001, 43.44, 21, 0x0000000000000000
2026/09/26 12:44:29.097, P1, 2955, 14001, 43.44, 21, 0x0000000000000000
2026/09/26 12:44:29.148, P1, 2955, 14001, 43.44, 21, 0x0000000000000000
2026/09/26 12:44:29.213, P1, 2955, 14001, 45.56, 18, 0x0000000000000000
2026/09/26 12:44:29.264, P1, 2955, 14001, 45.56, 18, 0x0000000000000000
2026/09/26 12:44:29.330, P1, 2955, 14001, 45.56, 18, 0x0000000000000000
2026/09/26 12:44:29.380, P1, 2955, 14001, 45.56, 18, 0x0000000000000000
2026/09/26 12:44:29.431, P1, 2955, 14001, 45.56, 18, 0x0000000000000000
2026/09/26 12:44:29.497, P1, 2955, 14001, 45.56, 18, 0x0000000000000000
2026/09/26 12:44:29.563, P1, 2955, 14001, 45.56, 18, 0x0000000000000000
2026/09/26 12:44:29.613, P1, 2955, 14001, 45.56, 18, 0x0000000000000000
2026/09/26 12:44:29.677, P1, 2955, 14001, 45.56, 18, 0x0000000000000000
2026/09/26 12:44:29.731, P1, 2715, 14001, 41.00, 5, 0x0000000000000000
2026/09/26 12:44:29.795, P1, 2715, 14001, 41.00, 5, 0x0000000000000000
2026/09/26 12:44:29.858, P1, 2715, 14001, 41.00, 5, 0x0000000000000000
2026/09/26 12:44:29.921, P1, 2715, 14001, 41.00, 5, 0x0000000000000000
2026/09/26 12:44:29.981, P1, 2715, 14001, 41.00, 5, 0x0000000000000000
2026/09/26 12:44:30.046, P1, 2715, 14001, 41.00, 5, 0x0000000000000000
2026/09/26 12:44:30.109, P1, 2715, 14001, 41.00, 5, 0x0000000000000000
2026/09/26 12:44:30.164, P1, 2715, 14001, 41.00, 5, 0x0000000000000000
2026/09/26 12:44:30.228, P1, 2955, 14001, 40.97, 19, 0x0000000000000000
2026/09/26 12:44:30.290, P1, 2955, 14001, 40.97, 19, 0x0000000000000000
2026/09/26 12:44:30.354, P1, 2955, 14001, 40.97, 19, 0x0000000000000000
2026/09/26 12:44:30.406, P1, 2955, 14001, 40.97, 19, 0x0000000000000000
2026/09/26 12:44:30.465, P1, 2955, 14001, 40.97, 19, 0x0000000000000000
2026/09/26 12:44:30.515, P1, 2955, 14001, 40.97, 19, 0x0000000000000000
2026/09/26 12:44:30.566, P1, 2955, 14001, 40.97, 19, 0x0000000000000000
2026/09/26 12:44:30.622, P1, 2955, 14001, 40.97, 19, 0x0000000000000000
2026/09/26 12:44:30.682, P1, 2955, 14001, 40.97, 19, 0x0000000000000000
2026/09/26 12:44:30.732, P1, 2955, 14001, 44.18, 17, 0x0000000000000000
2026/09/26 12:44:30.798, P1, 2955, 14001, 44.18, 17, 0x0000000000000000
2026/09/26 12:44:30.849, P1, 2955, 14001, 44.18, 17, 0x0000000000000000
2026/09/26 12:44:30.915, P1, 2955, 14001, 44.18, 17, 0x0000000000000000
2026/09/26 12:44:30.965, P1, 2955, 14001, 44.18, 17, 0x0000000000000000
2026/09/26 12:44:31.016, P1, 2955, 14001, 44.18, 17, 0x0000000000000000
2026/09/26 12:44:31.071, P1, 2955, 14001, 44.18, 17, 0x0000000000000000
2026/09/26 12:44:31.132, P1, 2955, 14001, 44.18, 17, 0x0000000000000000
2026/09/26 12:44:31.182, P1, 2955, 14001, 44.18, 17, 0x0000000000000000
2026/09/26 12:44:31.233, P1, 2955, 14001, 43.92, 6, 0x0000000000000000
2026/09/26 12:44:31.286, P1, 2955, 14001, 43.92, 6, 0x0000000000000000
2026/09/26 12:44:31.349, P1, 2955, 14001, 43.92, 6, 0x0000000000000000
2026/09/26 12:44:31.400, P1, 2955, 14001, 43.92, 6, 0x0000000000000000
2026/09/26 12:44:31.466, P1, 2955, 14001, 43.92, 6, 0x0000000000000000
2026/09/26 12:44:31.517, P1, 2955, 14001, 43.92, 6, 0x0000000000000000
2026/09/26 12:44:31.582, P1, 2955, 14001, 43.92, 6, 0x0000000000000000
2026/09/26 12:44:31.633, P1, 2955, 14001, 43.92, 6, 0x0000000000000000
2026/09/26 12:44:31.683, P1, 2955, 14001, 43.92, 6, 0x0000000000000000
2026/09/26 12:44:31.750, P1, 2955, 14001, 43.66, 9, 0x0000000000000000
2026/09/26 12:44:31.800, P1, 2955, 14001, 43.66, 9, 0x0000000000000000
2026/09/26 12:44:31.866, P1, 2955, 14001, 43.66, 9, 0x0000000000000000
2026/09/26 12:44:31.916, P1, 2955, 14001, 43.66, 9, 0x0000000000000000
2026/09/26 12:44:31.967, P1, 2955, 14001, 43.66, 9, 0x0000000000000000
2026/09/26 12:44:32.033, P1, 2955, 14001, 43.66, 9, 0x0000000000000000
2026/09/26 12:44:32.084, P1, 2955, 14001, 43.66, 9, 0x0000000000000000
2026/09/26 12:44:32.150, P1, 2955, 14001, 43.66, 9, 0x0000000000000000
2026/09/26 12:44:32.201, P1, 2955, 14001, 43.66, 9, 0x0000000000000000
2026/09/26 12:44:32.267, P1, 2955, 14001, 44.28, 17, 0x0000000000000000
2026/09/26 12:44:32.317, P1, 2955, 14001, 44.28, 17, 0x0000000000000000
2026/09/26 12:44:32.383, P1, 2955, 14001, 44.28, 17, 0x0000000000000000
2026/09/26 12:44:32.434, P1, 2955, 14001, 44.28, 17, 0x0000000000000000
2026/09/26 12:44:32.500, P1, 2955, 14001, 44.28, 17, 0x0000000000000000
2026/09/26 12:44:32.550, P1, 2955, 14001, 44.28, 17, 0x0000000000000000
2026/09/26 12:44:32.601, P1, 2955, 14001, 44.28, 17, 0x0000000000000000
2026/09/26 12:44:32.667, P1, 2955, 14001, 44.28, 17, 0x0000000000000000
2026/09/26 12:44:32.729, P1, 2955, 14001, 45.43, 17, 0x0000000000000000
2026/09/26 12:44:32.784, P1, 2955, 14001, 45.43, 17, 0x0000000000000000
2026/09/26 12:44:32.849, P1, 2955, 14001, 45.43, 17, 0x0000000000000000
2026/09/26 12:44:32.911, P1, 2955, 14001, 45.43, 17, 0x0000000000000000
2026/09/26 12:44:32.967, P1, 2955, 14001, 45.43, 17, 0x0000000000000000
2026/09/26 12:44:33.032, P1, 2955, 14001, 45.43, 17, 0x0000000000000000
2026/09/26 12:44:33.084, P1, 2955, 14001, 45.43, 17, 0x0000000000000000
2026/09/26 12:44:33.149, P1, 2955, 14001, 45.43, 17, 0x0000000000000000
2026/09/26 12:44:33.214, P1, 2955, 14001, 44.38, 8, 0x0000000000000000
2026/09/26 12:44:33.277, P1, 2955, 14001, 44.38, 8, 0x0000000000000000
2026/09/26 12:44:33.333, P1, 2955, 14001, 44.38, 8, 0x0000000000000000
2026/09/26 12:44:33.399, P1, 2955, 14001, 44.38, 8, 0x0000000000000000
2026/09/26 12:44:33.451, P1, 2955, 14001, 44.38, 8, 0x0000000000000000
2026/09/26 12:44:33.501, P1, 2955, 14001, 44.38, 8, 0x0000000000000000
2026/09/26 12:44:33.551, P1, 2955, 14001, 44.38, 8, 0x0000000000000000
2026/09/26 12:44:33.602, P1, 2955, 14001, 44.38, 8, 0x0000000000000000
2026/09/26 12:44:33.668, P1, 2955, 14001, 44.38, 8, 0x0000000000000000
2026/09/26 12:44:33.719, P1, 2797, 14001, 42.16, 25, 0x0000000000000000
2026/09/26 12:44:33.769, P1, 2797, 14001, 42.16, 25, 0x0000000000000000
2026/09/26 12:44:33.835, P1, 2797, 14001, 42.16, 25, 0x0000000000000000
2026/09/26 12:44:33.886, P1, 2797, 14001, 42.16, 25, 0x0000000000000000
2026/09/26 12:44:33.936, P1, 2797, 14001, 42.16, 25, 0x0000000000000000
2026/09/26 12:44:34.001, P1, 2797, 14001, 42.16, 25, 0x0000000000000000
2026/09/26 12:44:34.051, P1, 2797, 14001, 42.16, 25, 0x0000000000000000
2026/09/26 12:44:34.103, P1, 2797, 14001, 42.16, 25, 0x0000000000000000
2026/09/26 12:44:34.168, P1, 2797, 14001, 42.16, 25, 0x0000000000000000
2026/09/26 12:44:34.219, P1, 2955, 14001, 42.54, 25, 0x0000000000000000
2026/09/26 12:44:34.270, P1, 2955, 14001, 42.54, 25, 0x0000000000000000
2026/09/26 12:44:34.335, P1, 2955, 14001, 42.54, 25, 0x0000000000000000
2026/09/26 12:44:34.386, P1, 2955, 14001, 42.54, 25, 0x0000000000000000
2026/09/26 12:44:34.452, P1, 2955, 14001, 42.54, 25, 0x0000000000000000
2026/09/26 12:44:34.518, P1, 2955, 14001, 42.54, 25, 0x0000000000000000
2026/09/26 12:44:34.569, P1, 2955, 14001, 42.54, 25, 0x0000000000000000
2026/09/26 12:44:34.620, P1, 2955, 14001, 42.54, 25, 0x0000000000000000
2026/09/26 12:44:34.686, P1, 2955, 14001, 42.54, 25, 0x0000000000000000
2026/09/26 12:44:34.737, P1, 2955, 14001, 45.73, 17, 0x0000000000000000
2026/09/26 12:44:34.802, P1, 2955, 14001, 45.73, 17, 0x0000000000000000
2026/09/26 12:44:34.853, P1, 2955, 14001, 45.73, 17, 0x0000000000000000
2026/09/26 12:44:34.903, P1, 2955, 14001, 45.73, 17, 0x0000000000000000
2026/09/26 12:44:34.953, P1, 2955, 14001, 45.73, 17, 0x0000000000000000
2026/09/26 12:44:35.019, P1, 2955, 14001, 45.73, 17, 0x0000000000000000
2026/09/26 12:44:35.070, P1, 2955, 14001, 45.73, 17, 0x0000000000000000
2026/09/26 12:44:35.135, P1, 2955, 14001, 45.73, 17, 0x0000000000000000
2026/09/26 12:44:35.186, P1, 2955, 14001, 45.73, 17, 0x0000000000000000
2026/09/26 12:44:35.252, P1, 2752, 14001, 41.23, 3, 0x0000000000000000
2026/09/26 12:44:35.303, P1, 2752, 14001, 41.23, 3, 0x0000000000000000
2026/09/26 12:44:35.354, P1, 2752, 14001, 41.23, 3, 0x0000000000000000
2026/09/26 12:44:35.420, P1, 2752, 14001, 41.23, 3, 0x0000000000000000
2026/09/26 12:44:35.471, P1, 2752, 14001, 41.23, 3, 0x0000000000000000
2026/09/26 12:44:35.536, P1, 2752, 14001, 41.23, 3, 0x0000000000000000
2026/09/26 12:44:35.587, P1, 2752, 14001, 41.23, 3, 0x0000000000000000
2026/09/26 12:44:35.652, P1, 2752, 14001, 41.23, 3, 0x0000000000000000
2026/09/26 12:44:35.715, P1, 2955, 14001, 41.03, 25, 0x0000000000000000
2026/09/26 12:44:35.778, P1, 2955, 14001, 41.03, 25, 0x0000000000000000
2026/09/26 12:44:35.842, P1, 2955, 14001, 41.03, 25, 0x0000000000000000
2026/09/26 12:44:35.906, P1, 2955, 14001, 41.03, 25, 0x0000000000000000
2026/09/26 12:44:35.970, P1, 2955, 14001, 41.03, 25, 0x0000000000000000
2026/09/26 12:44:36.037, P1, 2955, 14001, 41.03, 25, 0x0000000000000000
2026/09/26 12:44:36.087, P1, 2955, 14001, 41.03, 25, 0x0000000000000000
2026/09/26 12:44:36.151, P1, 2955, 14001, 41.03, 25, 0x0000000000000000
2026/09/26 12:44:36.214, P1, 2955, 14001, 45.50, 23, 0x0000000000000000
2026/09/26 12:44:36.277, P1, 2955, 14001, 45.50, 23, 0x0000000000000000
2026/09/26 12:44:36.340, P1, 2955, 14001, 45.50, 23, 0x0000000000000000
2026/09/26 12:44:36.402, P1, 2955, 14001, 45.50, 23, 0x0000000000000000
2026/09/26 12:44:36.454, P1, 2955, 14001, 45.50, 23, 0x0000000000000000
2026/09/26 12:44:36.504, P1, 2955, 14001, 45.50, 23, 0x0000000000000000
2026/09/26 12:44:36.555, P1, 2955, 14001, 45.50, 23, 0x0000000000000000
2026/09/26 12:44:36.605, P1, 2955, 14001, 45.50, 23, 0x0000000000000000
2026/09/26 12:44:36.665, P1, 2955, 14001, 45.50, 23, 0x0000000000000000
2026/09/26 12:44:36.721, P1, 2955, 14201, 44.63, 9, 0x0000000000000000
2026/09/26 12:44:36.771, P1, 2955, 14201, 44.63, 9, 0x0000000000000000
2026/09/26 12:44:36.824, P1, 2955, 14201, 44.63, 9, 0x0000000000000000
2026/09/26 12:44:36.888, P1, 2955, 14201, 44.63, 9, 0x0000000000000000
2026/09/26 12:44:36.938, P1, 2955, 14201, 44.63, 9, 0x0000000000000000
2026/09/26 12:44:36.989, P1, 2955, 14201, 44.63, 9, 0x0000000000000000
2026/09/26 12:44:37.054, P1, 2955, 14201, 44.63, 9, 0x0000000000000000
2026/09/26 12:44:37.105, P1, 2955, 14201, 44.63, 9, 0x0000000000000000
2026/09/26 12:44:37.155, P1, 2955, 14201, 44.63, 9, 0x0000000000000000
2026/09/26 12:44:37.206, P1, 2955, 14201, 44.63, 9, 0x0000000000000000
2026/09/26 12:44:37.271, P1, 2955, 14001, 44.39, 22, 0x0000000000000000
2026/09/26 12:44:37.322, P1, 2955, 14001, 44.39, 22, 0x0000000000000000
2026/09/26 12:44:37.373, P1, 2955, 14001, 44.39, 22, 0x0000000000000000
2026/09/26 12:44:37.438, P1, 2955, 14001, 44.39, 22, 0x0000000000000000
2026/09/26 12:44:37.489, P1, 2955, 14001, 44.39, 22, 0x0000000000000000
2026/09/26 12:44:37.540, P1, 2955, 14001, 44.39, 22, 0x0000000000000000
2026/09/26 12:44:37.605, P1, 2955, 14001, 44.39, 22, 0x0000000000000000
2026/09/26 12:44:37.655, P1, 2955, 14001, 44.39, 22, 0x0000000000000000
2026/09/26 12:44:37.706, P1, 2955, 14001, 44.39, 22, 0x0000000000000000
2026/09/26 12:44:37.756, P1, 2955, 14001, 44.36, 12, 0x0000000000000000
2026/09/26 12:44:37.822, P1, 2955, 14001, 44.36, 12, 0x0000000000000000
2026/09/26 12:44:37.873, P1, 2955, 14001, 44.36, 12, 0x0000000000000000
2026/09/26 12:44:37.939, P1, 2955, 14001, 44.36, 12, 0x0000000000000000
2026/09/26 12:44:37.989, P1, 2955, 14001, 44.36, 12, 0x0000000000000000
2026/09/26 12:44:38.039, P1, 2955, 14001, 44.36, 12, 0x0000000000000000
2026/09/26 12:44:38.089, P1, 2955, 14001, 44.36, 12, 0x0000000000000000
2026/09/26 12:44:38.140, P1, 2955, 14001, 44.36, 12, 0x0000000000000000
2026/09/26 12:44:38.206, P1, 2955, 14001, 44.36, 12, 0x0000000000000000
2026/09/26 12:44:38.256, P1, 2955, 14001, 45.69, 9, 0x0000000000000000
2026/09/26 12:44:38.307, P1, 2955, 14001, 45.69, 9, 0x0000000000000000
2026/09/26 12:44:38.372, P1, 2955, 14001, 45.69, 9, 0x0000000000000000
2026/09/26 12:44:38.423, P1, 2955, 14001, 45.69, 9, 0x0000000000000000
2026/09/26 12:44:38.487, P1, 2955, 14001, 45.69, 9, 0x0000000000000000
2026/09/26 12:44:38.540, P1, 2955, 14001, 45.69, 9, 0x0000000000000000
2026/09/26 12:44:38.591, P1, 2955, 14001, 45.69, 9, 0x0000000000000000
2026/09/26 12:44:38.655, P1, 2955, 14001, 45.69, 9, 0x0000000000000000
2026/09/26 12:44:38.719, P1, 2625, 14001, 40.47, 22, 0x0000000000000000
2026/09/26 12:44:38.782, P1, 2625, 14001, 40.47, 22, 0x0000000000000000
2026/09/26 12:44:38.844, P1, 2625, 14001, 40.47, 22, 0x0000000000000000
2026/09/26 12:44:38.907, P1, 2625, 14001, 40.47, 22, 0x0000000000000000
2026/09/26 12:44:38.958, P1, 2625, 14001, 40.47, 22, 0x0000000000000000
2026/09/26 12:44:39.023, P1, 2625, 14001, 40.47, 22, 0x0000000000000000
2026/09/26 12:44:39.086, P1, 2625, 14001, 40.47, 22, 0x0000000000000000
2026/09/26 12:44:39.140, P1, 2625, 14001, 40.47, 22, 0x0000000000000000
2026/09/26 12:44:39.205, P1, 2625, 14001, 40.47, 22, 0x0000000000000000
2026/09/26 12:44:39.268, P1, 2955, 14001, 40.46, 25, 0x0000000000000000
2026/09/26 12:44:39.331, P1, 2955, 14001, 40.46, 25, 0x0000000000000000
2026/09/26 12:44:39.394, P1, 2955, 14001, 40.46, 25, 0x0000000000000000
2026/09/26 12:44:39.457, P1, 2955, 14001, 40.46, 25, 0x0000000000000000
2026/09/26 12:44:39.508, P1, 2955, 14001, 40.46, 25, 0x0000000000000000
2026/09/26 12:44:39.560, P1, 2955, 14001, 40.46, 25, 0x0000000000000000
2026/09/26 12:44:39.624, P1, 2955, 14001, 40.46, 25, 0x0000000000000000
2026/09/26 12:44:39.674, P1, 2955, 14001, 40.46, 25, 0x0000000000000000
2026/09/26 12:44:39.725, P1, 2955, 14001, 45.70, 25, 0x0000000000000000
2026/09/26 12:44:39.777, P1, 2955, 14001, 45.70, 25, 0x0000000000000000
2026/09/26 12:44:39.841, P1, 2955, 14001, 45.70, 25, 0x0000000000000000
2026/09/26 12:44:39.892, P1, 2955, 14001, 45.70, 25, 0x0000000000000000
2026/09/26 12:44:39.943, P1, 2955, 14001, 45.70, 25, 0x0000000000000000
2026/09/26 12:44:40.008, P1, 2955, 14001, 45.70, 25, 0x0000000000000000
2026/09/26 12:44:40.058, P1, 2955, 14001, 45.70, 25, 0x0000000000000000
2026/09/26 12:44:40.108, P1, 2955, 14001, 45.70, 25, 0x0000000000000000
2026/09/26 12:44:40.159, P1, 2955, 14001, 45.70, 25, 0x0000000000000000
2026/09/26 12:44:40.223, P1, 2865, 14001, 44.28, 25, 0x0000000000000000
2026/09/26 12:44:40.275, P1, 2865, 14001, 44.28, 25, 0x0000000000000000
2026/09/26 12:44:40.325, P1, 2865, 14001, 44.28, 25, 0x0000000000000000
2026/09/26 12:44:40.376, P1, 2865, 14001, 44.28, 25, 0x0000000000000000
2026/09/26 12:44:40.441, P1, 2865, 14001, 44.28, 25, 0x0000000000000000
2026/09/26 12:44:40.508, P1, 2865, 14001, 44.28, 25, 0x0000000000000000
2026/09/26 12:44:40.559, P1, 2865, 14001, 44.28, 25, 0x0000000000000000
2026/09/26 12:44:40.610, P1, 2865, 14001, 44.28, 25, 0x0000000000000000
2026/09/26 12:44:40.664, P1, 2865, 14001, 44.28, 25, 0x0000000000000000
2026/09/26 12:44:40.726, P1, 2955, 14001, 44.24, 21, 0x0000000000000000
2026/09/26 12:44:40.792, P1, 2955, 14001, 44.24, 21, 0x0000000000000000
2026/09/26 12:44:40.843, P1, 2955, 14001, 44.24, 21, 0x0000000000000000
2026/09/26 12:44:40.909, P1, 2955, 14001, 44.24, 21, 0x0000000000000000
2026/09/26 12:44:40.960, P1, 2955, 14001, 44.24, 21, 0x0000000000000000
2026/09/26 12:44:41.026, P1, 2955, 14001, 44.24, 21, 0x0000000000000000
2026/09/26 12:44:41.077, P1, 2955, 14001, 44.24, 21, 0x0000000000000000
2026/09/26 12:44:41.142, P1, 2955, 14001, 44.24, 21, 0x0000000000000000
2026/09/26 12:44:41.192, P1, 2955, 14001, 44.24, 21, 0x0000000000000000
2026/09/26 12:44:41.259, P1, 2955, 14001, 45.79, 25, 0x0000000000000000
2026/09/26 12:44:41.309, P1, 2955, 14001, 45.79, 25, 0x0000000000000000
2026/09/26 12:44:41.360, P1, 2955, 14001, 45.79, 25, 0x0000000000000000
2026/09/26 12:44:41.426, P1, 2955, 14001, 45.79, 25, 0x0000000000000000
2026/09/26 12:44:41.476, P1, 2955, 14001, 45.79, 25, 0x0000000000000000
2026/09/26 12:44:41.543, P1, 2955, 14001, 45.79, 25, 0x0000000000000000
2026/09/26 12:44:41.595, P1, 2955, 14001, 45.79, 25, 0x0000000000000000
2026/09/26 12:44:41.658, P1, 2955, 14001, 45.79, 25, 0x0000000000000000
2026/09/26 12:44:41.725, P1, 2722, 14001, 42.37, 23, 0x0000000000000000
2026/09/26 12:44:41.776, P1, 2722, 14001, 42.37, 23, 0x0000000000000000
2026/09/26 12:44:41.826, P1, 2722, 14001, 42.37, 23, 0x0000000000000000
2026/09/26 12:44:41.890, P1, 2722, 14001, 42.37, 23, 0x0000000000000000
2026/09/26 12:44:41.944, P1, 2722, 14001, 42.37, 23, 0x0000000000000000
2026/09/26 12:44:41.995, P1, 2722, 14001, 42.37, 23, 0x0000000000000000
2026/09/26 12:44:42.060, P1, 2722, 14001, 42.37, 23, 0x0000000000000000
2026/09/26 12:44:42.124, P1, 2722, 14001, 42.37, 23, 0x0000000000000000
2026/09/26 12:44:42.187, P1, 2722, 14001, 42.37, 23, 0x0000000000000000
2026/09/26 12:44:42.251, P1, 2955, 14001, 42.33, 25, 0x0000000000000000
2026/09/26 12:44:42.312, P1, 2955, 14001, 42.33, 25, 0x0000000000000000
2026/09/26 12:44:42.377, P1, 2955, 14001, 42.33, 25, 0x0000000000000000
2026/09/26 12:44:42.428, P1, 2955, 14001, 42.33, 25, 0x0000000000000000
2026/09/26 12:44:42.479, P1, 2955, 14001, 42.33, 25, 0x0000000000000000
2026/09/26 12:44:42.544, P1, 2955, 14001, 42.33, 25, 0x0000000000000000
2026/09/26 12:44:42.610, P1, 2955, 14001, 42.33, 25, 0x0000000000000000
2026/09/26 12:44:42.660, P1, 2955, 14001, 42.33, 25, 0x0000000000000000
2026/09/26 12:44:42.711, P1, 2955, 14001, 45.74, 25, 0x0000000000000000
2026/09/26 12:44:42.762, P1, 2955, 14001, 45.74, 25, 0x0000000000000000
2026/09/26 12:44:42.812, P1, 2955, 14001, 45.74, 25, 0x0000000000000000
2026/09/26 12:44:42.864, P1, 2955, 14001, 45.74, 25, 0x0000000000000000
2026/09/26 12:44:42.927, P1, 2955, 14001, 45.74, 25, 0x0000000000000000
2026/09/26 12:44:42.978, P1, 2955, 14001, 45.74, 25, 0x0000000000000000
2026/09/26 12:44:43.028, P1, 2955, 14001, 45.74, 25, 0x0000000000000000
2026/09/26 12:44:43.094, P1, 2955, 14001, 45.74, 25, 0x0000000000000000
2026/09/26 12:44:43.144, P1, 2955, 14001, 45.74, 25, 0x0000000000000000
2026/09/26 12:44:43.195, P1, 2955, 14001, 45.74, 25, 0x0000000000000000
2026/09/26 12:44:43.246, P1, 2812, 14001, 42.74, 13, 0x0000000000000000
2026/09/26 12:44:43.311, P1, 2812, 14001, 42.74, 13, 0x0000000000000000
2026/09/26 12:44:43.361, P1, 2812, 14001, 42.74, 13, 0x0000000000000000
2026/09/26 12:44:43.427, P1, 2812, 14001, 42.74, 13, 0x0000000000000000
2026/09/26 12:44:43.478, P1, 2812, 14001, 42.74, 13, 0x0000000000000000
2026/09/26 12:44:43.529, P1, 2812, 14001, 42.74, 13, 0x0000000000000000
2026/09/26 12:44:43.595, P1, 2812, 14001, 42.74, 13, 0x0000000000000000
2026/09/26 12:44:43.646, P1, 2812, 14001, 42.74, 13, 0x0000000000000000
2026/09/26 12:44:43.696, P1, 2812, 14001, 42.74, 13, 0x0000000000000000
2026/09/26 12:44:43.762, P1, 2955, 14001, 42.81, 25, 0x0000000000000000
2026/09/26 12:44:43.813, P1, 2955, 14001, 42.81, 25, 0x0000000000000000
2026/09/26 12:44:43.878, P1, 2955, 14001, 42.81, 25, 0x0000000000000000
2026/09/26 12:44:43.928, P1, 2955, 14001, 42.81, 25, 0x0000000000000000
2026/09/26 12:44:43.996, P1, 2955, 14001, 42.81, 25, 0x0000000000000000
2026/09/26 12:44:44.046, P1, 2955, 14001, 42.81, 25, 0x0000000000000000
2026/09/26 12:44:44.099, P1, 2955, 14001, 42.81, 25, 0x0000000000000000
2026/09/26 12:44:44.162, P1, 2955, 14001, 42.81, 25, 0x0000000000000000
2026/09/26 12:44:44.212, P1, 2955, 14001, 45.92, 25, 0x0000000000000000
2026/09/26 12:44:44.263, P1, 2955, 14001, 45.92, 25, 0x0000000000000000
2026/09/26 12:44:44.329, P1, 2955, 14001, 45.92, 25, 0x0000000000000000
2026/09/26 12:44:44.396, P1, 2955, 14001, 45.92, 25, 0x0000000000000000
2026/09/26 12:44:44.446, P1, 2955, 14001, 45.92, 25, 0x0000000000000000
2026/09/26 12:44:44.512, P1, 2955, 14001, 45.92, 25, 0x0000000000000000
2026/09/26 12:44:44.563, P1, 2955, 14001, 45.92, 25, 0x0000000000000000
2026/09/26 12:44:44.626, P1, 2955, 14001, 45.92, 25, 0x0000000000000000
2026/09/26 12:44:44.680, P1, 2955, 14001, 45.92, 25, 0x0000000000000000
2026/09/26 12:44:44.731, P1, 2850, 14001, 42.85, 11, 0x0000000000000000
2026/09/26 12:44:44.794, P1, 2850, 14001, 42.85, 11, 0x0000000000000000
2026/09/26 12:44:44.857, P1, 2850, 14001, 42.85, 11, 0x0000000000000000
2026/09/26 12:44:44.920, P1, 2850, 14001, 42.85, 11, 0x0000000000000000
2026/09/26 12:44:44.980, P1, 2850, 14001, 42.85, 11, 0x0000000000000000
2026/09/26 12:44:45.044, P1, 2850, 14001, 42.85, 11, 0x0000000000000000
2026/09/26 12:44:45.098, P1, 2850, 14001, 42.85, 11, 0x0000000000000000
2026/09/26 12:44:45.161, P1, 2850, 14001, 42.85, 11, 0x0000000000000000
2026/09/26 12:44:45.224, P1, 2955, 14001, 42.75, 25, 0x0000000000000000
2026/09/26 12:44:45.287, P1, 2955, 14001, 42.75, 25, 0x0000000000000000
2026/09/26 12:44:45.350, P1, 2955, 14001, 42.75, 25, 0x0000000000000000
2026/09/26 12:44:45.413, P1, 2955, 14001, 42.75, 25, 0x0000000000000000
2026/09/26 12:44:45.464, P1, 2955, 14001, 42.75, 25, 0x0000000000000000
2026/09/26 12:44:45.514, P1, 2955, 14001, 42.75, 25, 0x0000000000000000
2026/09/26 12:44:45.566, P1, 2955, 14001, 42.75, 25, 0x0000000000000000
2026/09/26 12:44:45.630, P1, 2955, 14001, 42.75, 25, 0x0000000000000000
2026/09/26 12:44:45.681, P1, 2955, 14001, 42.75, 25, 0x0000000000000000
2026/09/26 12:44:45.747, P1, 2955, 14001, 44.78, 25, 0x0000000000000000
2026/09/26 12:44:45.797, P1, 2955, 14001, 44.78, 25, 0x0000000000000000
2026/09/26 12:44:45.847, P1, 2955, 14001, 44.78, 25, 0x0000000000000000
2026/09/26 12:44:45.897, P1, 2955, 14001, 44.78, 25, 0x0000000000000000
2026/09/26 12:44:45.948, P1, 2955, 14001, 44.78, 25, 0x0000000000000000
2026/09/26 12:44:45.998, P1, 2955, 14001, 44.78, 25, 0x0000000000000000
2026/09/26 12:44:46.064, P1, 2955, 14001, 44.78, 25, 0x0000000000000000
2026/09/26 12:44:46.114, P1, 2955, 14001, 44.78, 25, 0x0000000000000000
2026/09/26 12:44:46.167, P1, 2955, 14001, 44.78, 25, 0x0000000000000000
2026/09/26 12:44:46.231, P0, 2955, 14201, 43.29, 4, 0x0000000000000000
2026/09/26 12:44:46.281, P0, 2955, 14201, 43.29, 4, 0x0000000000000000
2026/09/26 12:44:46.331, P0, 2955, 14201, 43.29, 4, 0x0000000000000000
2026/09/26 12:44:46.398, P0, 2955, 14201, 43.29, 4, 0x0000000000000000
2026/09/26 12:44:46.448, P0, 2955, 14201, 43.29, 4, 0x0000000000000000
2026/09/26 12:44:46.499, P0, 2955, 14201, 43.29, 4, 0x0000000000000000
2026/09/26 12:44:46.565, P0, 2955, 14201, 43.29, 4, 0x0000000000000000
2026/09/26 12:44:46.616, P0, 2955, 14201, 43.29, 4, 0x0000000000000000
2026/09/26 12:44:46.682, P0, 2955, 14201, 43.29, 4, 0x0000000000000000
2026/09/26 12:44:46.733, P1, 2947, 14001, 42.25, 25, 0x0000000000000000
2026/09/26 12:44:46.798, P1, 2947, 14001, 42.25, 25, 0x0000000000000000
2026/09/26 12:44:46.849, P1, 2947, 14001, 42.25, 25, 0x0000000000000000
2026/09/26 12:44:46.899, P1, 2947, 14001, 42.25, 25, 0x0000000000000000
2026/09/26 12:44:46.950, P1, 2947, 14001, 42.25, 25, 0x0000000000000000
2026/09/26 12:44:47.015, P1, 2947, 14001, 42.25, 25, 0x0000000000000000
2026/09/26 12:44:47.065, P1, 2947, 14001, 42.25, 25, 0x0000000000000000
2026/09/26 12:44:47.116, P1, 2947, 14001, 42.25, 25, 0x0000000000000000
2026/09/26 12:44:47.182, P1, 2947, 14001, 42.25, 25, 0x0000000000000000
2026/09/26 12:44:47.232, P1, 2955, 14001, 43.81, 25, 0x0000000000000000
2026/09/26 12:44:47.283, P1, 2955, 14001, 43.81, 25, 0x0000000000000000
2026/09/26 12:44:47.335, P1, 2955, 14001, 43.81, 25, 0x0000000000000000
2026/09/26 12:44:47.398, P1, 2955, 14001, 43.81, 25, 0x0000000000000000
2026/09/26 12:44:47.450, P1, 2955, 14001, 43.81, 25, 0x0000000000000000
2026/09/26 12:44:47.516, P1, 2955, 14001, 43.81, 25, 0x0000000000000000
2026/09/26 12:44:47.582, P1, 2955, 14001, 43.81, 25, 0x0000000000000000
2026/09/26 12:44:47.633, P1, 2955, 14001, 43.81, 25, 0x0000000000000000
2026/09/26 12:44:47.697, P1, 2955, 14001, 43.81, 25, 0x0000000000000000
2026/09/26 12:44:47.760, P0, 2955, 14201, 43.79, 6, 0x0000000000000000
2026/09/26 12:44:47.823, P0, 2955, 14201, 43.79, 6, 0x0000000000000000
2026/09/26 12:44:47.886, P0, 2955, 14201, 43.79, 6, 0x0000000000000000
2026/09/26 12:44:47.949, P0, 2955, 14201, 43.79, 6, 0x0000000000000000
2026/09/26 12:44:48.000, P0, 2955, 14201, 43.79, 6, 0x0000000000000000
2026/09/26 12:44:48.066, P0, 2955, 14201, 43.79, 6, 0x0000000000000000
2026/09/26 12:44:48.117, P0, 2955, 14201, 43.79, 6, 0x0000000000000000
2026/09/26 12:44:48.182, P0, 2955, 14201, 43.79, 6, 0x0000000000000000
2026/09/26 12:44:48.246, P1, 2932, 14001, 42.69, 16, 0x0000000000000000
2026/09/26 12:44:48.308, P1, 2932, 14001, 42.69, 16, 0x0000000000000000
2026/09/26 12:44:48.372, P1, 2932, 14001, 42.69, 16, 0x0000000000000000
2026/09/26 12:44:48.434, P1, 2932, 14001, 42.69, 16, 0x0000000000000000
2026/09/26 12:44:48.500, P1, 2932, 14001, 42.69, 16, 0x0000000000000000
2026/09/26 12:44:48.551, P1, 2932, 14001, 42.69, 16, 0x0000000000000000
2026/09/26 12:44:48.603, P1, 2932, 14001, 42.69, 16, 0x0000000000000000
2026/09/26 12:44:48.667, P1, 2932, 14001, 42.69, 16, 0x0000000000000000
2026/09/26 12:44:48.734, P1, 2955, 14001, 43.38, 17, 0x0000000000000000
2026/09/26 12:44:48.784, P1, 2955, 14001, 43.38, 17, 0x0000000000000000
2026/09/26 12:44:48.850, P1, 2955, 14001, 43.38, 17, 0x0000000000000000
2026/09/26 12:44:48.900, P1, 2955, 14001, 43.38, 17, 0x0000000000000000
2026/09/26 12:44:48.951, P1, 2955, 14001, 43.38, 17, 0x0000000000000000
2026/09/26 12:44:49.017, P1, 2955, 14001, 43.38, 17, 0x0000000000000000
2026/09/26 12:44:49.068, P1, 2955, 14001, 43.38, 17, 0x0000000000000000
2026/09/26 12:44:49.132, P1, 2955, 14001, 43.38, 17, 0x0000000000000000
2026/09/26 12:44:49.183, P1, 2955, 14001, 43.38, 17, 0x0000000000000000
2026/09/26 12:44:49.235, P1, 2955, 14001, 45.65, 19, 0x0000000000000000
2026/09/26 12:44:49.285, P1, 2955, 14001, 45.65, 19, 0x0000000000000000
2026/09/26 12:44:49.337, P1, 2955, 14001, 45.65, 19, 0x0000000000000000
2026/09/26 12:44:49.400, P1, 2955, 14001, 45.65, 19, 0x0000000000000000
2026/09/26 12:44:49.451, P1, 2955, 14001, 45.65, 19, 0x0000000000000000
2026/09/26 12:44:49.501, P1, 2955, 14001, 45.65, 19, 0x0000000000000000
2026/09/26 12:44:49.552, P1, 2955, 14001, 45.65, 19, 0x0000000000000000
2026/09/26 12:44:49.618, P1, 2955, 14001, 45.65, 19, 0x0000000000000000
2026/09/26 12:44:49.668, P1, 2955, 14001, 45.65, 19, 0x0000000000000000
2026/09/26 12:44:49.719, P1, 2670, 14001, 40.89, 9, 0x0000000000000000
2026/09/26 12:44:49.784, P1, 2670, 14001, 40.89, 9, 0x0000000000000000
2026/09/26 12:44:49.834, P1, 2670, 14001, 40.89, 9, 0x0000000000000000
2026/09/26 12:44:49.885, P1, 2670, 14001, 40.89, 9, 0x0000000000000000
2026/09/26 12:44:49.951, P1, 2670, 14001, 40.89, 9, 0x0000000000000000
2026/09/26 12:44:50.002, P1, 2670, 14001, 40.89, 9, 0x0000000000000000
2026/09/26 12:44:50.067, P1, 2670, 14001, 40.89, 9, 0x0000000000000000
2026/09/26 12:44:50.118, P1, 2670, 14001, 40.89, 9, 0x0000000000000000
2026/09/26 12:44:50.168, P1, 2670, 14001, 40.89, 9, 0x0000000000000000
2026/09/26 12:44:50.219, P1, 2955, 14001, 40.42, 25, 0x0000000000000000
2026/09/26 12:44:50.285, P1, 2955, 14001, 40.42, 25, 0x0000000000000000
2026/09/26 12:44:50.351, P1, 2955, 14001, 40.42, 25, 0x0000000000000000
2026/09/26 12:44:50.401, P1, 2955, 14001, 40.42, 25, 0x0000000000000000
2026/09/26 12:44:50.452, P1, 2955, 14001, 40.42, 25, 0x0000000000000000
2026/09/26 12:44:50.503, P1, 2955, 14001, 40.42, 25, 0x0000000000000000
2026/09/26 12:44:50.567, P1, 2955, 14001, 40.42, 25, 0x0000000000000000
2026/09/26 12:44:50.618, P1, 2955, 14001, 40.42, 25, 0x0000000000000000
2026/09/26 12:44:50.683, P1, 2955, 14001, 40.42, 25, 0x0000000000000000
2026/09/26 12:44:50.735, P1, 2955, 14001, 45.72, 25, 0x0000000000000000
2026/09/26 12:44:50.787, P1, 2955, 14001, 45.72, 25, 0x0000000000000000
2026/09/26 12:44:50.852, P1, 2955, 14001, 45.72, 25, 0x0000000000000000
2026/09/26 12:44:50.915, P1, 2955, 14001, 45.72, 25, 0x0000000000000000
2026/09/26 12:44:50.970, P1, 2955, 14001, 45.72, 25, 0x0000000000000000
2026/09/26 12:44:51.036, P1, 2955, 14001, 45.72, 25, 0x0000000000000000
2026/09/26 12:44:51.101, P1, 2955, 14001, 45.72, 25, 0x0000000000000000
2026/09/26 12:44:51.163, P1, 2955, 14001, 45.72, 25, 0x0000000000000000
2026/09/26 12:44:51.216, P1, 2955, 14201, 43.19, 4, 0x0000000000000000
2026/09/26 12:44:51.280, P1, 2955, 14201, 43.19, 4, 0x0000000000000000
2026/09/26 12:44:51.336, P1, 2955, 14201, 43.19, 4, 0x0000000000000000
2026/09/26 12:44:51.386, P1, 2955, 14201, 43.19, 4, 0x0000000000000000
2026/09/26 12:44:51.436, P1, 2955, 14201, 43.19, 4, 0x0000000000000000
2026/09/26 12:44:51.487, P1, 2955, 14201, 43.19, 4, 0x0000000000000000
2026/09/26 12:44:51.553, P1, 2955, 14201, 43.19, 4, 0x0000000000000000
2026/09/26 12:44:51.619, P1, 2955, 14201, 43.19, 4, 0x0000000000000000
2026/09/26 12:44:51.670, P1, 2955, 14201, 43.19, 4, 0x0000000000000000
2026/09/26 12:44:51.736, P1, 2955, 14001, 42.31, 25, 0x0000000000000000
2026/09/26 12:44:51.787, P1, 2955, 14001, 42.31, 25, 0x0000000000000000
2026/09/26 12:44:51.838, P1, 2955, 14001, 42.31, 25, 0x0000000000000000
2026/09/26 12:44:51.903, P1, 2955, 14001, 42.31, 25, 0x0000000000000000
2026/09/26 12:44:51.954, P1, 2955, 14001, 42.31, 25, 0x0000000000000000
2026/09/26 12:44:52.004, P1, 2955, 14001, 42.31, 25, 0x0000000000000000
2026/09/26 12:44:52.069, P1, 2955, 14001, 42.31, 25, 0x0000000000000000
2026/09/26 12:44:52.120, P1, 2955, 14001, 42.31, 25, 0x0000000000000000
2026/09/26 12:44:52.170, P1, 2955, 14001, 42.31, 25, 0x0000000000000000
2026/09/26 12:44:52.221, P1, 2955, 14001, 43.89, 22, 0x0000000000000000
2026/09/26 12:44:52.287, P1, 2955, 14001, 43.89, 22, 0x0000000000000000
2026/09/26 12:44:52.337, P1, 2955, 14001, 43.89, 22, 0x0000000000000000
2026/09/26 12:44:52.404, P1, 2955, 14001, 43.89, 22, 0x0000000000000000
2026/09/26 12:44:52.470, P1, 2955, 14001, 43.89, 22, 0x0000000000000000
2026/09/26 12:44:52.520, P1, 2955, 14001, 43.89, 22, 0x0000000000000000
2026/09/26 12:44:52.571, P1, 2955, 14001, 43.89, 22, 0x0000000000000000
2026/09/26 12:44:52.621, P1, 2955, 14001, 43.89, 22, 0x0000000000000000
2026/09/26 12:44:52.671, P1, 2955, 14001, 43.89, 22, 0x0000000000000000
2026/09/26 12:44:52.737, P0, 2955, 14201, 45.83, 14, 0x0000000000000000
2026/09/26 12:44:52.788, P0, 2955, 14201, 45.83, 14, 0x0000000000000000
2026/09/26 12:44:52.839, P0, 2955, 14201, 45.83, 14, 0x0000000000000000
2026/09/26 12:44:52.904, P0, 2955, 14201, 45.83, 14, 0x0000000000000000
2026/09/26 12:44:52.955, P0, 2955, 14201, 45.83, 14, 0x0000000000000000
2026/09/26 12:44:53.021, P0, 2955, 14201, 45.83, 14, 0x0000000000000000
2026/09/26 12:44:53.072, P0, 2955, 14201, 45.83, 14, 0x0000000000000000
2026/09/26 12:44:53.138, P0, 2955, 14201, 45.83, 14, 0x0000000000000000
2026/09/26 12:44:53.189, P0, 2955, 14201, 45.83, 14, 0x0000000000000000
2026/09/26 12:44:53.239, P1, 2730, 14001, 42.65, 13, 0x0000000000000000
2026/09/26 12:44:53.305, P1, 2730, 14001, 42.65, 13, 0x0000000000000000
2026/09/26 12:44:53.356, P1, 2730, 14001, 42.65, 13, 0x0000000000000000
2026/09/26 12:44:53.421, P1, 2730, 14001, 42.65, 13, 0x0000000000000000
2026/09/26 12:44:53.471, P1, 2730, 14001, 42.65, 13, 0x0000000000000000
2026/09/26 12:44:53.528, P1, 2730, 14001, 42.65, 13, 0x0000000000000000
2026/09/26 12:44:53.588, P1, 2730, 14001, 42.65, 13, 0x0000000000000000
2026/09/26 12:44:53.638, P1, 2730, 14001, 42.65, 13, 0x0000000000000000
2026/09/26 12:44:53.688, P1, 2730, 14001, 42.65, 13, 0x0000000000000000
2026/09/26 12:44:53.753, P1, 2955, 14001, 42.26, 9, 0x0000000000000000
2026/09/26 12:44:53.816, P1, 2955, 14001, 42.26, 9, 0x0000000000000000
2026/09/26 12:44:53.878, P1, 2955, 14001, 42.26, 9, 0x0000000000000000
2026/09/26 12:44:53.943, P1, 2955, 14001, 42.26, 9, 0x0000000000000000
2026/09/26 12:44:54.004, P1, 2955, 14001, 42.26, 9, 0x0000000000000000
2026/09/26 12:44:54.055, P1, 2955, 14001, 42.26, 9, 0x0000000000000000
2026/09/26 12:44:54.106, P1, 2955, 14001, 42.26, 9, 0x0000000000000000
2026/09/26 12:44:54.172, P1, 2955, 14001, 42.26, 9, 0x0000000000000000
2026/09/26 12:44:54.234, P1, 2955, 14001, 45.80, 25, 0x0000000000000000
2026/09/26 12:44:54.296, P1, 2955, 14001, 45.80, 25, 0x0000000000000000
2026/09/26 12:44:54.359, P1, 2955, 14001, 45.80, 25, 0x0000000000000000
2026/09/26 12:44:54.421, P1, 2955, 14001, 45.80, 25, 0x0000000000000000
2026/09/26 12:44:54.472, P1, 2955, 14001, 45.80, 25, 0x0000000000000000
2026/09/26 12:44:54.522, P1, 2955, 14001, 45.80, 25, 0x0000000000000000
2026/09/26 12:44:54.572, P1, 2955, 14001, 45.80, 25, 0x0000000000000000
2026/09/26 12:44:54.623, P1, 2955, 14001, 45.80, 25, 0x0000000000000000
2026/09/26 12:44:54.673, P1, 2955, 14001, 45.80, 25, 0x0000000000000000
2026/09/26 12:44:54.739, P1, 2955, 14001, 44.25, 13, 0x0000000000000000
2026/09/26 12:44:54.789, P1, 2955, 14001, 44.25, 13, 0x0000000000000000
2026/09/26 12:44:54.839, P1, 2955, 14001, 44.25, 13, 0x0000000000000000
2026/09/26 12:44:54.906, P1, 2955, 14001, 44.25, 13, 0x0000000000000000
2026/09/26 12:44:54.957, P1, 2955, 14001, 44.25, 13, 0x0000000000000000
2026/09/26 12:44:55.007, P1, 2955, 14001, 44.25, 13, 0x0000000000000000
2026/09/26 12:44:55.073, P1, 2955, 14001, 44.25, 13, 0x0000000000000000
2026/09/26 12:44:55.124, P1, 2955, 14001, 44.25, 13, 0x0000000000000000
2026/09/26 12:44:55.190, P1, 2955, 14001, 44.25, 13, 0x0000000000000000
2026/09/26 12:44:55.241, P1, 2955, 14001, 44.30, 25, 0x0000000000000000
2026/09/26 12:44:55.306, P1, 2955, 14001, 44.30, 25, 0x0000000000000000
2026/09/26 12:44:55.357, P1, 2955, 14001, 44.30, 25, 0x0000000000000000
2026/09/26 12:44:55.423, P1, 2955, 14001, 44.30, 25, 0x0000000000000000
2026/09/26 12:44:55.474, P1, 2955, 14001, 44.30, 25, 0x0000000000000000
2026/09/26 12:44:55.540, P1, 2955, 14001, 44.30, 25, 0x0000000000000000
2026/09/26 12:44:55.591, P1, 2955, 14001, 44.30, 25, 0x0000000000000000
2026/09/26 12:44:55.657, P1, 2955, 14001, 44.30, 25, 0x0000000000000000
2026/09/26 12:44:55.707, P1, 2955, 14001, 44.30, 25, 0x0000000000000000
2026/09/26 12:44:55.758, P1, 2955, 14001, 45.91, 22, 0x0000000000000000
2026/09/26 12:44:55.824, P1, 2955, 14001, 45.91, 22, 0x0000000000000000
2026/09/26 12:44:55.874, P1, 2955, 14001, 45.91, 22, 0x0000000000000000
2026/09/26 12:44:55.924, P1, 2955, 14001, 45.91, 22, 0x0000000000000000
2026/09/26 12:44:55.975, P1, 2955, 14001, 45.91, 22, 0x0000000000000000
2026/09/26 12:44:56.040, P1, 2955, 14001, 45.91, 22, 0x0000000000000000
2026/09/26 12:44:56.092, P1, 2955, 14001, 45.91, 22, 0x0000000000000000
2026/09/26 12:44:56.142, P1, 2955, 14001, 45.91, 22, 0x0000000000000000
2026/09/26 12:44:56.194, P1, 2955, 14001, 45.91, 22, 0x0000000000000000
2026/09/26 12:44:56.257, P0, 2955, 14201, 45.98, 14, 0x0000000000000000
2026/09/26 12:44:56.308, P0, 2955, 14201, 45.98, 14, 0x0000000000000000
2026/09/26 12:44:56.358, P0, 2955, 14201, 45.98, 14, 0x0000000000000000
2026/09/26 12:44:56.424, P0, 2955, 14201, 45.98, 14, 0x0000000000000000
2026/09/26 12:44:56.475, P0, 2955, 14201, 45.98, 14, 0x0000000000000000
2026/09/26 12:44:56.541, P0, 2955, 14201, 45.98, 14, 0x0000000000000000
2026/09/26 12:44:56.591, P0, 2955, 14201, 45.98, 14, 0x0000000000000000
2026/09/26 12:44:56.641, P0, 2955, 14201, 45.98, 14, 0x0000000000000000
2026/09/26 12:44:56.706, P0, 2955, 14201, 45.98, 14, 0x0000000000000000
2026/09/26 12:44:56.769, P1, 2692, 14001, 42.25, 22, 0x0000000000000000
2026/09/26 12:44:56.832, P1, 2692, 14001, 42.25, 22, 0x0000000000000000
2026/09/26 12:44:56.896, P1, 2692, 14001, 42.25, 22, 0x0000000000000000
2026/09/26 12:44:56.958, P1, 2692, 14001, 42.25, 22, 0x0000000000000000
2026/09/26 12:44:57.025, P1, 2692, 14001, 42.25, 22, 0x0000000000000000
2026/09/26 12:44:57.087, P1, 2692, 14001, 42.25, 22, 0x0000000000000000
2026/09/26 12:44:57.150, P1, 2692, 14001, 42.25, 22, 0x0000000000000000
2026/09/26 12:44:57.208, P1, 2692, 14001, 42.25, 22, 0x0000000000000000
2026/09/26 12:44:57.272, P1, 2955, 14001, 42.21, 25, 0x0000000000000000
2026/09/26 12:44:57.325, P1, 2955, 14001, 42.21, 25, 0x0000000000000000
2026/09/26 12:44:57.388, P1, 2955, 14001, 42.21, 25, 0x0000000000000000
2026/09/26 12:44:57.442, P1, 2955, 14001, 42.21, 25, 0x0000000000000000
2026/09/26 12:44:57.492, P1, 2955, 14001, 42.21, 25, 0x0000000000000000
2026/09/26 12:44:57.542, P1, 2955, 14001, 42.21, 25, 0x0000000000000000
2026/09/26 12:44:57.593, P1, 2955, 14001, 42.21, 25, 0x0000000000000000
2026/09/26 12:44:57.644, P1, 2955, 14001, 42.21, 25, 0x0000000000000000
2026/09/26 12:44:57.710, P1, 2955, 14001, 42.21, 25, 0x0000000000000000
2026/09/26 12:44:57.760, P1, 2955, 14001, 45.90, 17, 0x0000000000000000
2026/09/26 12:44:57.826, P1, 2955, 14001, 45.90, 17, 0x0000000000000000
2026/09/26 12:44:57.877, P1, 2955, 14001, 45.90, 17, 0x0000000000000000
2026/09/26 12:44:57.942, P1, 2955, 14001, 45.90, 17, 0x0000000000000000
2026/09/26 12:44:57.993, P1, 2955, 14001, 45.90, 17, 0x0000000000000000
2026/09/26 12:44:58.058, P1, 2955, 14001, 45.90, 17, 0x0000000000000000
2026/09/26 12:44:58.109, P1, 2955, 14001, 45.90, 17, 0x0000000000000000
2026/09/26 12:44:58.160, P1, 2955, 14001, 45.90, 17, 0x0000000000000000
2026/09/26 12:44:58.210, P1, 2955, 14001, 45.90, 17, 0x0000000000000000
2026/09/26 12:44:58.276, P1, 2782, 14001, 42.61, 7, 0x0000000000000000
2026/09/26 12:44:58.326, P1, 2782, 14001, 42.61, 7, 0x0000000000000000
2026/09/26 12:44:58.393, P1, 2782, 14001, 42.61, 7, 0x0000000000000000
2026/09/26 12:44:58.444, P1, 2782, 14001, 42.61, 7, 0x0000000000000000
2026/09/26 12:44:58.508, P1, 2782, 14001, 42.61, 7, 0x0000000000000000
2026/09/26 12:44:58.560, P1, 2782, 14001, 42.61, 7, 0x0000000000000000
2026/09/26 12:44:58.611, P1, 2782, 14001, 42.61, 7, 0x0000000000000000
2026/09/26 12:44:58.677, P1, 2782, 14001, 42.61, 7, 0x0000000000000000
2026/09/26 12:44:58.727, P1, 2955, 14001, 42.58, 17, 0x0000000000000000
2026/09/26 12:44:58.777, P1, 2955, 14001, 42.58, 17, 0x0000000000000000
2026/09/26 12:44:58.841, P1, 2955, 14001, 42.58, 17, 0x0000000000000000
2026/09/26 12:44:58.904, P1, 2955, 14001, 42.58, 17, 0x0000000000000000
2026/09/26 12:44:58.960, P1, 2955, 14001, 42.58, 17, 0x0000000000000000
2026/09/26 12:44:59.011, P1, 2955, 14001, 42.58, 17, 0x0000000000000000
2026/09/26 12:44:59.077, P1, 2955, 14001, 42.58, 17, 0x0000000000000000
2026/09/26 12:44:59.144, P1, 2955, 14001, 42.58, 17, 0x0000000000000000
2026/09/26 12:44:59.194, P1, 2955, 14001, 42.58, 17, 0x0000000000000000
2026/09/26 12:44:59.259, P1, 2955, 14001, 45.97, 22, 0x0000000000000000
2026/09/26 12:44:59.311, P1, 2955, 14001, 45.97, 22, 0x0000000000000000
2026/09/26 12:44:59.377, P1, 2955, 14001, 45.97, 22, 0x0000000000000000
2026/09/26 12:44:59.427, P1, 2955, 14001, 45.97, 22, 0x0000000000000000
2026/09/26 12:44:59.478, P1, 2955, 14001, 45.97, 22, 0x0000000000000000
2026/09/26 12:44:59.542, P1, 2955, 14001, 45.97, 22, 0x0000000000000000
2026/09/26 12:44:59.594, P1, 2955, 14001, 45.97, 22, 0x0000000000000000
2026/09/26 12:44:59.658, P1, 2955, 14001, 45.97, 22, 0x0000000000000000
2026/09/26 12:44:59.721, P1, 2955, 14001, 45.99, 9, 0x0000000000000000
2026/09/26 12:44:59.775, P1, 2955, 14001, 45.99, 9, 0x0000000000000000
2026/09/26 12:44:59.827, P1, 2955, 14001, 45.99, 9, 0x0000000000000000
2026/09/26 12:44:59.892, P1, 2955, 14001, 45.99, 9, 0x0000000000000000
2026/09/26 12:44:59.944, P1, 2955, 14001, 45.99, 9, 0x0000000000000000
2026/09/26 12:44:59.995, P1, 2955, 14001, 45.99, 9, 0x0000000000000000
2026/09/26 12:45:00.058, P1, 2955, 14001, 45.99, 9, 0x0000000000000000
2026/09/26 12:45:00.122, P1, 2955, 14001, 45.99, 9, 0x0000000000000000
2026/09/26 12:45:00.185, P1, 2955, 14001, 45.99, 9, 0x0000000000000000
2026/09/26 12:45:00.249, P1, 2685, 14001, 40.76, 2, 0x0000000000000000
2026/09/26 12:45:00.312, P1, 2685, 14001, 40.76, 2, 0x0000000000000000
2026/09/26 12:45:00.376, P1, 2685, 14001, 40.76, 2, 0x0000000000000000
2026/09/26 12:45:00.427, P1, 2685, 14001, 40.76, 2, 0x0000000000000000
2026/09/26 12:45:00.479, P1, 2685, 14001, 40.76, 2, 0x0000000000000000
2026/09/26 12:45:00.530, P1, 2685, 14001, 40.76, 2, 0x0000000000000000
2026/09/26 12:45:00.595, P1, 2685, 14001, 40.76, 2, 0x0000000000000000
2026/09/26 12:45:00.645, P1, 2685, 14001, 40.76, 2, 0x0000000000000000
2026/09/26 12:45:00.696, P1, 2685, 14001, 40.76, 2, 0x0000000000000000
2026/09/26 12:45:00.762, P1, 2955, 14001, 39.90, 16, 0x0000000000000000
2026/09/26 12:45:00.812, P1, 2955, 14001, 39.90, 16, 0x0000000000000000
2026/09/26 12:45:00.864, P1, 2955, 14001, 39.90, 16, 0x0000000000000000
2026/09/26 12:45:00.929, P1, 2955, 14001, 39.90, 16, 0x0000000000000000
2026/09/26 12:45:00.979, P1, 2955, 14001, 39.90, 16, 0x0000000000000000
2026/09/26 12:45:01.030, P1, 2955, 14001, 39.90, 16, 0x0000000000000000
2026/09/26 12:45:01.080, P1, 2955, 14001, 39.90, 16, 0x0000000000000000
2026/09/26 12:45:01.146, P1, 2955, 14001, 39.90, 16, 0x0000000000000000
2026/09/26 12:45:01.196, P1, 2955, 14001, 39.90, 16, 0x0000000000000000
2026/09/26 12:45:01.247, P1, 2955, 14001, 44.08, 26, 0x0000000000000000
2026/09/26 12:45:01.298, P1, 2955, 14001, 44.08, 26, 0x0000000000000000
2026/09/26 12:45:01.363, P1, 2955, 14001, 44.08, 26, 0x0000000000000000
2026/09/26 12:45:01.414, P1, 2955, 14001, 44.08, 26, 0x0000000000000000
2026/09/26 12:45:01.479, P1, 2955, 14001, 44.08, 26, 0x0000000000000000
2026/09/26 12:45:01.530, P1, 2955, 14001, 44.08, 26, 0x0000000000000000
2026/09/26 12:45:01.580, P1, 2955, 14001, 44.08, 26, 0x0000000000000000
2026/09/26 12:45:01.646, P1, 2955, 14001, 44.08, 26, 0x0000000000000000
2026/09/26 12:45:01.697, P1, 2955, 14001, 44.08, 26, 0x0000000000000000
2026/09/26 12:45:01.752, P1, 2940, 14001, 45.92, 13, 0x0000000000000000
2026/09/26 12:45:01.813, P1, 2940, 14001, 45.92, 13, 0x0000000000000000
2026/09/26 12:45:01.864, P1, 2940, 14001, 45.92, 13, 0x0000000000000000
2026/09/26 12:45:01.928, P1, 2940, 14001, 45.92, 13, 0x0000000000000000
2026/09/26 12:45:01.980, P1, 2940, 14001, 45.92, 13, 0x0000000000000000
2026/09/26 12:45:02.031, P1, 2940, 14001, 45.92, 13, 0x0000000000000000
2026/09/26 12:45:02.097, P1, 2940, 14001, 45.92, 13, 0x0000000000000000
2026/09/26 12:45:02.147, P1, 2940, 14001, 45.92, 13, 0x0000000000000000
2026/09/26 12:45:02.198, P1, 2940, 14001, 45.92, 13, 0x0000000000000000
2026/09/26 12:45:02.263, P1, 2857, 14001, 44.16, 23, 0x0000000000000000
2026/09/26 12:45:02.314, P1, 2857, 14001, 44.16, 23, 0x0000000000000000
2026/09/26 12:45:02.365, P1, 2857, 14001, 44.16, 23, 0x0000000000000000
2026/09/26 12:45:02.431, P1, 2857, 14001, 44.16, 23, 0x0000000000000000
2026/09/26 12:45:02.481, P1, 2857, 14001, 44.16, 23, 0x0000000000000000
2026/09/26 12:45:02.548, P1, 2857, 14001, 44.16, 23, 0x0000000000000000
2026/09/26 12:45:02.598, P1, 2857, 14001, 44.16, 23, 0x0000000000000000
2026/09/26 12:45:02.648, P1, 2857, 14001, 44.16, 23, 0x0000000000000000
2026/09/26 12:45:02.714, P1, 2955, 14001, 44.43, 23, 0x0000000000000000
2026/09/26 12:45:02.778, P1, 2955, 14001, 44.43, 25, 0x0000000000000000
2026/09/26 12:45:02.843, P1, 2955, 14001, 44.43, 25, 0x0000000000000000
2026/09/26 12:45:02.906, P1, 2955, 14001, 44.43, 25, 0x0000000000000000
2026/09/26 12:45:02.964, P1, 2955, 14001, 44.43, 25, 0x0000000000000000
2026/09/26 12:45:03.015, P1, 2955, 14001, 44.43, 25, 0x0000000000000000
2026/09/26 12:45:03.081, P1, 2955, 14001, 44.43, 25, 0x0000000000000000
2026/09/26 12:45:03.131, P1, 2955, 14001, 44.43, 25, 0x0000000000000000
2026/09/26 12:45:03.195, P1, 2955, 14001, 44.43, 25, 0x0000000000000000
2026/09/26 12:45:03.259, P1, 2940, 14001, 46.27, 25, 0x0000000000000000
2026/09/26 12:45:03.322, P1, 2940, 14001, 46.27, 25, 0x0000000000000000
2026/09/26 12:45:03.384, P1, 2940, 14001, 46.27, 25, 0x0000000000000000
2026/09/26 12:45:03.448, P1, 2940, 14001, 46.27, 25, 0x0000000000000000
2026/09/26 12:45:03.499, P1, 2940, 14001, 46.27, 25, 0x0000000000000000
2026/09/26 12:45:03.565, P1, 2940, 14001, 46.27, 25, 0x0000000000000000
2026/09/26 12:45:03.615, P1, 2940, 14001, 46.27, 25, 0x0000000000000000
2026/09/26 12:45:03.666, P1, 2940, 14001, 46.27, 25, 0x0000000000000000
2026/09/26 12:45:03.732, P1, 2752, 14001, 42.49, 14, 0x0000000000000000
2026/09/26 12:45:03.783, P1, 2752, 14001, 42.49, 14, 0x0000000000000000
2026/09/26 12:45:03.848, P1, 2752, 14001, 42.49, 14, 0x0000000000000000
2026/09/26 12:45:03.899, P1, 2752, 14001, 42.49, 14, 0x0000000000000000
2026/09/26 12:45:03.950, P1, 2752, 14001, 42.49, 14, 0x0000000000000000
2026/09/26 12:45:04.000, P1, 2752, 14001, 42.49, 14, 0x0000000000000000
2026/09/26 12:45:04.066, P1, 2752, 14001, 42.49, 14, 0x0000000000000000
2026/09/26 12:45:04.116, P1, 2752, 14001, 42.49, 14, 0x0000000000000000
2026/09/26 12:45:04.182, P1, 2752, 14001, 42.49, 14, 0x0000000000000000
2026/09/26 12:45:04.233, P1, 2955, 14001, 42.80, 22, 0x0000000000000000
2026/09/26 12:45:04.285, P1, 2955, 14001, 42.80, 22, 0x0000000000000000
2026/09/26 12:45:04.349, P1, 2955, 14001, 42.80, 22, 0x0000000000000000
2026/09/26 12:45:04.399, P1, 2955, 14001, 42.80, 22, 0x0000000000000000
2026/09/26 12:45:04.450, P1, 2955, 14001, 42.80, 22, 0x0000000000000000
2026/09/26 12:45:04.501, P1, 2955, 14001, 42.80, 22, 0x0000000000000000
2026/09/26 12:45:04.566, P1, 2955, 14001, 42.80, 22, 0x0000000000000000
2026/09/26 12:45:04.633, P1, 2955, 14001, 42.80, 22, 0x0000000000000000
2026/09/26 12:45:04.684, P1, 2955, 14001, 42.80, 22, 0x0000000000000000
2026/09/26 12:45:04.749, P1, 2940, 14001, 45.59, 25, 0x0000000000000000
2026/09/26 12:45:04.799, P1, 2940, 14001, 45.59, 25, 0x0000000000000000
2026/09/26 12:45:04.850, P1, 2940, 14001, 45.59, 25, 0x0000000000000000
2026/09/26 12:45:04.916, P1, 2940, 14001, 45.59, 25, 0x0000000000000000
2026/09/26 12:45:04.967, P1, 2940, 14001, 45.59, 25, 0x0000000000000000
2026/09/26 12:45:05.033, P1, 2940, 14001, 45.59, 25, 0x0000000000000000
2026/09/26 12:45:05.083, P1, 2940, 14001, 45.59, 25, 0x0000000000000000
2026/09/26 12:45:05.134, P1, 2940, 14001, 45.59, 25, 0x0000000000000000
2026/09/26 12:45:05.200, P1, 2940, 14001, 45.59, 25, 0x0000000000000000
2026/09/26 12:45:05.251, P1, 2805, 14001, 42.66, 7, 0x0000000000000000
2026/09/26 12:45:05.317, P1, 2805, 14001, 42.66, 7, 0x0000000000000000
2026/09/26 12:45:05.367, P1, 2805, 14001, 42.66, 7, 0x0000000000000000
2026/09/26 12:45:05.418, P1, 2805, 14001, 42.66, 7, 0x0000000000000000
2026/09/26 12:45:05.484, P1, 2805, 14001, 42.66, 7, 0x0000000000000000
2026/09/26 12:45:05.535, P1, 2805, 14001, 42.66, 7, 0x0000000000000000
2026/09/26 12:45:05.599, P1, 2805, 14001, 42.66, 7, 0x0000000000000000
2026/09/26 12:45:05.651, P1, 2805, 14001, 42.66, 7, 0x0000000000000000
2026/09/26 12:45:05.701, P1, 2805, 14001, 42.66, 7, 0x0000000000000000
2026/09/26 12:45:05.766, P1, 2955, 14001, 42.47, 24, 0x0000000000000000
2026/09/26 12:45:05.819, P1, 2955, 14001, 42.47, 24, 0x0000000000000000
2026/09/26 12:45:05.883, P1, 2955, 14001, 42.47, 24, 0x0000000000000000
2026/09/26 12:45:05.935, P1, 2955, 14001, 42.47, 24, 0x0000000000000000
2026/09/26 12:45:05.999, P1, 2955, 14001, 42.47, 24, 0x0000000000000000
2026/09/26 12:45:06.065, P1, 2955, 14001, 42.47, 24, 0x0000000000000000
2026/09/26 12:45:06.129, P1, 2955, 14001, 42.47, 24, 0x0000000000000000
2026/09/26 12:45:06.185, P1, 2955, 14001, 42.47, 24, 0x0000000000000000
2026/09/26 12:45:06.250, P1, 2940, 14001, 46.05, 20, 0x0000000000000000
2026/09/26 12:45:06.314, P1, 2940, 14001, 46.05, 20, 0x0000000000000000
2026/09/26 12:45:06.377, P1, 2940, 14001, 46.05, 20, 0x0000000000000000
2026/09/26 12:45:06.435, P1, 2940, 14001, 46.05, 20, 0x0000000000000000
2026/09/26 12:45:06.486, P1, 2940, 14001, 46.05, 20, 0x0000000000000000
2026/09/26 12:45:06.551, P1, 2940, 14001, 46.05, 20, 0x0000000000000000
2026/09/26 12:45:06.602, P1, 2940, 14001, 46.05, 20, 0x0000000000000000
2026/09/26 12:45:06.668, P1, 2940, 14001, 46.05, 20, 0x0000000000000000
2026/09/26 12:45:06.718, P1, 2940, 14001, 46.14, 21, 0x0000000000000000
2026/09/26 12:45:06.768, P1, 2940, 14001, 46.14, 21, 0x0000000000000000
2026/09/26 12:45:06.819, P1, 2940, 14001, 46.14, 21, 0x0000000000000000
2026/09/26 12:45:06.884, P1, 2940, 14001, 46.14, 21, 0x0000000000000000
2026/09/26 12:45:06.935, P1, 2940, 14001, 46.14, 21, 0x0000000000000000
2026/09/26 12:45:06.985, P1, 2940, 14001, 46.14, 21, 0x0000000000000000
2026/09/26 12:45:07.036, P1, 2940, 14001, 46.14, 21, 0x0000000000000000
2026/09/26 12:45:07.089, P1, 2940, 14001, 46.14, 21, 0x0000000000000000
2026/09/26 12:45:07.151, P1, 2940, 14001, 46.14, 21, 0x0000000000000000
2026/09/26 12:45:07.202, P1, 2940, 14001, 46.14, 21, 0x0000000000000000
2026/09/26 12:45:07.253, P1, 2610, 14001, 41.03, 7, 0x0000000000000000
2026/09/26 12:45:07.318, P1, 2610, 14001, 41.03, 7, 0x0000000000000000
2026/09/26 12:45:07.369, P1, 2610, 14001, 41.03, 7, 0x0000000000000000
2026/09/26 12:45:07.420, P1, 2610, 14001, 41.03, 7, 0x0000000000000000
2026/09/26 12:45:07.486, P1, 2610, 14001, 41.03, 7, 0x0000000000000000
2026/09/26 12:45:07.537, P1, 2610, 14001, 41.03, 7, 0x0000000000000000
2026/09/26 12:45:07.602, P1, 2610, 14001, 41.03, 7, 0x0000000000000000
2026/09/26 12:45:07.653, P1, 2610, 14001, 41.03, 7, 0x0000000000000000
2026/09/26 12:45:07.703, P1, 2610, 14001, 41.03, 7, 0x0000000000000000
2026/09/26 12:45:07.754, P1, 2955, 14001, 40.83, 9, 0x0000000000000000
2026/09/26 12:45:07.819, P1, 2955, 14001, 40.83, 9, 0x0000000000000000
2026/09/26 12:45:07.870, P1, 2955, 14001, 40.83, 9, 0x0000000000000000
2026/09/26 12:45:07.936, P1, 2955, 14001, 40.83, 9, 0x0000000000000000
2026/09/26 12:45:07.986, P1, 2955, 14001, 40.83, 9, 0x0000000000000000
2026/09/26 12:45:08.037, P1, 2955, 14001, 40.83, 9, 0x0000000000000000
2026/09/26 12:45:08.103, P1, 2955, 14001, 40.83, 9, 0x0000000000000000
2026/09/26 12:45:08.154, P1, 2955, 14001, 40.83, 9, 0x0000000000000000
2026/09/26 12:45:08.220, P1, 2940, 14001, 44.97, 25, 0x0000000000000000
2026/09/26 12:45:08.287, P1, 2940, 14001, 44.97, 25, 0x0000000000000000
2026/09/26 12:45:08.337, P1, 2940, 14001, 44.97, 25, 0x0000000000000000
2026/09/26 12:45:08.403, P1, 2940, 14001, 44.97, 25, 0x0000000000000000
2026/09/26 12:45:08.453, P1, 2940, 14001, 44.97, 25, 0x0000000000000000
2026/09/26 12:45:08.504, P1, 2940, 14001, 44.97, 25, 0x0000000000000000
2026/09/26 12:45:08.569, P1, 2940, 14001, 44.97, 25, 0x0000000000000000
2026/09/26 12:45:08.635, P1, 2940, 14001, 44.97, 25, 0x0000000000000000
2026/09/26 12:45:08.699, P1, 2940, 14001, 44.97, 25, 0x0000000000000000
2026/09/26 12:45:08.762, P1, 2940, 14001, 46.12, 14, 0x0000000000000000
2026/09/26 12:45:08.822, P1, 2940, 14001, 46.12, 14, 0x0000000000000000
2026/09/26 12:45:08.887, P1, 2940, 14001, 46.12, 14, 0x0000000000000000
2026/09/26 12:45:08.938, P1, 2940, 14001, 46.12, 14, 0x0000000000000000
2026/09/26 12:45:09.003, P1, 2940, 14001, 46.12, 14, 0x0000000000000000
2026/09/26 12:45:09.068, P1, 2940, 14001, 46.12, 14, 0x0000000000000000
2026/09/26 12:45:09.131, P1, 2940, 14001, 46.12, 14, 0x0000000000000000
2026/09/26 12:45:09.195, P1, 2940, 14001, 46.12, 14, 0x0000000000000000
2026/09/26 12:45:09.258, P1, 2820, 14001, 42.78, 5, 0x0000000000000000
2026/09/26 12:45:09.321, P1, 2820, 14001, 42.78, 5, 0x0000000000000000
2026/09/26 12:45:09.386, P1, 2820, 14001, 42.78, 5, 0x0000000000000000
2026/09/26 12:45:09.443, P1, 2820, 14001, 42.78, 5, 0x0000000000000000
2026/09/26 12:45:09.504, P1, 2820, 14001, 42.78, 5, 0x0000000000000000
2026/09/26 12:45:09.555, P1, 2820, 14001, 42.78, 5, 0x0000000000000000
2026/09/26 12:45:09.605, P1, 2820, 14001, 42.78, 5, 0x0000000000000000
2026/09/26 12:45:09.670, P1, 2820, 14001, 42.78, 5, 0x0000000000000000
2026/09/26 12:45:09.721, P1, 2947, 14001, 42.34, 17, 0x0000000000000000
2026/09/26 12:45:09.772, P1, 2947, 14001, 42.34, 17, 0x0000000000000000
2026/09/26 12:45:09.838, P1, 2947, 14001, 42.34, 17, 0x0000000000000000
2026/09/26 12:45:09.904, P1, 2947, 14001, 42.34, 17, 0x0000000000000000
2026/09/26 12:45:09.955, P1, 2947, 14001, 42.34, 17, 0x0000000000000000
2026/09/26 12:45:10.005, P1, 2947, 14001, 42.34, 17, 0x0000000000000000
2026/09/26 12:45:10.056, P1, 2947, 14001, 42.34, 17, 0x0000000000000000
2026/09/26 12:45:10.122, P1, 2947, 14001, 42.34, 17, 0x0000000000000000
2026/09/26 12:45:10.172, P1, 2947, 14001, 42.34, 17, 0x0000000000000000
2026/09/26 12:45:10.237, P1, 2940, 14001, 44.80, 25, 0x0000000000000000
2026/09/26 12:45:10.287, P1, 2940, 14001, 44.80, 25, 0x0000000000000000
2026/09/26 12:45:10.339, P1, 2940, 14001, 44.80, 25, 0x0000000000000000
2026/09/26 12:45:10.406, P1, 2940, 14001, 44.80, 25, 0x0000000000000000
2026/09/26 12:45:10.456, P1, 2940, 14001, 44.80, 25, 0x0000000000000000
2026/09/26 12:45:10.522, P1, 2940, 14001, 44.80, 25, 0x0000000000000000
2026/09/26 12:45:10.572, P1, 2940, 14001, 44.80, 25, 0x0000000000000000
2026/09/26 12:45:10.622, P1, 2940, 14001, 44.80, 25, 0x0000000000000000
2026/09/26 12:45:10.673, P1, 2940, 14001, 44.80, 25, 0x0000000000000000
2026/09/26 12:45:10.739, P1, 2940, 14001, 45.22, 9, 0x0000000000000000
2026/09/26 12:45:10.790, P1, 2940, 14001, 45.22, 9, 0x0000000000000000
2026/09/26 12:45:10.856, P1, 2940, 14001, 45.22, 9, 0x0000000000000000
2026/09/26 12:45:10.906, P1, 2940, 14001, 45.22, 9, 0x0000000000000000
2026/09/26 12:45:10.957, P1, 2940, 14001, 45.22, 9, 0x0000000000000000
2026/09/26 12:45:11.023, P1, 2940, 14001, 45.22, 9, 0x0000000000000000
2026/09/26 12:45:11.074, P1, 2940, 14001, 45.22, 9, 0x0000000000000000
2026/09/26 12:45:11.140, P1, 2940, 14001, 45.22, 9, 0x0000000000000000
2026/09/26 12:45:11.190, P1, 2940, 14001, 45.22, 9, 0x0000000000000000
2026/09/26 12:45:11.240, P1, 2790, 14001, 42.67, 13, 0x0000000000000000
2026/09/26 12:45:11.306, P1, 2790, 14001, 42.67, 13, 0x0000000000000000
2026/09/26 12:45:11.356, P1, 2790, 14001, 42.67, 13, 0x0000000000000000
2026/09/26 12:45:11.406, P1, 2790, 14001, 42.67, 13, 0x0000000000000000
2026/09/26 12:45:11.458, P1, 2790, 14001, 42.67, 13, 0x0000000000000000
2026/09/26 12:45:11.523, P1, 2790, 14001, 42.67, 13, 0x0000000000000000
2026/09/26 12:45:11.588, P1, 2790, 14001, 42.67, 13, 0x0000000000000000
2026/09/26 12:45:11.652, P1, 2790, 14001, 42.67, 13, 0x0000000000000000
2026/09/26 12:45:11.716, P1, 2940, 14001, 43.03, 25, 0x0000000000000000
2026/09/26 12:45:11.769, P1, 2940, 14001, 43.03, 25, 0x0000000000000000
2026/09/26 12:45:11.832, P1, 2940, 14001, 43.03, 25, 0x0000000000000000
2026/09/26 12:45:11.895, P1, 2940, 14001, 43.03, 25, 0x0000000000000000
2026/09/26 12:45:11.957, P1, 2940, 14001, 43.03, 25, 0x0000000000000000
2026/09/26 12:45:12.008, P1, 2940, 14001, 43.03, 25, 0x0000000000000000
2026/09/26 12:45:12.071, P1, 2940, 14001, 43.03, 25, 0x0000000000000000
2026/09/26 12:45:12.135, P1, 2940, 14001, 43.03, 25, 0x0000000000000000
2026/09/26 12:45:12.199, P1, 2940, 14001, 43.03, 25, 0x0000000000000000
2026/09/26 12:45:12.263, P1, 2940, 14001, 46.13, 21, 0x0000000000000000
2026/09/26 12:45:12.326, P1, 2940, 14001, 46.13, 21, 0x0000000000000000
2026/09/26 12:45:12.390, P1, 2940, 14001, 46.13, 21, 0x0000000000000000
2026/09/26 12:45:12.440, P1, 2940, 14001, 46.13, 21, 0x0000000000000000
2026/09/26 12:45:12.492, P1, 2940, 14001, 46.13, 21, 0x0000000000000000
2026/09/26 12:45:12.548, P1, 2940, 14001, 46.13, 21, 0x0000000000000000
2026/09/26 12:45:12.607, P1, 2940, 14001, 46.13, 21, 0x0000000000000000
2026/09/26 12:45:12.659, P1, 2940, 14001, 46.13, 21, 0x0000000000000000
2026/09/26 12:45:12.714, P1, 2940, 14001, 46.13, 21, 0x0000000000000000
2026/09/26 12:45:12.775, P1, 2782, 14001, 42.81, 18, 0x0000000000000000
2026/09/26 12:45:12.825, P1, 2782, 14001, 42.81, 18, 0x0000000000000000
2026/09/26 12:45:12.875, P1, 2782, 14001, 42.81, 18, 0x0000000000000000
2026/09/26 12:45:12.941, P1, 2782, 14001, 42.81, 18, 0x0000000000000000
2026/09/26 12:45:12.991, P1, 2782, 14001, 42.81, 18, 0x0000000000000000
2026/09/26 12:45:13.043, P1, 2782, 14001, 42.81, 18, 0x0000000000000000
2026/09/26 12:45:13.094, P1, 2782, 14001, 42.81, 18, 0x0000000000000000
2026/09/26 12:45:13.144, P1, 2782, 14001, 42.81, 18, 0x0000000000000000
2026/09/26 12:45:13.195, P1, 2782, 14001, 42.81, 18, 0x0000000000000000
2026/09/26 12:45:13.258, P1, 2940, 14001, 42.69, 25, 0x0000000000000000
2026/09/26 12:45:13.309, P1, 2940, 14001, 42.69, 25, 0x0000000000000000
2026/09/26 12:45:13.362, P1, 2940, 14001, 42.69, 25, 0x0000000000000000
2026/09/26 12:45:13.425, P1, 2940, 14001, 42.69, 25, 0x0000000000000000
2026/09/26 12:45:13.475, P1, 2940, 14001, 42.69, 25, 0x0000000000000000
2026/09/26 12:45:13.525, P1, 2940, 14001, 42.69, 25, 0x0000000000000000
2026/09/26 12:45:13.575, P1, 2940, 14001, 42.69, 25, 0x0000000000000000
2026/09/26 12:45:13.626, P1, 2940, 14001, 42.69, 25, 0x0000000000000000
2026/09/26 12:45:13.691, P1, 2940, 14001, 42.69, 25, 0x0000000000000000
2026/09/26 12:45:13.742, P1, 2940, 14001, 46.00, 22, 0x0000000000000000
2026/09/26 12:45:13.793, P1, 2940, 14001, 46.00, 22, 0x0000000000000000
2026/09/26 12:45:13.858, P1, 2940, 14001, 46.00, 22, 0x0000000000000000
2026/09/26 12:45:13.909, P1, 2940, 14001, 46.00, 22, 0x0000000000000000
2026/09/26 12:45:13.960, P1, 2940, 14001, 46.00, 22, 0x0000000000000000
2026/09/26 12:45:14.026, P1, 2940, 14001, 46.00, 22, 0x0000000000000000
2026/09/26 12:45:14.077, P1, 2940, 14001, 46.00, 22, 0x0000000000000000
2026/09/26 12:45:14.142, P1, 2940, 14001, 46.00, 22, 0x0000000000000000
2026/09/26 12:45:14.193, P1, 2940, 14001, 46.00, 22, 0x0000000000000000
2026/09/26 12:45:14.243, P0, 2940, 14201, 46.17, 25, 0x0000000000000000
2026/09/26 12:45:14.309, P0, 2940, 14201, 46.17, 25, 0x0000000000000000
2026/09/26 12:45:14.360, P0, 2940, 14201, 46.17, 25, 0x0000000000000000
2026/09/26 12:45:14.410, P0, 2940, 14201, 46.17, 25, 0x0000000000000000
2026/09/26 12:45:14.476, P0, 2940, 14201, 46.17, 25, 0x0000000000000000
2026/09/26 12:45:14.526, P0, 2940, 14201, 46.17, 25, 0x0000000000000000
2026/09/26 12:45:14.577, P0, 2940, 14201, 46.17, 25, 0x0000000000000000
2026/09/26 12:45:14.642, P0, 2940, 14201, 46.17, 25, 0x0000000000000000
2026/09/26 12:45:14.694, P0, 2940, 14201, 46.17, 25, 0x0000000000000000
2026/09/26 12:45:14.755, P1, 2662, 14001, 42.87, 10, 0x0000000000000000
2026/09/26 12:45:14.819, P1, 2662, 14001, 42.87, 10, 0x0000000000000000
2026/09/26 12:45:14.882, P1, 2662, 14001, 42.87, 10, 0x0000000000000000
2026/09/26 12:45:14.943, P1, 2662, 14001, 42.87, 10, 0x0000000000000000
2026/09/26 12:45:14.993, P1, 2662, 14001, 42.87, 10, 0x0000000000000000
2026/09/26 12:45:15.058, P1, 2662, 14001, 42.87, 10, 0x0000000000000000
2026/09/26 12:45:15.120, P1, 2662, 14001, 42.87, 10, 0x0000000000000000
2026/09/26 12:45:15.178, P1, 2662, 14001, 42.87, 10, 0x0000000000000000
2026/09/26 12:45:15.243, P1, 2940, 14001, 42.47, 19, 0x0000000000000000
2026/09/26 12:45:15.306, P1, 2940, 14001, 42.47, 19, 0x0000000000000000
2026/09/26 12:45:15.370, P1, 2940, 14001, 42.47, 19, 0x0000000000000000
2026/09/26 12:45:15.423, P1, 2940, 14001, 42.47, 19, 0x0000000000000000
2026/09/26 12:45:15.477, P1, 2940, 14001, 42.47, 19, 0x0000000000000000
2026/09/26 12:45:15.527, P1, 2940, 14001, 42.47, 19, 0x0000000000000000
2026/09/26 12:45:15.594, P1, 2940, 14001, 42.47, 19, 0x0000000000000000
2026/09/26 12:45:15.645, P1, 2940, 14001, 42.47, 19, 0x0000000000000000
2026/09/26 12:45:15.695, P1, 2940, 14001, 42.47, 19, 0x0000000000000000
2026/09/26 12:45:15.746, P1, 2940, 14001, 46.03, 19, 0x0000000000000000
2026/09/26 12:45:15.811, P1, 2940, 14001, 46.03, 19, 0x0000000000000000
2026/09/26 12:45:15.861, P1, 2940, 14001, 46.03, 19, 0x0000000000000000
2026/09/26 12:45:15.912, P1, 2940, 14001, 46.03, 19, 0x0000000000000000
2026/09/26 12:45:15.977, P1, 2940, 14001, 46.03, 19, 0x0000000000000000
2026/09/26 12:45:16.028, P1, 2940, 14001, 46.03, 19, 0x0000000000000000
2026/09/26 12:45:16.079, P1, 2940, 14001, 46.03, 19, 0x0000000000000000
2026/09/26 12:45:16.144, P1, 2940, 14001, 46.03, 19, 0x0000000000000000
2026/09/26 12:45:16.195, P1, 2940, 14001, 46.03, 19, 0x0000000000000000
2026/09/26 12:45:16.260, P1, 2940, 14001, 44.47, 6, 0x0000000000000000
2026/09/26 12:45:16.311, P1, 2940, 14001, 44.47, 6, 0x0000000000000000
2026/09/26 12:45:16.362, P1, 2940, 14001, 44.47, 6, 0x0000000000000000
2026/09/26 12:45:16.412, P1, 2940, 14001, 44.47, 6, 0x0000000000000000
2026/09/26 12:45:16.478, P1, 2940, 14001, 44.47, 6, 0x0000000000000000
2026/09/26 12:45:16.528, P1, 2940, 14001, 44.47, 6, 0x0000000000000000
2026/09/26 12:45:16.594, P1, 2940, 14001, 44.47, 6, 0x0000000000000000
2026/09/26 12:45:16.645, P1, 2940, 14001, 44.47, 6, 0x0000000000000000
2026/09/26 12:45:16.696, P1, 2940, 14001, 44.47, 6, 0x0000000000000000
2026/09/26 12:45:16.761, P1, 2940, 14001, 44.43, 21, 0x0000000000000000
2026/09/26 12:45:16.812, P1, 2940, 14001, 44.43, 21, 0x0000000000000000
2026/09/26 12:45:16.863, P1, 2940, 14001, 44.43, 21, 0x0000000000000000
2026/09/26 12:45:16.928, P1, 2940, 14001, 44.43, 21, 0x0000000000000000
2026/09/26 12:45:16.978, P1, 2940, 14001, 44.43, 21, 0x0000000000000000
2026/09/26 12:45:17.029, P1, 2940, 14001, 44.43, 21, 0x0000000000000000
2026/09/26 12:45:17.080, P1, 2940, 14001, 44.43, 21, 0x0000000000000000
2026/09/26 12:45:17.145, P1, 2940, 14001, 44.43, 21, 0x0000000000000000
2026/09/26 12:45:17.196, P1, 2940, 14001, 44.43, 21, 0x0000000000000000
2026/09/26 12:45:17.263, P1, 2940, 14001, 45.13, 9, 0x0000000000000000
2026/09/26 12:45:17.313, P1, 2940, 14001, 45.13, 9, 0x0000000000000000
2026/09/26 12:45:17.378, P1, 2940, 14001, 45.13, 9, 0x0000000000000000
2026/09/26 12:45:17.429, P1, 2940, 14001, 45.13, 9, 0x0000000000000000
2026/09/26 12:45:17.496, P1, 2940, 14001, 45.13, 9, 0x0000000000000000
2026/09/26 12:45:17.562, P1, 2940, 14001, 45.13, 9, 0x0000000000000000
2026/09/26 12:45:17.613, P1, 2940, 14001, 45.13, 9, 0x0000000000000000
2026/09/26 12:45:17.677, P1, 2940, 14001, 45.13, 9, 0x0000000000000000
2026/09/26 12:45:17.728, P1, 2940, 14001, 46.40, 18, 0x0000000000000000
2026/09/26 12:45:17.778, P1, 2940, 14001, 46.40, 18, 0x0000000000000000
2026/09/26 12:45:17.830, P1, 2940, 14001, 46.40, 18, 0x0000000000000000
2026/09/26 12:45:17.895, P1, 2940, 14001, 46.40, 18, 0x0000000000000000
2026/09/26 12:45:17.947, P1, 2940, 14001, 46.40, 18, 0x0000000000000000
2026/09/26 12:45:17.997, P1, 2940, 14001, 46.40, 18, 0x0000000000000000
2026/09/26 12:45:18.060, P1, 2940, 14001, 46.40, 18, 0x0000000000000000
2026/09/26 12:45:18.124, P1, 2940, 14001, 46.40, 18, 0x0000000000000000
2026/09/26 12:45:18.187, P1, 2940, 14001, 46.40, 18, 0x0000000000000000
2026/09/26 12:45:18.250, P1, 2812, 14001, 43.09, 16, 0x0000000000000000
2026/09/26 12:45:18.315, P1, 2812, 14001, 43.09, 16, 0x0000000000000000
2026/09/26 12:45:18.379, P1, 2812, 14001, 43.09, 16, 0x0000000000000000
2026/09/26 12:45:18.431, P1, 2812, 14001, 43.09, 16, 0x0000000000000000
2026/09/26 12:45:18.497, P1, 2812, 14001, 43.09, 16, 0x0000000000000000
2026/09/26 12:45:18.548, P1, 2812, 14001, 43.09, 16, 0x0000000000000000
2026/09/26 12:45:18.598, P1, 2812, 14001, 43.09, 16, 0x0000000000000000
2026/09/26 12:45:18.651, P1, 2812, 14001, 43.09, 16, 0x0000000000000000
2026/09/26 12:45:18.714, P1, 2812, 14001, 43.09, 16, 0x0000000000000000
2026/09/26 12:45:18.765, P1, 2955, 14001, 43.07, 20, 0x0000000000000000
2026/09/26 12:45:18.816, P1, 2955, 14001, 43.07, 20, 0x0000000000000000
2026/09/26 12:45:18.880, P1, 2955, 14001, 43.07, 20, 0x0000000000000000
2026/09/26 12:45:18.931, P1, 2955, 14001, 43.07, 20, 0x0000000000000000
2026/09/26 12:45:18.981, P1, 2955, 14001, 43.07, 20, 0x0000000000000000
2026/09/26 12:45:19.032, P1, 2955, 14001, 43.07, 20, 0x0000000000000000
2026/09/26 12:45:19.082, P1, 2955, 14001, 43.07, 20, 0x0000000000000000
2026/09/26 12:45:19.147, P1, 2955, 14001, 43.07, 20, 0x0000000000000000
2026/09/26 12:45:19.198, P1, 2955, 14001, 43.07, 20, 0x0000000000000000
2026/09/26 12:45:19.248, P1, 2940, 14001, 46.39, 12, 0x0000000000000000
2026/09/26 12:45:19.315, P1, 2940, 14001, 46.39, 12, 0x0000000000000000
2026/09/26 12:45:19.365, P1, 2940, 14001, 46.39, 12, 0x0000000000000000
2026/09/26 12:45:19.431, P1, 2940, 14001, 46.39, 12, 0x0000000000000000
2026/09/26 12:45:19.482, P1, 2940, 14001, 46.39, 12, 0x0000000000000000
2026/09/26 12:45:19.533, P1, 2940, 14001, 46.39, 12, 0x0000000000000000
2026/09/26 12:45:19.598, P1, 2940, 14001, 46.39, 12, 0x0000000000000000
2026/09/26 12:45:19.649, P1, 2940, 14001, 46.39, 12, 0x0000000000000000
2026/09/26 12:45:19.715, P1, 2940, 14001, 46.39, 12, 0x0000000000000000
2026/09/26 12:45:19.765, P1, 2940, 14201, 45.52, 8, 0x0000000000000000
2026/09/26 12:45:19.831, P1, 2940, 14201, 45.52, 8, 0x0000000000000000
2026/09/26 12:45:19.882, P1, 2940, 14201, 45.52, 8, 0x0000000000000000
2026/09/26 12:45:19.932, P1, 2940, 14201, 45.52, 8, 0x0000000000000000
2026/09/26 12:45:19.982, P1, 2940, 14201, 45.52, 8, 0x0000000000000000
2026/09/26 12:45:20.033, P1, 2940, 14201, 45.52, 8, 0x0000000000000000
2026/09/26 12:45:20.098, P1, 2940, 14201, 45.52, 8, 0x0000000000000000
2026/09/26 12:45:20.149, P1, 2940, 14201, 45.52, 8, 0x0000000000000000
2026/09/26 12:45:20.199, P1, 2940, 14201, 45.52, 8, 0x0000000000000000
2026/09/26 12:45:20.265, P1, 2617, 14001, 41.44, 17, 0x0000000000000000
2026/09/26 12:45:20.316, P1, 2617, 14001, 41.44, 17, 0x0000000000000000
2026/09/26 12:45:20.382, P1, 2617, 14001, 41.44, 17, 0x0000000000000000
2026/09/26 12:45:20.432, P1, 2617, 14001, 41.44, 17, 0x0000000000000000
2026/09/26 12:45:20.482, P1, 2617, 14001, 41.44, 17, 0x0000000000000000
2026/09/26 12:45:20.532, P1, 2617, 14001, 41.44, 17, 0x0000000000000000
2026/09/26 12:45:20.583, P1, 2617, 14001, 41.44, 17, 0x0000000000000000
2026/09/26 12:45:20.647, P1, 2617, 14001, 41.44, 17, 0x0000000000000000
2026/09/26 12:45:20.698, P1, 2617, 14001, 41.44, 17, 0x0000000000000000
2026/09/26 12:45:20.764, P1, 2955, 14001, 41.36, 17, 0x0000000000000000
2026/09/26 12:45:20.828, P1, 2955, 14001, 41.36, 17, 0x0000000000000000
2026/09/26 12:45:20.892, P1, 2955, 14001, 41.36, 17, 0x0000000000000000
2026/09/26 12:45:20.949, P1, 2955, 14001, 41.36, 17, 0x0000000000000000
2026/09/26 12:45:21.001, P1, 2955, 14001, 41.36, 17, 0x0000000000000000
2026/09/26 12:45:21.065, P1, 2955, 14001, 41.36, 17, 0x0000000000000000
2026/09/26 12:45:21.129, P1, 2955, 14001, 41.36, 17, 0x0000000000000000
2026/09/26 12:45:21.192, P1, 2955, 14001, 41.36, 17, 0x0000000000000000
2026/09/26 12:45:21.255, P1, 2947, 14001, 46.24, 23, 0x0000000000000000
2026/09/26 12:45:21.318, P1, 2947, 14001, 46.24, 23, 0x0000000000000000
2026/09/26 12:45:21.382, P1, 2947, 14001, 46.24, 23, 0x0000000000000000
2026/09/26 12:45:21.434, P1, 2947, 14001, 46.24, 23, 0x0000000000000000
2026/09/26 12:45:21.500, P1, 2947, 14001, 46.24, 23, 0x0000000000000000
2026/09/26 12:45:21.550, P1, 2947, 14001, 46.24, 23, 0x0000000000000000
2026/09/26 12:45:21.601, P1, 2947, 14001, 46.24, 23, 0x0000000000000000
2026/09/26 12:45:21.666, P1, 2947, 14001, 46.24, 23, 0x0000000000000000
2026/09/26 12:45:21.717, P1, 2947, 14001, 46.24, 23, 0x0000000000000000
2026/09/26 12:45:21.768, P1, 2940, 14001, 44.67, 11, 0x0000000000000000
2026/09/26 12:45:21.820, P1, 2940, 14001, 44.67, 11, 0x0000000000000000
2026/09/26 12:45:21.883, P1, 2940, 14001, 44.67, 11, 0x0000000000000000
2026/09/26 12:45:21.934, P1, 2940, 14001, 44.67, 11, 0x0000000000000000
2026/09/26 12:45:21.984, P1, 2940, 14001, 44.67, 11, 0x0000000000000000
2026/09/26 12:45:22.034, P1, 2940, 14001, 44.67, 11, 0x0000000000000000
2026/09/26 12:45:22.085, P1, 2940, 14001, 44.67, 11, 0x0000000000000000
2026/09/26 12:45:22.150, P1, 2940, 14001, 44.67, 11, 0x0000000000000000
2026/09/26 12:45:22.201, P1, 2940, 14001, 44.67, 11, 0x0000000000000000
2026/09/26 12:45:22.252, P1, 2955, 14001, 44.79, 12, 0x0000000000000000
2026/09/26 12:45:22.318, P1, 2955, 14001, 44.79, 12, 0x0000000000000000
2026/09/26 12:45:22.368, P1, 2955, 14001, 44.79, 12, 0x0000000000000000
2026/09/26 12:45:22.434, P1, 2955, 14001, 44.79, 12, 0x0000000000000000
2026/09/26 12:45:22.484, P1, 2955, 14001, 44.79, 12, 0x0000000000000000
2026/09/26 12:45:22.535, P1, 2955, 14001, 44.79, 12, 0x0000000000000000
2026/09/26 12:45:22.586, P1, 2955, 14001, 44.79, 12, 0x0000000000000000
2026/09/26 12:45:22.651, P1, 2955, 14001, 44.79, 12, 0x0000000000000000
2026/09/26 12:45:22.701, P1, 2955, 14001, 44.79, 12, 0x0000000000000000
2026/09/26 12:45:22.752, P1, 2940, 14001, 45.19, 23, 0x0000000000000000
2026/09/26 12:45:22.818, P1, 2940, 14001, 45.19, 23, 0x0000000000000000
2026/09/26 12:45:22.869, P1, 2940, 14001, 45.19, 23, 0x0000000000000000
2026/09/26 12:45:22.935, P1, 2940, 14001, 45.19, 23, 0x0000000000000000
2026/09/26 12:45:22.985, P1, 2940, 14001, 45.19, 23, 0x0000000000000000
2026/09/26 12:45:23.036, P1, 2940, 14001, 45.19, 23, 0x0000000000000000
2026/09/26 12:45:23.086, P1, 2940, 14001, 45.19, 23, 0x0000000000000000
2026/09/26 12:45:23.152, P1, 2940, 14001, 45.19, 23, 0x0000000000000000
2026/09/26 12:45:23.203, P1, 2940, 14001, 45.19, 23, 0x0000000000000000
2026/09/26 12:45:23.255, P1, 2940, 14001, 46.11, 14, 0x0000000000000000
2026/09/26 12:45:23.319, P1, 2940, 14001, 46.11, 14, 0x0000000000000000
2026/09/26 12:45:23.369, P1, 2940, 14001, 46.11, 14, 0x0000000000000000
2026/09/26 12:45:23.435, P1, 2940, 14001, 46.11, 14, 0x0000000000000000
2026/09/26 12:45:23.486, P1, 2940, 14001, 46.11, 14, 0x0000000000000000
2026/09/26 12:45:23.552, P1, 2940, 14001, 46.11, 14, 0x0000000000000000
2026/09/26 12:45:23.603, P1, 2940, 14001, 46.11, 14, 0x0000000000000000
2026/09/26 12:45:23.654, P1, 2940, 14001, 46.11, 14, 0x0000000000000000
2026/09/26 12:45:23.719, P0, 2745, 14201, 41.57, 5, 0x0000000000000000
2026/09/26 12:45:23.783, P0, 2745, 14201, 41.57, 5, 0x0000000000000000
2026/09/26 12:45:23.846, P0, 2745, 14201, 41.57, 5, 0x0000000000000000
2026/09/26 12:45:23.899, P0, 2745, 14201, 41.57, 5, 0x0000000000000000
2026/09/26 12:45:23.952, P0, 2745, 14201, 41.57, 5, 0x0000000000000000
2026/09/26 12:45:24.002, P0, 2745, 14201, 41.57, 5, 0x0000000000000000
2026/09/26 12:45:24.053, P0, 2745, 14201, 41.57, 5, 0x0000000000000000
2026/09/26 12:45:24.119, P0, 2745, 14201, 41.57, 5, 0x0000000000000000
2026/09/26 12:45:24.169, P0, 2745, 14201, 41.57, 5, 0x0000000000000000
2026/09/26 12:45:24.220, P1, 2797, 14001, 43.58, 47, 0x0000000000000000
2026/09/26 12:45:24.283, P1, 2797, 14001, 43.58, 47, 0x0000000000000000
2026/09/26 12:45:24.347, P1, 2797, 14001, 43.58, 47, 0x0000000000000000
2026/09/26 12:45:24.409, P1, 2797, 14001, 43.58, 47, 0x0000000000000000
2026/09/26 12:45:24.469, P1, 2797, 14001, 43.58, 47, 0x0000000000000000
2026/09/26 12:45:24.521, P1, 2797, 14001, 43.58, 47, 0x0000000000000000
2026/09/26 12:45:24.586, P1, 2797, 14001, 43.58, 47, 0x0000000000000000
2026/09/26 12:45:24.637, P1, 2797, 14001, 43.58, 47, 0x0000000000000000
2026/09/26 12:45:24.703, P1, 2797, 14001, 43.58, 47, 0x0000000000000000
2026/09/26 12:45:24.753, P1, 2940, 14001, 56.77, 56, 0x0000000000000000
2026/09/26 12:45:24.804, P1, 2940, 14001, 56.77, 56, 0x0000000000000000
2026/09/26 12:45:24.854, P1, 2940, 14001, 56.77, 56, 0x0000000000000000
2026/09/26 12:45:24.919, P1, 2940, 14001, 56.77, 56, 0x0000000000000000
2026/09/26 12:45:24.969, P1, 2940, 14001, 56.77, 56, 0x0000000000000000
2026/09/26 12:45:25.020, P1, 2940, 14001, 56.77, 56, 0x0000000000000000
2026/09/26 12:45:25.070, P1, 2940, 14001, 56.77, 56, 0x0000000000000000
2026/09/26 12:45:25.121, P1, 2940, 14001, 56.77, 56, 0x0000000000000000
2026/09/26 12:45:25.187, P1, 2940, 14001, 56.77, 56, 0x0000000000000000
2026/09/26 12:45:25.237, P1, 2940, 14001, 65.05, 50, 0x0000000000000000
2026/09/26 12:45:25.288, P1, 2940, 14001, 65.05, 50, 0x0000000000000000
2026/09/26 12:45:25.339, P1, 2940, 14001, 65.05, 50, 0x0000000000000000
2026/09/26 12:45:25.389, P1, 2940, 14001, 65.05, 50, 0x0000000000000000
2026/09/26 12:45:25.454, P1, 2940, 14001, 65.05, 50, 0x0000000000000000
2026/09/26 12:45:25.504, P1, 2940, 14001, 65.05, 50, 0x0000000000000000
2026/09/26 12:45:25.554, P1, 2940, 14001, 65.05, 50, 0x0000000000000000
2026/09/26 12:45:25.605, P1, 2940, 14001, 65.05, 50, 0x0000000000000000
2026/09/26 12:45:25.671, P1, 2940, 14001, 65.05, 50, 0x0000000000000000
2026/09/26 12:45:25.721, P1, 2940, 14001, 62.55, 55, 0x0000000000000000
2026/09/26 12:45:25.772, P1, 2940, 14001, 62.55, 55, 0x0000000000000000
2026/09/26 12:45:25.838, P1, 2940, 14001, 62.55, 55, 0x0000000000000000
2026/09/26 12:45:25.888, P1, 2940, 14001, 62.55, 55, 0x0000000000000000
2026/09/26 12:45:25.938, P1, 2940, 14001, 62.55, 55, 0x0000000000000000
2026/09/26 12:45:25.989, P1, 2940, 14001, 62.55, 55, 0x0000000000000000
2026/09/26 12:45:26.055, P1, 2940, 14001, 62.55, 55, 0x0000000000000000
2026/09/26 12:45:26.105, P1, 2940, 14001, 62.55, 55, 0x0000000000000000
2026/09/26 12:45:26.171, P1, 2940, 14001, 62.55, 55, 0x0000000000000000
2026/09/26 12:45:26.221, P1, 2940, 14001, 58.23, 27, 0x0000000000000000
2026/09/26 12:45:26.271, P1, 2940, 14001, 58.23, 27, 0x0000000000000000
2026/09/26 12:45:26.322, P1, 2940, 14001, 58.23, 27, 0x0000000000000000
2026/09/26 12:45:26.372, P1, 2940, 14001, 58.23, 27, 0x0000000000000000
2026/09/26 12:45:26.438, P1, 2940, 14001, 58.23, 27, 0x0000000000000000
2026/09/26 12:45:26.489, P1, 2940, 14001, 58.23, 27, 0x0000000000000000
2026/09/26 12:45:26.554, P1, 2940, 14001, 58.23, 27, 0x0000000000000000
2026/09/26 12:45:26.605, P1, 2940, 14001, 58.23, 27, 0x0000000000000000
2026/09/26 12:45:26.670, P1, 2940, 14001, 58.23, 27, 0x0000000000000000
2026/09/26 12:45:26.722, P1, 2940, 14001, 59.69, 53, 0x0000000000000000
2026/09/26 12:45:26.786, P1, 2940, 14001, 59.69, 53, 0x0000000000000000
2026/09/26 12:45:26.838, P1, 2940, 14001, 59.69, 53, 0x0000000000000000
2026/09/26 12:45:26.889, P1, 2940, 14001, 59.69, 53, 0x0000000000000000
2026/09/26 12:45:26.940, P1, 2940, 14001, 59.69, 53, 0x0000000000000000
2026/09/26 12:45:27.006, P1, 2940, 14001, 59.69, 53, 0x0000000000000000
2026/09/26 12:45:27.056, P1, 2940, 14001, 59.69, 53, 0x0000000000000000
2026/09/26 12:45:27.121, P1, 2940, 14001, 59.69, 53, 0x0000000000000000
2026/09/26 12:45:27.184, P1, 2940, 14001, 59.69, 53, 0x0000000000000000
2026/09/26 12:45:27.247, P1, 2940, 14001, 66.10, 53, 0x0000000000000000
2026/09/26 12:45:27.309, P1, 2940, 14001, 66.10, 53, 0x0000000000000000
2026/09/26 12:45:27.371, P1, 2940, 14001, 66.10, 53, 0x0000000000000000
2026/09/26 12:45:27.422, P1, 2940, 14001, 66.10, 53, 0x0000000000000000
2026/09/26 12:45:27.472, P1, 2940, 14001, 66.10, 53, 0x0000000000000000
2026/09/26 12:45:27.540, P1, 2940, 14001, 66.10, 53, 0x0000000000000000
2026/09/26 12:45:27.590, P1, 2940, 14001, 66.10, 53, 0x0000000000000000
2026/09/26 12:45:27.656, P1, 2940, 14001, 66.10, 53, 0x0000000000000000
2026/09/26 12:45:27.707, P1, 2940, 14001, 66.10, 53, 0x0000000000000000
2026/09/26 12:45:27.758, P1, 2940, 14001, 64.36, 52, 0x0000000000000000
2026/09/26 12:45:27.809, P1, 2940, 14001, 64.36, 52, 0x0000000000000000
2026/09/26 12:45:27.861, P1, 2940, 14001, 64.36, 52, 0x0000000000000000
2026/09/26 12:45:27.923, P1, 2940, 14001, 64.36, 52, 0x0000000000000000
2026/09/26 12:45:27.974, P1, 2940, 14001, 64.36, 52, 0x0000000000000000
2026/09/26 12:45:28.040, P1, 2940, 14001, 64.36, 52, 0x0000000000000000
2026/09/26 12:45:28.091, P1, 2940, 14001, 64.36, 52, 0x0000000000000000
2026/09/26 12:45:28.142, P1, 2940, 14001, 64.36, 52, 0x0000000000000000
2026/09/26 12:45:28.194, P1, 2940, 14001, 64.36, 52, 0x0000000000000000
2026/09/26 12:45:28.257, P1, 2940, 14001, 59.79, 35, 0x0000000000000000
2026/09/26 12:45:28.307, P1, 2940, 14001, 59.79, 35, 0x0000000000000000
2026/09/26 12:45:28.358, P1, 2940, 14001, 59.79, 35, 0x0000000000000000
2026/09/26 12:45:28.423, P1, 2940, 14001, 59.79, 35, 0x0000000000000000
2026/09/26 12:45:28.474, P1, 2940, 14001, 59.79, 35, 0x0000000000000000
2026/09/26 12:45:28.524, P1, 2940, 14001, 59.79, 35, 0x0000000000000000
2026/09/26 12:45:28.575, P1, 2940, 14001, 59.79, 35, 0x0000000000000000
2026/09/26 12:45:28.640, P1, 2940, 14001, 59.79, 35, 0x0000000000000000
2026/09/26 12:45:28.691, P1, 2940, 14001, 59.79, 35, 0x0000000000000000
2026/09/26 12:45:28.758, P1, 2940, 14001, 62.11, 50, 0x0000000000000000
2026/09/26 12:45:28.809, P1, 2940, 14001, 62.11, 50, 0x0000000000000000
2026/09/26 12:45:28.874, P1, 2940, 14001, 62.11, 50, 0x0000000000000000
2026/09/26 12:45:28.924, P1, 2940, 14001, 62.11, 50, 0x0000000000000000
2026/09/26 12:45:28.974, P1, 2940, 14001, 62.11, 50, 0x0000000000000000
2026/09/26 12:45:29.025, P1, 2940, 14001, 62.11, 50, 0x0000000000000000
2026/09/26 12:45:29.091, P1, 2940, 14001, 62.11, 50, 0x0000000000000000
2026/09/26 12:45:29.142, P1, 2940, 14001, 62.11, 50, 0x0000000000000000
2026/09/26 12:45:29.208, P1, 2940, 14001, 62.11, 50, 0x0000000000000000
2026/09/26 12:45:29.259, P1, 2940, 14001, 65.43, 55, 0x0000000000000000
2026/09/26 12:45:29.325, P1, 2940, 14001, 65.43, 55, 0x0000000000000000
2026/09/26 12:45:29.375, P1, 2940, 14001, 65.43, 55, 0x0000000000000000
2026/09/26 12:45:29.441, P1, 2940, 14001, 65.43, 55, 0x0000000000000000
2026/09/26 12:45:29.492, P1, 2940, 14001, 65.43, 55, 0x0000000000000000
2026/09/26 12:45:29.557, P1, 2940, 14001, 65.43, 55, 0x0000000000000000
2026/09/26 12:45:29.621, P1, 2940, 14001, 65.43, 55, 0x0000000000000000
2026/09/26 12:45:29.684, P1, 2940, 14001, 65.43, 55, 0x0000000000000000
2026/09/26 12:45:29.746, P1, 2940, 14001, 65.63, 26, 0x0000000000000000
2026/09/26 12:45:29.809, P1, 2940, 14001, 65.63, 26, 0x0000000000000000
2026/09/26 12:45:29.873, P1, 2940, 14001, 65.63, 26, 0x0000000000000000
2026/09/26 12:45:29.926, P1, 2940, 14001, 65.63, 26, 0x0000000000000000
2026/09/26 12:45:29.992, P1, 2940, 14001, 65.63, 26, 0x0000000000000000
2026/09/26 12:45:30.042, P1, 2940, 14001, 65.63, 26, 0x0000000000000000
2026/09/26 12:45:30.092, P1, 2940, 14001, 65.63, 26, 0x0000000000000000
2026/09/26 12:45:30.143, P1, 2940, 14001, 65.63, 26, 0x0000000000000000
2026/09/26 12:45:30.205, P1, 2940, 14001, 65.63, 26, 0x0000000000000000
2026/09/26 12:45:30.268, P1, 2940, 14001, 58.08, 11, 0x0000000000000000
2026/09/26 12:45:30.331, P1, 2940, 14001, 58.08, 11, 0x0000000000000000
2026/09/26 12:45:30.393, P1, 2940, 14001, 58.08, 11, 0x0000000000000000
2026/09/26 12:45:30.446, P1, 2940, 14001, 58.08, 11, 0x0000000000000000
2026/09/26 12:45:30.509, P1, 2940, 14001, 58.08, 11, 0x0000000000000000
2026/09/26 12:45:30.560, P1, 2940, 14001, 58.08, 11, 0x0000000000000000
2026/09/26 12:45:30.626, P1, 2940, 14001, 58.08, 11, 0x0000000000000000
2026/09/26 12:45:30.676, P1, 2940, 14001, 58.08, 11, 0x0000000000000000
2026/09/26 12:45:30.727, P1, 2940, 14001, 55.87, 52, 0x0000000000000000
2026/09/26 12:45:30.792, P1, 2940, 14001, 55.87, 52, 0x0000000000000000
2026/09/26 12:45:30.843, P1, 2940, 14001, 55.87, 52, 0x0000000000000000
2026/09/26 12:45:30.893, P1, 2940, 14001, 55.87, 52, 0x0000000000000000
2026/09/26 12:45:30.944, P1, 2940, 14001, 55.87, 52, 0x0000000000000000
2026/09/26 12:45:30.997, P1, 2940, 14001, 55.87, 52, 0x0000000000000000
2026/09/26 12:45:31.060, P1, 2940, 14001, 55.87, 52, 0x0000000000000000
2026/09/26 12:45:31.110, P1, 2940, 14001, 55.87, 52, 0x0000000000000000
2026/09/26 12:45:31.161, P1, 2940, 14001, 55.87, 52, 0x0000000000000000
2026/09/26 12:45:31.227, P1, 2940, 14001, 61.06, 42, 0x0000000000000000
2026/09/26 12:45:31.277, P1, 2940, 14001, 61.06, 42, 0x0000000000000000
2026/09/26 12:45:31.328, P1, 2940, 14001, 61.06, 42, 0x0000000000000000
2026/09/26 12:45:31.393, P1, 2940, 14001, 61.06, 42, 0x0000000000000000
2026/09/26 12:45:31.444, P1, 2940, 14001, 61.06, 42, 0x0000000000000000
2026/09/26 12:45:31.497, P1, 2940, 14001, 61.06, 42, 0x0000000000000000
2026/09/26 12:45:31.560, P1, 2940, 14001, 61.06, 42, 0x0000000000000000
2026/09/26 12:45:31.611, P1, 2940, 14001, 61.06, 42, 0x0000000000000000
2026/09/26 12:45:31.677, P1, 2940, 14001, 61.06, 42, 0x0000000000000000
2026/09/26 12:45:31.727, P1, 2940, 14001, 61.73, 33, 0x0000000000000000
2026/09/26 12:45:31.778, P1, 2940, 14001, 61.73, 33, 0x0000000000000000
2026/09/26 12:45:31.844, P1, 2940, 14001, 61.73, 33, 0x0000000000000000
2026/09/26 12:45:31.895, P1, 2940, 14001, 61.73, 33, 0x0000000000000000
2026/09/26 12:45:31.961, P1, 2940, 14001, 61.73, 33, 0x0000000000000000
2026/09/26 12:45:32.011, P1, 2940, 14001, 61.73, 33, 0x0000000000000000
2026/09/26 12:45:32.077, P1, 2940, 14001, 61.73, 33, 0x0000000000000000
2026/09/26 12:45:32.127, P1, 2940, 14001, 61.73, 33, 0x0000000000000000
2026/09/26 12:45:32.178, P1, 2940, 14001, 61.73, 33, 0x0000000000000000
2026/09/26 12:45:32.230, P0, 2940, 14201, 62.15, 54, 0x0000000000000000
2026/09/26 12:45:32.294, P0, 2940, 14201, 62.15, 54, 0x0000000000000000
2026/09/26 12:45:32.345, P0, 2940, 14201, 62.15, 54, 0x0000000000000000
2026/09/26 12:45:32.412, P0, 2940, 14201, 62.15, 54, 0x0000000000000000
2026/09/26 12:45:32.478, P0, 2940, 14201, 62.15, 54, 0x0000000000000000
2026/09/26 12:45:32.529, P0, 2940, 14201, 62.15, 54, 0x0000000000000000
2026/09/26 12:45:32.595, P0, 2940, 14201, 62.15, 54, 0x0000000000000000
2026/09/26 12:45:32.645, P0, 2940, 14201, 62.15, 54, 0x0000000000000000
2026/09/26 12:45:32.710, P0, 2940, 14201, 62.15, 54, 0x0000000000000000
2026/09/26 12:45:32.775, P1, 2940, 14001, 58.38, 39, 0x0000000000000000
2026/09/26 12:45:32.838, P1, 2940, 14001, 58.38, 39, 0x0000000000000000
2026/09/26 12:45:32.901, P1, 2940, 14001, 58.38, 39, 0x0000000000000000
2026/09/26 12:45:32.962, P1, 2940, 14001, 58.38, 39, 0x0000000000000000
2026/09/26 12:45:33.027, P1, 2940, 14001, 58.38, 39, 0x0000000000000000
2026/09/26 12:45:33.078, P1, 2940, 14001, 58.38, 39, 0x0000000000000000
2026/09/26 12:45:33.129, P1, 2940, 14001, 58.38, 39, 0x0000000000000000
2026/09/26 12:45:33.179, P1, 2940, 14001, 58.38, 39, 0x0000000000000000
2026/09/26 12:45:33.245, P1, 2940, 14001, 59.68, 56, 0x0000000000000000
2026/09/26 12:45:33.308, P1, 2940, 14001, 59.68, 56, 0x0000000000000000
2026/09/26 12:45:33.370, P1, 2940, 14001, 59.68, 56, 0x0000000000000000
2026/09/26 12:45:33.430, P1, 2940, 14001, 59.68, 56, 0x0000000000000000
2026/09/26 12:45:33.495, P1, 2940, 14001, 59.68, 56, 0x0000000000000000
2026/09/26 12:45:33.545, P1, 2940, 14001, 59.68, 56, 0x0000000000000000
2026/09/26 12:45:33.596, P1, 2940, 14001, 59.68, 56, 0x0000000000000000
2026/09/26 12:45:33.662, P1, 2940, 14001, 59.68, 56, 0x0000000000000000
2026/09/26 12:45:33.729, P1, 2940, 14001, 67.45, 53, 0x0000000000000000
2026/09/26 12:45:33.780, P1, 2940, 14001, 67.45, 53, 0x0000000000000000
2026/09/26 12:45:33.846, P1, 2940, 14001, 67.45, 53, 0x0000000000000000
2026/09/26 12:45:33.897, P1, 2940, 14001, 67.45, 53, 0x0000000000000000
2026/09/26 12:45:33.963, P1, 2940, 14001, 67.45, 53, 0x0000000000000000
2026/09/26 12:45:34.013, P1, 2940, 14001, 67.45, 53, 0x0000000000000000
2026/09/26 12:45:34.064, P1, 2940, 14001, 67.45, 53, 0x0000000000000000
2026/09/26 12:45:34.114, P1, 2940, 14001, 67.45, 53, 0x0000000000000000
2026/09/26 12:45:34.166, P1, 2940, 14001, 67.45, 53, 0x0000000000000000
2026/09/26 12:45:34.229, P1, 2940, 14001, 66.38, 23, 0x0000000000000000
2026/09/26 12:45:34.280, P1, 2940, 14001, 66.38, 23, 0x0000000000000000
2026/09/26 12:45:34.330, P1, 2940, 14001, 66.38, 23, 0x0000000000000000
2026/09/26 12:45:34.381, P1, 2940, 14001, 66.38, 23, 0x0000000000000000
2026/09/26 12:45:34.446, P1, 2940, 14001, 66.38, 23, 0x0000000000000000
2026/09/26 12:45:34.497, P1, 2940, 14001, 66.38, 23, 0x0000000000000000
2026/09/26 12:45:34.563, P1, 2940, 14001, 66.38, 23, 0x0000000000000000
2026/09/26 12:45:34.613, P1, 2940, 14001, 66.38, 23, 0x0000000000000000
2026/09/26 12:45:34.664, P1, 2940, 14001, 66.38, 23, 0x0000000000000000
2026/09/26 12:45:34.714, P1, 2940, 14001, 66.38, 23, 0x0000000000000000
2026/09/26 12:45:34.780, P1, 2947, 14001, 58.70, 47, 0x0000000000000000
2026/09/26 12:45:34.848, P1, 2947, 14001, 58.70, 47, 0x0000000000000000
2026/09/26 12:45:34.898, P1, 2947, 14001, 58.70, 47, 0x0000000000000000
2026/09/26 12:45:34.964, P1, 2947, 14001, 58.70, 47, 0x0000000000000000
2026/09/26 12:45:35.015, P1, 2947, 14001, 58.70, 47, 0x0000000000000000
2026/09/26 12:45:35.080, P1, 2947, 14001, 58.70, 47, 0x0000000000000000
2026/09/26 12:45:35.131, P1, 2947, 14001, 58.70, 47, 0x0000000000000000
2026/09/26 12:45:35.197, P1, 2947, 14001, 58.70, 47, 0x0000000000000000
2026/09/26 12:45:35.247, P1, 2940, 14001, 60.24, 49, 0x0000000000000000
2026/09/26 12:45:35.314, P1, 2940, 14001, 60.24, 49, 0x0000000000000000
2026/09/26 12:45:35.364, P1, 2940, 14001, 60.24, 49, 0x0000000000000000
2026/09/26 12:45:35.414, P1, 2940, 14001, 60.24, 49, 0x0000000000000000
2026/09/26 12:45:35.465, P1, 2940, 14001, 60.24, 49, 0x0000000000000000
2026/09/26 12:45:35.531, P1, 2940, 14001, 60.24, 49, 0x0000000000000000
2026/09/26 12:45:35.581, P1, 2940, 14001, 60.24, 49, 0x0000000000000000
2026/09/26 12:45:35.632, P1, 2940, 14001, 60.24, 49, 0x0000000000000000
2026/09/26 12:45:35.697, P1, 2940, 14001, 60.24, 49, 0x0000000000000000
2026/09/26 12:45:35.760, P1, 2940, 14001, 67.84, 56, 0x0000000000000000
2026/09/26 12:45:35.823, P1, 2940, 14001, 67.84, 56, 0x0000000000000000
2026/09/26 12:45:35.881, P1, 2940, 14001, 67.84, 56, 0x0000000000000000
2026/09/26 12:45:35.932, P1, 2940, 14001, 67.84, 56, 0x0000000000000000
2026/09/26 12:45:35.982, P1, 2940, 14001, 67.84, 56, 0x0000000000000000
2026/09/26 12:45:36.047, P1, 2940, 14001, 67.84, 56, 0x0000000000000000
2026/09/26 12:45:36.099, P1, 2940, 14001, 67.84, 56, 0x0000000000000000
2026/09/26 12:45:36.165, P1, 2940, 14001, 67.84, 56, 0x0000000000000000
2026/09/26 12:45:36.229, P0, 2940, 14201, 64.93, 17, 0x0000000000000000
2026/09/26 12:45:36.292, P0, 2940, 14201, 64.93, 17, 0x0000000000000000
2026/09/26 12:45:36.355, P0, 2940, 14201, 64.93, 17, 0x0000000000000000
2026/09/26 12:45:36.415, P0, 2940, 14201, 64.93, 17, 0x0000000000000000
2026/09/26 12:45:36.466, P0, 2940, 14201, 64.93, 17, 0x0000000000000000
2026/09/26 12:45:36.532, P0, 2940, 14201, 64.93, 17, 0x0000000000000000
2026/09/26 12:45:36.582, P0, 2940, 14201, 64.93, 17, 0x0000000000000000
2026/09/26 12:45:36.633, P0, 2940, 14201, 64.93, 17, 0x0000000000000000
2026/09/26 12:45:36.699, P0, 2940, 14201, 64.93, 17, 0x0000000000000000
2026/09/26 12:45:36.749, P1, 2955, 14001, 56.33, 22, 0x0000000000000000
2026/09/26 12:45:36.799, P1, 2955, 14001, 56.33, 22, 0x0000000000000000
2026/09/26 12:45:36.849, P1, 2955, 14001, 56.33, 22, 0x0000000000000000
2026/09/26 12:45:36.900, P1, 2955, 14001, 56.33, 22, 0x0000000000000000
2026/09/26 12:45:36.950, P1, 2955, 14001, 56.33, 22, 0x0000000000000000
2026/09/26 12:45:37.016, P1, 2955, 14001, 56.33, 22, 0x0000000000000000
2026/09/26 12:45:37.067, P1, 2955, 14001, 56.33, 22, 0x0000000000000000
2026/09/26 12:45:37.133, P1, 2955, 14001, 56.33, 22, 0x0000000000000000
2026/09/26 12:45:37.183, P1, 2955, 14001, 56.33, 22, 0x0000000000000000
2026/09/26 12:45:37.234, P1, 2940, 14001, 56.58, 53, 0x0000000000000000
2026/09/26 12:45:37.299, P1, 2940, 14001, 56.58, 53, 0x0000000000000000
2026/09/26 12:45:37.350, P1, 2940, 14001, 56.58, 53, 0x0000000000000000
2026/09/26 12:45:37.400, P1, 2940, 14001, 56.58, 53, 0x0000000000000000
2026/09/26 12:45:37.466, P1, 2940, 14001, 56.58, 53, 0x0000000000000000
2026/09/26 12:45:37.517, P1, 2940, 14001, 56.58, 53, 0x0000000000000000
2026/09/26 12:45:37.583, P1, 2940, 14001, 56.58, 53, 0x0000000000000000
2026/09/26 12:45:37.634, P1, 2940, 14001, 56.58, 53, 0x0000000000000000
2026/09/26 12:45:37.700, P1, 2940, 14001, 56.58, 53, 0x0000000000000000
2026/09/26 12:45:37.751, P1, 2940, 14001, 62.66, 46, 0x0000000000000000
2026/09/26 12:45:37.817, P1, 2940, 14001, 62.66, 46, 0x0000000000000000
2026/09/26 12:45:37.867, P1, 2940, 14001, 62.66, 46, 0x0000000000000000
2026/09/26 12:45:37.934, P1, 2940, 14001, 62.66, 46, 0x0000000000000000
2026/09/26 12:45:37.984, P1, 2940, 14001, 62.66, 46, 0x0000000000000000
2026/09/26 12:45:38.050, P1, 2940, 14001, 62.66, 46, 0x0000000000000000
2026/09/26 12:45:38.100, P1, 2940, 14001, 62.66, 46, 0x0000000000000000
2026/09/26 12:45:38.151, P1, 2940, 14001, 62.66, 46, 0x0000000000000000
2026/09/26 12:45:38.217, P1, 2940, 14001, 62.66, 46, 0x0000000000000000
2026/09/26 12:45:38.267, P1, 2940, 14001, 65.22, 53, 0x0000000000000000
2026/09/26 12:45:38.318, P1, 2940, 14001, 65.22, 53, 0x0000000000000000
2026/09/26 12:45:38.384, P1, 2940, 14001, 65.22, 53, 0x0000000000000000
2026/09/26 12:45:38.434, P1, 2940, 14001, 65.22, 53, 0x0000000000000000
2026/09/26 12:45:38.484, P1, 2940, 14001, 65.22, 53, 0x0000000000000000
2026/09/26 12:45:38.535, P1, 2940, 14001, 65.22, 53, 0x0000000000000000
2026/09/26 12:45:38.601, P1, 2940, 14001, 65.22, 53, 0x0000000000000000
2026/09/26 12:45:38.666, P1, 2940, 14001, 65.22, 53, 0x0000000000000000
2026/09/26 12:45:38.717, P1, 2940, 14001, 65.22, 53, 0x0000000000000000
2026/09/26 12:45:38.768, P1, 2947, 14001, 59.87, 26, 0x0000000000000000
2026/09/26 12:45:38.831, P1, 2947, 14001, 59.87, 26, 0x0000000000000000
2026/09/26 12:45:38.895, P1, 2947, 14001, 59.87, 26, 0x0000000000000000
2026/09/26 12:45:38.951, P1, 2947, 14001, 59.87, 26, 0x0000000000000000
2026/09/26 12:45:39.017, P1, 2947, 14001, 59.87, 26, 0x0000000000000000
2026/09/26 12:45:39.068, P1, 2947, 14001, 59.87, 26, 0x0000000000000000
2026/09/26 12:45:39.119, P1, 2947, 14001, 59.87, 26, 0x0000000000000000
2026/09/26 12:45:39.183, P1, 2947, 14001, 59.87, 26, 0x0000000000000000
2026/09/26 12:45:39.246, P1, 2940, 14001, 57.71, 54, 0x0000000000000000
2026/09/26 12:45:39.310, P1, 2940, 14001, 57.71, 54, 0x0000000000000000
2026/09/26 12:45:39.374, P1, 2940, 14001, 57.71, 54, 0x0000000000000000
2026/09/26 12:45:39.435, P1, 2940, 14001, 57.71, 54, 0x0000000000000000
2026/09/26 12:45:39.485, P1, 2940, 14001, 57.71, 54, 0x0000000000000000
2026/09/26 12:45:39.536, P1, 2940, 14001, 57.71, 54, 0x0000000000000000
2026/09/26 12:45:39.602, P1, 2940, 14001, 57.71, 54, 0x0000000000000000
2026/09/26 12:45:39.653, P1, 2940, 14001, 57.71, 54, 0x0000000000000000
2026/09/26 12:45:39.719, P1, 2940, 14001, 57.71, 54, 0x0000000000000000
2026/09/26 12:45:39.785, P1, 2940, 14001, 63.32, 31, 0x0000000000000000
2026/09/26 12:45:39.835, P1, 2940, 14001, 63.32, 31, 0x0000000000000000
2026/09/26 12:45:39.901, P1, 2940, 14001, 63.32, 31, 0x0000000000000000
2026/09/26 12:45:39.952, P1, 2940, 14001, 63.32, 31, 0x0000000000000000
2026/09/26 12:45:40.002, P1, 2940, 14001, 63.32, 31, 0x0000000000000000
2026/09/26 12:45:40.068, P1, 2940, 14001, 63.32, 31, 0x0000000000000000
2026/09/26 12:45:40.119, P1, 2940, 14001, 63.32, 31, 0x0000000000000000
2026/09/26 12:45:40.186, P1, 2940, 14001, 63.32, 31, 0x0000000000000000
2026/09/26 12:45:40.237, P1, 2940, 14001, 62.61, 54, 0x0000000000000000
2026/09/26 12:45:40.302, P1, 2940, 14001, 62.61, 54, 0x0000000000000000
2026/09/26 12:45:40.353, P1, 2940, 14001, 62.61, 54, 0x0000000000000000
2026/09/26 12:45:40.407, P1, 2940, 14001, 62.61, 54, 0x0000000000000000
2026/09/26 12:45:40.469, P1, 2940, 14001, 62.61, 54, 0x0000000000000000
2026/09/26 12:45:40.519, P1, 2940, 14001, 62.61, 54, 0x0000000000000000
2026/09/26 12:45:40.570, P1, 2940, 14001, 62.61, 54, 0x0000000000000000
2026/09/26 12:45:40.635, P1, 2940, 14001, 62.61, 54, 0x0000000000000000
2026/09/26 12:45:40.686, P1, 2940, 14001, 62.61, 54, 0x0000000000000000
2026/09/26 12:45:40.737, P0, 2940, 14201, 59.77, 9, 0x0000000000000000
2026/09/26 12:45:40.803, P0, 2940, 14201, 59.77, 9, 0x0000000000000000
2026/09/26 12:45:40.853, P0, 2940, 14201, 59.77, 9, 0x0000000000000000
2026/09/26 12:45:40.920, P0, 2940, 14201, 59.77, 9, 0x0000000000000000
2026/09/26 12:45:40.970, P0, 2940, 14201, 59.77, 9, 0x0000000000000000
2026/09/26 12:45:41.021, P0, 2940, 14201, 59.77, 9, 0x0000000000000000
2026/09/26 12:45:41.073, P0, 2940, 14201, 59.77, 9, 0x0000000000000000
2026/09/26 12:45:41.137, P0, 2940, 14201, 59.77, 9, 0x0000000000000000
2026/09/26 12:45:41.187, P0, 2940, 14201, 59.77, 9, 0x0000000000000000
2026/09/26 12:45:41.254, P1, 2947, 14001, 61.45, 54, 0x0000000000000000
2026/09/26 12:45:41.304, P1, 2947, 14001, 61.45, 54, 0x0000000000000000
2026/09/26 12:45:41.370, P1, 2947, 14001, 61.45, 54, 0x0000000000000000
2026/09/26 12:45:41.421, P1, 2947, 14001, 61.45, 54, 0x0000000000000000
2026/09/26 12:45:41.487, P1, 2947, 14001, 61.45, 54, 0x0000000000000000
2026/09/26 12:45:41.538, P1, 2947, 14001, 61.45, 54, 0x0000000000000000
2026/09/26 12:45:41.604, P1, 2947, 14001, 61.45, 54, 0x0000000000000000
2026/09/26 12:45:41.654, P1, 2947, 14001, 61.45, 54, 0x0000000000000000
2026/09/26 12:45:41.705, P1, 2947, 14001, 61.45, 54, 0x0000000000000000
2026/09/26 12:45:41.769, P1, 2940, 14001, 63.20, 54, 0x0000000000000000
2026/09/26 12:45:41.833, P1, 2940, 14001, 63.20, 54, 0x0000000000000000
2026/09/26 12:45:41.897, P1, 2940, 14001, 63.20, 54, 0x0000000000000000
2026/09/26 12:45:41.954, P1, 2940, 14001, 63.20, 54, 0x0000000000000000
2026/09/26 12:45:42.019, P1, 2940, 14001, 63.20, 54, 0x0000000000000000
2026/09/26 12:45:42.070, P1, 2940, 14001, 63.20, 54, 0x0000000000000000
2026/09/26 12:45:42.135, P1, 2940, 14001, 63.20, 54, 0x0000000000000000
2026/09/26 12:45:42.189, P1, 2940, 14001, 63.20, 54, 0x0000000000000000
2026/09/26 12:45:42.254, P1, 2940, 14001, 65.70, 48, 0x0000000000000000
2026/09/26 12:45:42.319, P1, 2940, 14001, 65.70, 48, 0x0000000000000000
2026/09/26 12:45:42.383, P1, 2940, 14001, 65.70, 48, 0x0000000000000000
2026/09/26 12:45:42.438, P1, 2940, 14001, 65.70, 48, 0x0000000000000000
2026/09/26 12:45:42.489, P1, 2940, 14001, 65.70, 48, 0x0000000000000000
2026/09/26 12:45:42.555, P1, 2940, 14001, 65.70, 48, 0x0000000000000000
2026/09/26 12:45:42.606, P1, 2940, 14001, 65.70, 48, 0x0000000000000000
2026/09/26 12:45:42.671, P1, 2940, 14001, 65.70, 48, 0x0000000000000000
2026/09/26 12:45:42.722, P0, 2940, 14201, 59.09, 48, 0x0000000000000000
2026/09/26 12:45:42.772, P0, 2940, 14201, 59.09, 8, 0x0000000000000000
2026/09/26 12:45:42.839, P0, 2940, 14201, 59.09, 8, 0x0000000000000000
2026/09/26 12:45:42.904, P0, 2940, 14201, 59.09, 8, 0x0000000000000000
2026/09/26 12:45:42.955, P0, 2940, 14201, 59.09, 8, 0x0000000000000000
2026/09/26 12:45:43.006, P0, 2940, 14201, 59.09, 8, 0x0000000000000000
2026/09/26 12:45:43.058, P0, 2940, 14201, 59.09, 8, 0x0000000000000000
2026/09/26 12:45:43.122, P0, 2940, 14201, 59.09, 8, 0x0000000000000000
2026/09/26 12:45:43.173, P0, 2940, 14201, 59.09, 8, 0x0000000000000000
2026/09/26 12:45:43.239, P1, 2947, 14001, 56.57, 54, 0x0000000000000000
2026/09/26 12:45:43.290, P1, 2947, 14001, 56.57, 54, 0x0000000000000000
2026/09/26 12:45:43.355, P1, 2947, 14001, 56.57, 54, 0x0000000000000000
2026/09/26 12:45:43.406, P1, 2947, 14001, 56.57, 54, 0x0000000000000000
2026/09/26 12:45:43.456, P1, 2947, 14001, 56.57, 54, 0x0000000000000000
2026/09/26 12:45:43.506, P1, 2947, 14001, 56.57, 54, 0x0000000000000000
2026/09/26 12:45:43.557, P1, 2947, 14001, 56.57, 54, 0x0000000000000000
2026/09/26 12:45:43.622, P1, 2947, 14001, 56.57, 54, 0x0000000000000000
2026/09/26 12:45:43.673, P1, 2947, 14001, 56.57, 54, 0x0000000000000000
2026/09/26 12:45:43.723, P1, 2940, 14001, 62.89, 51, 0x0000000000000000
2026/09/26 12:45:43.789, P1, 2940, 14001, 62.89, 51, 0x0000000000000000
2026/09/26 12:45:43.856, P1, 2940, 14001, 62.89, 51, 0x0000000000000000
2026/09/26 12:45:43.907, P1, 2940, 14001, 62.89, 51, 0x0000000000000000
2026/09/26 12:45:43.973, P1, 2940, 14001, 62.89, 51, 0x0000000000000000
2026/09/26 12:45:44.024, P1, 2940, 14001, 62.89, 51, 0x0000000000000000
2026/09/26 12:45:44.089, P1, 2940, 14001, 62.89, 51, 0x0000000000000000
2026/09/26 12:45:44.140, P1, 2940, 14001, 62.89, 51, 0x0000000000000000
2026/09/26 12:45:44.190, P1, 2940, 14001, 62.89, 51, 0x0000000000000000
2026/09/26 12:45:44.256, P1, 2940, 14001, 65.08, 52, 0x0000000000000000
2026/09/26 12:45:44.307, P1, 2940, 14001, 65.08, 52, 0x0000000000000000
2026/09/26 12:45:44.373, P1, 2940, 14001, 65.08, 52, 0x0000000000000000
2026/09/26 12:45:44.424, P1, 2940, 14001, 65.08, 52, 0x0000000000000000
2026/09/26 12:45:44.490, P1, 2940, 14001, 65.08, 52, 0x0000000000000000
2026/09/26 12:45:44.541, P1, 2940, 14001, 65.08, 52, 0x0000000000000000
2026/09/26 12:45:44.607, P1, 2940, 14001, 65.08, 52, 0x0000000000000000
2026/09/26 12:45:44.670, P1, 2940, 14001, 65.08, 52, 0x0000000000000000
2026/09/26 12:45:44.723, P1, 2940, 14001, 62.17, 18, 0x0000000000000000
2026/09/26 12:45:44.790, P1, 2940, 14001, 62.17, 18, 0x0000000000000000
2026/09/26 12:45:44.842, P1, 2940, 14001, 62.17, 18, 0x0000000000000000
2026/09/26 12:45:44.907, P1, 2940, 14001, 62.17, 18, 0x0000000000000000
2026/09/26 12:45:44.958, P1, 2940, 14001, 62.17, 18, 0x0000000000000000
2026/09/26 12:45:45.023, P1, 2940, 14001, 62.17, 18, 0x0000000000000000
2026/09/26 12:45:45.075, P1, 2940, 14001, 62.17, 18, 0x0000000000000000
2026/09/26 12:45:45.140, P1, 2940, 14001, 62.17, 18, 0x0000000000000000
2026/09/26 12:45:45.204, P1, 2940, 14001, 62.17, 18, 0x0000000000000000
2026/09/26 12:45:45.268, P1, 2940, 14001, 61.06, 36, 0x0000000000000000
2026/09/26 12:45:45.332, P1, 2940, 14001, 61.06, 36, 0x0000000000000000
2026/09/26 12:45:45.392, P1, 2940, 14001, 61.06, 36, 0x0000000000000000
2026/09/26 12:45:45.443, P1, 2940, 14001, 61.06, 36, 0x0000000000000000
2026/09/26 12:45:45.508, P1, 2940, 14001, 61.06, 36, 0x0000000000000000
2026/09/26 12:45:45.559, P1, 2940, 14001, 61.06, 36, 0x0000000000000000
2026/09/26 12:45:45.620, P1, 2940, 14001, 61.06, 36, 0x0000000000000000
2026/09/26 12:45:45.675, P1, 2940, 14001, 61.06, 36, 0x0000000000000000
2026/09/26 12:45:45.726, P1, 2940, 14001, 61.96, 54, 0x0000000000000000
2026/09/26 12:45:45.776, P1, 2940, 14001, 61.96, 54, 0x0000000000000000
2026/09/26 12:45:45.831, P1, 2940, 14001, 61.96, 54, 0x0000000000000000
2026/09/26 12:45:45.891, P1, 2940, 14001, 61.96, 54, 0x0000000000000000
2026/09/26 12:45:45.941, P1, 2940, 14001, 61.96, 54, 0x0000000000000000
2026/09/26 12:45:45.991, P1, 2940, 14001, 61.96, 54, 0x0000000000000000
2026/09/26 12:45:46.042, P1, 2940, 14001, 61.96, 54, 0x0000000000000000
2026/09/26 12:45:46.108, P1, 2940, 14001, 61.96, 54, 0x0000000000000000
2026/09/26 12:45:46.158, P1, 2940, 14001, 61.96, 54, 0x0000000000000000
2026/09/26 12:45:46.209, P1, 2940, 14001, 61.96, 54, 0x0000000000000000
2026/09/26 12:45:46.262, P1, 2940, 14001, 66.87, 54, 0x0000000000000000
2026/09/26 12:45:46.325, P1, 2940, 14001, 66.87, 54, 0x0000000000000000
2026/09/26 12:45:46.375, P1, 2940, 14001, 66.87, 54, 0x0000000000000000
2026/09/26 12:45:46.425, P1, 2940, 14001, 66.87, 54, 0x0000000000000000
2026/09/26 12:45:46.476, P1, 2940, 14001, 66.87, 54, 0x0000000000000000
2026/09/26 12:45:46.542, P1, 2940, 14001, 66.87, 54, 0x0000000000000000
2026/09/26 12:45:46.592, P1, 2940, 14001, 66.87, 54, 0x0000000000000000
2026/09/26 12:45:46.643, P1, 2940, 14001, 66.87, 54, 0x0000000000000000
2026/09/26 12:45:46.709, P1, 2940, 14001, 66.87, 54, 0x0000000000000000
2026/09/26 12:45:46.759, P0, 2947, 14201, 60.51, 10, 0x0000000000000000
2026/09/26 12:45:46.809, P0, 2947, 14201, 60.51, 10, 0x0000000000000000
2026/09/26 12:45:46.859, P0, 2947, 14201, 60.51, 10, 0x0000000000000000
2026/09/26 12:45:46.910, P0, 2947, 14201, 60.51, 10, 0x0000000000000000
2026/09/26 12:45:46.976, P0, 2947, 14201, 60.51, 10, 0x0000000000000000
2026/09/26 12:45:47.027, P0, 2947, 14201, 60.51, 10, 0x0000000000000000
2026/09/26 12:45:47.093, P0, 2947, 14201, 60.51, 10, 0x0000000000000000
2026/09/26 12:45:47.144, P0, 2947, 14201, 60.51, 10, 0x0000000000000000
2026/09/26 12:45:47.209, P0, 2947, 14201, 60.51, 10, 0x0000000000000000
2026/09/26 12:45:47.274, P1, 2955, 14001, 56.69, 45, 0x0000000000000000
2026/09/26 12:45:47.336, P1, 2955, 14001, 56.69, 45, 0x0000000000000000
2026/09/26 12:45:47.399, P1, 2955, 14001, 56.69, 45, 0x0000000000000000
2026/09/26 12:45:47.463, P1, 2955, 14001, 56.69, 45, 0x0000000000000000
2026/09/26 12:45:47.526, P1, 2955, 14001, 56.69, 45, 0x0000000000000000
2026/09/26 12:45:47.589, P1, 2955, 14001, 56.69, 45, 0x0000000000000000
2026/09/26 12:45:47.653, P1, 2955, 14001, 56.69, 45, 0x0000000000000000
2026/09/26 12:45:47.717, P1, 2955, 14001, 56.69, 45, 0x0000000000000000
2026/09/26 12:45:47.779, P1, 2940, 14001, 62.18, 54, 0x0000000000000000
2026/09/26 12:45:47.843, P1, 2940, 14001, 62.18, 54, 0x0000000000000000
2026/09/26 12:45:47.905, P1, 2940, 14001, 62.18, 54, 0x0000000000000000
2026/09/26 12:45:47.968, P1, 2940, 14001, 62.18, 54, 0x0000000000000000
2026/09/26 12:45:48.031, P1, 2940, 14001, 62.18, 54, 0x0000000000000000
2026/09/26 12:45:48.094, P1, 2940, 14001, 62.18, 54, 0x0000000000000000
2026/09/26 12:45:48.156, P1, 2940, 14001, 62.18, 54, 0x0000000000000000
2026/09/26 12:45:48.220, P1, 2940, 14001, 62.18, 54, 0x0000000000000000
2026/09/26 12:45:48.283, P1, 2940, 14001, 64.45, 39, 0x0000000000000000
2026/09/26 12:45:48.346, P1, 2940, 14001, 64.45, 39, 0x0000000000000000
2026/09/26 12:45:48.409, P1, 2940, 14001, 64.45, 39, 0x0000000000000000
2026/09/26 12:45:48.471, P1, 2940, 14001, 64.45, 39, 0x0000000000000000
2026/09/26 12:45:48.534, P1, 2940, 14001, 64.45, 39, 0x0000000000000000
2026/09/26 12:45:48.597, P1, 2940, 14001, 64.45, 39, 0x0000000000000000
2026/09/26 12:45:48.660, P1, 2940, 14001, 64.45, 39, 0x0000000000000000
2026/09/26 12:45:48.723, P1, 2940, 14001, 61.87, 3, 0x0000000000000000
2026/09/26 12:45:48.787, P1, 2940, 14001, 61.87, 3, 0x0000000000000000
2026/09/26 12:45:48.850, P1, 2940, 14001, 61.87, 3, 0x0000000000000000
2026/09/26 12:45:48.913, P1, 2940, 14001, 61.87, 3, 0x0000000000000000
2026/09/26 12:45:48.976, P1, 2940, 14001, 61.87, 3, 0x0000000000000000
2026/09/26 12:45:49.038, P1, 2940, 14001, 61.87, 3, 0x0000000000000000
2026/09/26 12:45:49.101, P1, 2940, 14001, 61.87, 3, 0x0000000000000000
2026/09/26 12:45:49.163, P1, 2940, 14001, 61.87, 3, 0x0000000000000000
2026/09/26 12:45:49.226, P1, 2955, 14001, 59.99, 49, 0x0000000000000000
2026/09/26 12:45:49.290, P1, 2955, 14001, 59.99, 49, 0x0000000000000000
2026/09/26 12:45:49.353, P1, 2955, 14001, 59.99, 49, 0x0000000000000000
2026/09/26 12:45:49.416, P1, 2955, 14001, 59.99, 49, 0x0000000000000000
2026/09/26 12:45:49.479, P1, 2955, 14001, 59.99, 49, 0x0000000000000000
2026/09/26 12:45:49.543, P1, 2955, 14001, 59.99, 49, 0x0000000000000000
2026/09/26 12:45:49.606, P1, 2955, 14001, 59.99, 49, 0x0000000000000000
2026/09/26 12:45:49.668, P1, 2955, 14001, 59.99, 49, 0x0000000000000000
2026/09/26 12:45:49.730, P1, 2940, 14001, 60.19, 55, 0x0000000000000000
2026/09/26 12:45:49.791, P1, 2940, 14001, 60.19, 55, 0x0000000000000000
2026/09/26 12:45:49.855, P1, 2940, 14001, 60.19, 55, 0x0000000000000000
2026/09/26 12:45:49.918, P1, 2940, 14001, 60.19, 55, 0x0000000000000000
2026/09/26 12:45:49.982, P1, 2940, 14001, 60.19, 55, 0x0000000000000000
2026/09/26 12:45:50.045, P1, 2940, 14001, 60.19, 55, 0x0000000000000000
2026/09/26 12:45:50.108, P1, 2940, 14001, 60.19, 55, 0x0000000000000000
2026/09/26 12:45:50.171, P1, 2940, 14001, 60.19, 55, 0x0000000000000000
2026/09/26 12:45:50.234, P1, 2940, 14001, 64.31, 27, 0x0000000000000000
2026/09/26 12:45:50.297, P1, 2940, 14001, 64.31, 27, 0x0000000000000000
2026/09/26 12:45:50.359, P1, 2940, 14001, 64.31, 27, 0x0000000000000000
2026/09/26 12:45:50.422, P1, 2940, 14001, 64.31, 27, 0x0000000000000000
2026/09/26 12:45:50.484, P1, 2940, 14001, 64.31, 27, 0x0000000000000000
2026/09/26 12:45:50.547, P1, 2940, 14001, 64.31, 27, 0x0000000000000000
2026/09/26 12:45:50.610, P1, 2940, 14001, 64.31, 27, 0x0000000000000000
2026/09/26 12:45:50.674, P1, 2940, 14001, 64.31, 27, 0x0000000000000000
2026/09/26 12:45:50.736, P1, 2940, 14201, 62.38, 30, 0x0000000000000000
2026/09/26 12:45:50.800, P1, 2940, 14201, 62.38, 30, 0x0000000000000000
2026/09/26 12:45:50.863, P1, 2940, 14201, 62.38, 30, 0x0000000000000000
2026/09/26 12:45:50.927, P1, 2940, 14201, 62.38, 30, 0x0000000000000000
2026/09/26 12:45:50.989, P1, 2940, 14201, 62.38, 30, 0x0000000000000000
2026/09/26 12:45:51.052, P1, 2940, 14201, 62.38, 30, 0x0000000000000000
2026/09/26 12:45:51.116, P1, 2940, 14201, 62.38, 30, 0x0000000000000000
2026/09/26 12:45:51.177, P1, 2940, 14201, 62.38, 30, 0x0000000000000000
2026/09/26 12:45:51.240, P1, 2955, 14001, 54.40, 38, 0x0000000000000000
2026/09/26 12:45:51.302, P1, 2955, 14001, 54.40, 38, 0x0000000000000000
2026/09/26 12:45:51.365, P1, 2955, 14001, 54.40, 38, 0x0000000000000000
2026/09/26 12:45:51.428, P1, 2955, 14001, 54.40, 38, 0x0000000000000000
2026/09/26 12:45:51.491, P1, 2955, 14001, 54.40, 38, 0x0000000000000000
2026/09/26 12:45:51.553, P1, 2955, 14001, 54.40, 38, 0x0000000000000000
2026/09/26 12:45:51.617, P1, 2955, 14001, 54.40, 38, 0x0000000000000000
2026/09/26 12:45:51.679, P1, 2955, 14001, 54.40, 38, 0x0000000000000000
2026/09/26 12:45:51.741, P1, 2940, 14001, 56.49, 49, 0x0000000000000000
2026/09/26 12:45:51.804, P1, 2940, 14001, 56.49, 49, 0x0000000000000000
2026/09/26 12:45:51.866, P1, 2940, 14001, 56.49, 49, 0x0000000000000000
2026/09/26 12:45:51.928, P1, 2940, 14001, 56.49, 49, 0x0000000000000000
2026/09/26 12:45:51.990, P1, 2940, 14001, 56.49, 49, 0x0000000000000000
2026/09/26 12:45:52.053, P1, 2940, 14001, 56.49, 49, 0x0000000000000000
2026/09/26 12:45:52.116, P1, 2940, 14001, 56.49, 49, 0x0000000000000000
2026/09/26 12:45:52.177, P1, 2940, 14001, 56.49, 49, 0x0000000000000000
2026/09/26 12:45:52.239, P1, 2940, 14001, 64.82, 54, 0x0000000000000000
2026/09/26 12:45:52.302, P1, 2940, 14001, 64.82, 54, 0x0000000000000000
2026/09/26 12:45:52.365, P1, 2940, 14001, 64.82, 54, 0x0000000000000000
2026/09/26 12:45:52.428, P1, 2940, 14001, 64.82, 54, 0x0000000000000000
2026/09/26 12:45:52.490, P1, 2940, 14001, 64.82, 54, 0x0000000000000000
2026/09/26 12:45:52.553, P1, 2940, 14001, 64.82, 54, 0x0000000000000000
2026/09/26 12:45:52.615, P1, 2940, 14001, 64.82, 54, 0x0000000000000000
2026/09/26 12:45:52.677, P1, 2940, 14001, 64.82, 54, 0x0000000000000000
2026/09/26 12:45:52.740, P1, 2940, 14001, 63.68, 34, 0x0000000000000000
2026/09/26 12:45:52.802, P1, 2940, 14001, 63.68, 34, 0x0000000000000000
2026/09/26 12:45:52.864, P1, 2940, 14001, 63.68, 34, 0x0000000000000000
2026/09/26 12:45:52.927, P1, 2940, 14001, 63.68, 34, 0x0000000000000000
2026/09/26 12:45:52.989, P1, 2940, 14001, 63.68, 34, 0x0000000000000000
2026/09/26 12:45:53.052, P1, 2940, 14001, 63.68, 34, 0x0000000000000000
2026/09/26 12:45:53.115, P1, 2940, 14001, 63.68, 34, 0x0000000000000000
2026/09/26 12:45:53.178, P1, 2940, 14001, 63.68, 34, 0x0000000000000000
2026/09/26 12:45:53.241, P1, 2947, 14001, 58.70, 33, 0x0000000000000000
2026/09/26 12:45:53.303, P1, 2947, 14001, 58.70, 33, 0x0000000000000000
2026/09/26 12:45:53.366, P1, 2947, 14001, 58.70, 33, 0x0000000000000000
2026/09/26 12:45:53.428, P1, 2947, 14001, 58.70, 33, 0x0000000000000000
2026/09/26 12:45:53.490, P1, 2947, 14001, 58.70, 33, 0x0000000000000000
2026/09/26 12:45:53.552, P1, 2947, 14001, 58.70, 33, 0x0000000000000000
2026/09/26 12:45:53.616, P1, 2947, 14001, 58.70, 33, 0x0000000000000000
2026/09/26 12:45:53.678, P1, 2947, 14001, 58.70, 33, 0x0000000000000000
2026/09/26 12:45:53.741, P1, 2940, 14001, 60.48, 50, 0x0000000000000000
2026/09/26 12:45:53.804, P1, 2940, 14001, 60.48, 50, 0x0000000000000000
2026/09/26 12:45:53.867, P1, 2940, 14001, 60.48, 50, 0x0000000000000000
2026/09/26 12:45:53.930, P1, 2940, 14001, 60.48, 50, 0x0000000000000000
2026/09/26 12:45:53.993, P1, 2940, 14001, 60.48, 50, 0x0000000000000000
2026/09/26 12:45:54.055, P1, 2940, 14001, 60.48, 50, 0x0000000000000000
2026/09/26 12:45:54.118, P1, 2940, 14001, 60.48, 50, 0x0000000000000000
2026/09/26 12:45:54.181, P1, 2940, 14001, 60.48, 50, 0x0000000000000000
2026/09/26 12:45:54.244, P1, 2940, 14001, 64.79, 48, 0x0000000000000000
2026/09/26 12:45:54.307, P1, 2940, 14001, 64.79, 48, 0x0000000000000000
2026/09/26 12:45:54.370, P1, 2940, 14001, 64.79, 48, 0x0000000000000000
2026/09/26 12:45:54.432, P1, 2940, 14001, 64.79, 48, 0x0000000000000000
2026/09/26 12:45:54.494, P1, 2940, 14001, 64.79, 48, 0x0000000000000000
2026/09/26 12:45:54.557, P1, 2940, 14001, 64.79, 48, 0x0000000000000000
2026/09/26 12:45:54.620, P1, 2940, 14001, 64.79, 48, 0x0000000000000000
2026/09/26 12:45:54.683, P1, 2940, 14001, 64.79, 48, 0x0000000000000000
2026/09/26 12:45:54.746, P1, 2955, 14001, 64.69, 55, 0x0000000000000000
2026/09/26 12:45:54.809, P1, 2955, 14001, 64.69, 55, 0x0000000000000000
2026/09/26 12:45:54.872, P1, 2955, 14001, 64.69, 55, 0x0000000000000000
2026/09/26 12:45:54.935, P1, 2955, 14001, 64.69, 55, 0x0000000000000000
2026/09/26 12:45:54.998, P1, 2955, 14001, 64.69, 55, 0x0000000000000000
2026/09/26 12:45:55.059, P1, 2955, 14001, 64.69, 55, 0x0000000000000000
2026/09/26 12:45:55.123, P1, 2955, 14001, 64.69, 55, 0x0000000000000000
2026/09/26 12:45:55.187, P1, 2955, 14001, 64.69, 55, 0x0000000000000000
2026/09/26 12:45:55.250, P1, 2955, 14001, 55.89, 17, 0x0000000000000000
2026/09/26 12:45:55.311, P1, 2955, 14001, 55.89, 17, 0x0000000000000000
2026/09/26 12:45:55.373, P1, 2955, 14001, 55.89, 17, 0x0000000000000000
2026/09/26 12:45:55.435, P1, 2955, 14001, 55.89, 17, 0x0000000000000000
2026/09/26 12:45:55.499, P1, 2955, 14001, 55.89, 17, 0x0000000000000000
2026/09/26 12:45:55.563, P1, 2955, 14001, 55.89, 17, 0x0000000000000000
2026/09/26 12:45:55.624, P1, 2955, 14001, 55.89, 17, 0x0000000000000000
2026/09/26 12:45:55.688, P1, 2955, 14001, 55.89, 17, 0x0000000000000000
2026/09/26 12:45:55.751, P1, 2955, 14001, 53.85, 35, 0x0000000000000000
2026/09/26 12:45:55.814, P1, 2955, 14001, 53.85, 35, 0x0000000000000000
2026/09/26 12:45:55.878, P1, 2955, 14001, 53.85, 35, 0x0000000000000000
2026/09/26 12:45:55.940, P1, 2955, 14001, 53.85, 35, 0x0000000000000000
2026/09/26 12:45:56.004, P1, 2955, 14001, 53.85, 35, 0x0000000000000000
2026/09/26 12:45:56.066, P1, 2955, 14001, 53.85, 35, 0x0000000000000000
2026/09/26 12:45:56.129, P1, 2955, 14001, 53.85, 35, 0x0000000000000000
2026/09/26 12:45:56.192, P1, 2955, 14001, 53.85, 35, 0x0000000000000000
2026/09/26 12:45:56.256, P1, 2940, 14001, 61.98, 53, 0x0000000000000000
2026/09/26 12:45:56.321, P1, 2940, 14001, 61.98, 53, 0x0000000000000000
2026/09/26 12:45:56.384, P1, 2940, 14001, 61.98, 53, 0x0000000000000000
2026/09/26 12:45:56.446, P1, 2940, 14001, 61.98, 53, 0x0000000000000000
2026/09/26 12:45:56.509, P1, 2940, 14001, 61.98, 53, 0x0000000000000000
2026/09/26 12:45:56.573, P1, 2940, 14001, 61.98, 53, 0x0000000000000000
2026/09/26 12:45:56.635, P1, 2940, 14001, 61.98, 53, 0x0000000000000000
2026/09/26 12:45:56.698, P1, 2940, 14001, 61.98, 53, 0x0000000000000000
2026/09/26 12:45:56.761, P1, 2940, 14001, 66.79, 59, 0x0000000000000000
2026/09/26 12:45:56.823, P1, 2940, 14001, 66.79, 59, 0x0000000000000000
2026/09/26 12:45:56.886, P1, 2940, 14001, 66.79, 59, 0x0000000000000000
2026/09/26 12:45:56.949, P1, 2940, 14001, 66.79, 59, 0x0000000000000000
2026/09/26 12:45:57.012, P1, 2940, 14001, 66.79, 59, 0x0000000000000000
2026/09/26 12:45:57.073, P1, 2940, 14001, 66.79, 59, 0x0000000000000000
2026/09/26 12:45:57.137, P1, 2940, 14001, 66.79, 59, 0x0000000000000000
2026/09/26 12:45:57.198, P1, 2940, 14001, 66.79, 59, 0x0000000000000000
2026/09/26 12:45:57.261, P1, 2947, 14001, 65.26, 55, 0x0000000000000000
2026/09/26 12:45:57.324, P1, 2947, 14001, 65.26, 55, 0x0000000000000000
2026/09/26 12:45:57.387, P1, 2947, 14001, 65.26, 55, 0x0000000000000000
2026/09/26 12:45:57.448, P1, 2947, 14001, 65.26, 55, 0x0000000000000000
2026/09/26 12:45:57.511, P1, 2947, 14001, 65.26, 55, 0x0000000000000000
2026/09/26 12:45:57.574, P1, 2947, 14001, 65.26, 55, 0x0000000000000000
2026/09/26 12:45:57.637, P1, 2947, 14001, 65.26, 55, 0x0000000000000000
2026/09/26 12:45:57.699, P1, 2947, 14001, 65.26, 55, 0x0000000000000000
2026/09/26 12:45:57.762, P1, 2940, 14001, 63.63, 41, 0x0000000000000000
2026/09/26 12:45:57.825, P1, 2940, 14001, 63.63, 41, 0x0000000000000000
2026/09/26 12:45:57.887, P1, 2940, 14001, 63.63, 41, 0x0000000000000000
2026/09/26 12:45:57.950, P1, 2940, 14001, 63.63, 41, 0x0000000000000000
2026/09/26 12:45:58.013, P1, 2940, 14001, 63.63, 41, 0x0000000000000000
2026/09/26 12:45:58.076, P1, 2940, 14001, 63.63, 41, 0x0000000000000000
2026/09/26 12:45:58.138, P1, 2940, 14001, 63.63, 41, 0x0000000000000000
2026/09/26 12:45:58.202, P1, 2940, 14001, 63.63, 41, 0x0000000000000000
2026/09/26 12:45:58.264, P1, 2940, 14001, 66.12, 54, 0x0000000000000000
2026/09/26 12:45:58.327, P1, 2940, 14001, 66.12, 54, 0x0000000000000000
2026/09/26 12:45:58.389, P1, 2940, 14001, 66.12, 54, 0x0000000000000000
2026/09/26 12:45:58.452, P1, 2940, 14001, 66.12, 54, 0x0000000000000000
2026/09/26 12:45:58.515, P1, 2940, 14001, 66.12, 54, 0x0000000000000000
2026/09/26 12:45:58.578, P1, 2940, 14001, 66.12, 54, 0x0000000000000000
2026/09/26 12:45:58.640, P1, 2940, 14001, 66.12, 54, 0x0000000000000000
2026/09/26 12:45:58.702, P1, 2940, 14001, 66.12, 54, 0x0000000000000000
2026/09/26 12:45:58.764, P0, 2940, 14201, 63.60, 10, 0x0000000000000000
2026/09/26 12:45:58.826, P0, 2940, 14201, 63.60, 10, 0x0000000000000000
2026/09/26 12:45:58.889, P0, 2940, 14201, 63.60, 10, 0x0000000000000000
2026/09/26 12:45:58.951, P0, 2940, 14201, 63.60, 10, 0x0000000000000000
2026/09/26 12:45:59.014, P0, 2940, 14201, 63.60, 10, 0x0000000000000000
2026/09/26 12:45:59.077, P0, 2940, 14201, 63.60, 10, 0x0000000000000000
2026/09/26 12:45:59.139, P0, 2940, 14201, 63.60, 10, 0x0000000000000000
2026/09/26 12:45:59.202, P0, 2940, 14201, 63.60, 10, 0x0000000000000000
2026/09/26 12:45:59.265, P1, 2955, 14001, 58.82, 55, 0x0000000000000000
2026/09/26 12:45:59.327, P1, 2955, 14001, 58.82, 55, 0x0000000000000000
2026/09/26 12:45:59.390, P1, 2955, 14001, 58.82, 55, 0x0000000000000000
2026/09/26 12:45:59.453, P1, 2955, 14001, 58.82, 55, 0x0000000000000000
2026/09/26 12:45:59.516, P1, 2955, 14001, 58.82, 55, 0x0000000000000000
2026/09/26 12:45:59.578, P1, 2955, 14001, 58.82, 55, 0x0000000000000000
2026/09/26 12:45:59.642, P1, 2955, 14001, 58.82, 55, 0x0000000000000000
2026/09/26 12:45:59.706, P1, 2955, 14001, 58.82, 55, 0x0000000000000000
2026/09/26 12:45:59.768, P1, 2940, 14001, 59.11, 49, 0x0000000000000000
2026/09/26 12:45:59.831, P1, 2940, 14001, 59.11, 49, 0x0000000000000000
2026/09/26 12:45:59.893, P1, 2940, 14001, 59.11, 49, 0x0000000000000000
2026/09/26 12:45:59.957, P1, 2940, 14001, 59.11, 49, 0x0000000000000000
2026/09/26 12:46:00.020, P1, 2940, 14001, 59.11, 49, 0x0000000000000000
2026/09/26 12:46:00.083, P1, 2940, 14001, 59.11, 49, 0x0000000000000000
2026/09/26 12:46:00.146, P1, 2940, 14001, 59.11, 49, 0x0000000000000000
2026/09/26 12:46:00.208, P1, 2940, 14001, 59.11, 49, 0x0000000000000000
2026/09/26 12:46:00.273, P1, 2940, 14001, 66.66, 56, 0x0000000000000000
2026/09/26 12:46:00.335, P1, 2940, 14001, 66.66, 56, 0x0000000000000000
2026/09/26 12:46:00.397, P1, 2940, 14001, 66.66, 56, 0x0000000000000000
2026/09/26 12:46:00.461, P1, 2940, 14001, 66.66, 56, 0x0000000000000000
2026/09/26 12:46:00.524, P1, 2940, 14001, 66.66, 56, 0x0000000000000000
2026/09/26 12:46:00.587, P1, 2940, 14001, 66.66, 56, 0x0000000000000000
2026/09/26 12:46:00.651, P1, 2940, 14001, 66.66, 56, 0x0000000000000000
2026/09/26 12:46:00.712, P1, 2940, 14001, 66.66, 56, 0x0000000000000000
2026/09/26 12:46:00.775, P1, 2940, 14001, 61.94, 7, 0x0000000000000000
2026/09/26 12:46:00.838, P1, 2940, 14001, 61.94, 7, 0x0000000000000000
2026/09/26 12:46:00.901, P1, 2940, 14001, 61.94, 7, 0x0000000000000000
2026/09/26 12:46:00.963, P1, 2940, 14001, 61.94, 7, 0x0000000000000000
2026/09/26 12:46:01.026, P1, 2940, 14001, 61.94, 7, 0x0000000000000000
2026/09/26 12:46:01.089, P1, 2940, 14001, 61.94, 7, 0x0000000000000000
2026/09/26 12:46:01.152, P1, 2940, 14001, 61.94, 7, 0x0000000000000000
2026/09/26 12:46:01.214, P1, 2940, 14001, 61.94, 7, 0x0000000000000000
2026/09/26 12:46:01.277, P1, 2955, 14001, 59.31, 50, 0x0000000000000000
2026/09/26 12:46:01.339, P1, 2955, 14001, 59.31, 50, 0x0000000000000000
2026/09/26 12:46:01.402, P1, 2955, 14001, 59.31, 50, 0x0000000000000000
2026/09/26 12:46:01.464, P1, 2955, 14001, 59.31, 50, 0x0000000000000000
2026/09/26 12:46:01.525, P1, 2955, 14001, 59.31, 50, 0x0000000000000000
2026/09/26 12:46:01.588, P1, 2955, 14001, 59.31, 50, 0x0000000000000000
2026/09/26 12:46:01.650, P1, 2955, 14001, 59.31, 50, 0x0000000000000000
2026/09/26 12:46:01.713, P1, 2955, 14001, 59.31, 50, 0x0000000000000000
2026/09/26 12:46:01.776, P1, 2940, 14001, 61.38, 46, 0x0000000000000000
2026/09/26 12:46:01.838, P1, 2940, 14001, 61.38, 46, 0x0000000000000000
2026/09/26 12:46:01.900, P1, 2940, 14001, 61.38, 46, 0x0000000000000000
2026/09/26 12:46:01.962, P1, 2940, 14001, 61.38, 46, 0x0000000000000000
2026/09/26 12:46:02.025, P1, 2940, 14001, 61.38, 46, 0x0000000000000000
2026/09/26 12:46:02.088, P1, 2940, 14001, 61.38, 46, 0x0000000000000000
2026/09/26 12:46:02.152, P1, 2940, 14001, 61.38, 46, 0x0000000000000000
2026/09/26 12:46:02.214, P1, 2940, 14001, 61.38, 46, 0x0000000000000000
2026/09/26 12:46:02.277, P1, 2940, 14001, 65.99, 53, 0x0000000000000000
2026/09/26 12:46:02.339, P1, 2940, 14001, 65.99, 53, 0x0000000000000000
2026/09/26 12:46:02.401, P1, 2940, 14001, 65.99, 53, 0x0000000000000000
2026/09/26 12:46:02.464, P1, 2940, 14001, 65.99, 53, 0x0000000000000000
2026/09/26 12:46:02.526, P1, 2940, 14001, 65.99, 53, 0x0000000000000000
2026/09/26 12:46:02.589, P1, 2940, 14001, 65.99, 53, 0x0000000000000000
2026/09/26 12:46:02.651, P1, 2940, 14001, 65.99, 53, 0x0000000000000000
2026/09/26 12:46:02.712, P1, 2940, 14001, 65.99, 53, 0x0000000000000000
2026/09/26 12:46:02.774, P1, 2940, 14001, 63.08, 55, 0x0000000000000000
2026/09/26 12:46:02.837, P1, 2940, 14001, 63.08, 55, 0x0000000000000000
2026/09/26 12:46:02.899, P1, 2940, 14001, 63.08, 55, 0x0000000000000000
2026/09/26 12:46:02.963, P1, 2940, 14001, 63.08, 55, 0x0000000000000000
2026/09/26 12:46:03.024, P1, 2940, 14001, 63.08, 55, 0x0000000000000000
2026/09/26 12:46:03.086, P1, 2940, 14001, 63.08, 55, 0x0000000000000000
2026/09/26 12:46:03.149, P1, 2940, 14001, 63.08, 55, 0x0000000000000000
2026/09/26 12:46:03.212, P1, 2940, 14001, 63.08, 55, 0x0000000000000000
2026/09/26 12:46:03.274, P1, 2947, 14001, 62.37, 56, 0x0000000000000000
2026/09/26 12:46:03.336, P1, 2947, 14001, 62.37, 56, 0x0000000000000000
2026/09/26 12:46:03.398, P1, 2947, 14001, 62.37, 56, 0x0000000000000000
2026/09/26 12:46:03.461, P1, 2947, 14001, 62.37, 56, 0x0000000000000000
2026/09/26 12:46:03.524, P1, 2947, 14001, 62.37, 56, 0x0000000000000000
2026/09/26 12:46:03.586, P1, 2947, 14001, 62.37, 56, 0x0000000000000000
2026/09/26 12:46:03.650, P1, 2947, 14001, 62.37, 56, 0x0000000000000000
2026/09/26 12:46:03.712, P1, 2947, 14001, 62.37, 56, 0x0000000000000000
2026/09/26 12:46:03.774, P1, 2940, 14001, 65.93, 54, 0x0000000000000000
2026/09/26 12:46:03.836, P1, 2940, 14001, 65.93, 54, 0x0000000000000000
2026/09/26 12:46:03.899, P1, 2940, 14001, 65.93, 54, 0x0000000000000000
2026/09/26 12:46:03.962, P1, 2940, 14001, 65.93, 54, 0x0000000000000000
2026/09/26 12:46:04.026, P1, 2940, 14001, 65.93, 54, 0x0000000000000000
2026/09/26 12:46:04.088, P1, 2940, 14001, 65.93, 54, 0x0000000000000000
2026/09/26 12:46:04.150, P1, 2940, 14001, 65.93, 54, 0x0000000000000000
2026/09/26 12:46:04.213, P1, 2940, 14001, 65.93, 54, 0x0000000000000000
2026/09/26 12:46:04.275, P0, 2940, 14201, 66.44, 46, 0x0000000000000000
2026/09/26 12:46:04.338, P0, 2940, 14201, 66.44, 46, 0x0000000000000000
2026/09/26 12:46:04.400, P0, 2940, 14201, 66.44, 46, 0x0000000000000000
2026/09/26 12:46:04.464, P0, 2940, 14201, 66.44, 46, 0x0000000000000000
2026/09/26 12:46:04.525, P0, 2940, 14201, 66.44, 46, 0x0000000000000000
2026/09/26 12:46:04.588, P0, 2940, 14201, 66.44, 46, 0x0000000000000000
2026/09/26 12:46:04.651, P0, 2940, 14201, 66.44, 46, 0x0000000000000000
2026/09/26 12:46:04.714, P0, 2940, 14201, 66.44, 46, 0x0000000000000000
2026/09/26 12:46:04.777, P1, 2955, 14001, 59.88, 55, 0x0000000000000000
2026/09/26 12:46:04.838, P1, 2955, 14001, 59.88, 55, 0x0000000000000000
2026/09/26 12:46:04.901, P1, 2955, 14001, 59.88, 55, 0x0000000000000000
2026/09/26 12:46:04.964, P1, 2955, 14001, 59.88, 55, 0x0000000000000000
2026/09/26 12:46:05.026, P1, 2955, 14001, 59.88, 55, 0x0000000000000000
2026/09/26 12:46:05.089, P1, 2955, 14001, 59.88, 55, 0x0000000000000000
2026/09/26 12:46:05.153, P1, 2955, 14001, 59.88, 55, 0x0000000000000000
2026/09/26 12:46:05.215, P1, 2955, 14001, 59.88, 55, 0x0000000000000000
2026/09/26 12:46:05.279, P1, 2940, 14001, 59.59, 35, 0x0000000000000000
2026/09/26 12:46:05.341, P1, 2940, 14001, 59.59, 35, 0x0000000000000000
2026/09/26 12:46:05.403, P1, 2940, 14001, 59.59, 35, 0x0000000000000000
2026/09/26 12:46:05.466, P1, 2940, 14001, 59.59, 35, 0x0000000000000000
2026/09/26 12:46:05.529, P1, 2940, 14001, 59.59, 35, 0x0000000000000000
2026/09/26 12:46:05.591, P1, 2940, 14001, 59.59, 35, 0x0000000000000000
2026/09/26 12:46:05.655, P1, 2940, 14001, 59.59, 35, 0x0000000000000000
2026/09/26 12:46:05.718, P1, 2940, 14001, 59.59, 35, 0x0000000000000000
2026/09/26 12:46:05.781, P1, 2947, 14001, 64.47, 46, 0x0000000000000000
2026/09/26 12:46:05.843, P1, 2947, 14001, 64.47, 46, 0x0000000000000000
2026/09/26 12:46:05.906, P1, 2947, 14001, 64.47, 46, 0x0000000000000000
2026/09/26 12:46:05.970, P1, 2947, 14001, 64.47, 46, 0x0000000000000000
2026/09/26 12:46:06.032, P1, 2947, 14001, 64.47, 46, 0x0000000000000000
2026/09/26 12:46:06.097, P1, 2947, 14001, 64.47, 46, 0x0000000000000000
2026/09/26 12:46:06.159, P1, 2947, 14001, 64.47, 46, 0x0000000000000000
2026/09/26 12:46:06.222, P1, 2947, 14001, 64.47, 46, 0x0000000000000000
2026/09/26 12:46:06.284, P0, 2955, 14201, 64.15, 49, 0x0000000000000000
2026/09/26 12:46:06.347, P0, 2955, 14201, 64.15, 49, 0x0000000000000000
2026/09/26 12:46:06.411, P0, 2955, 14201, 64.15, 49, 0x0000000000000000
2026/09/26 12:46:06.474, P0, 2955, 14201, 64.15, 49, 0x0000000000000000
2026/09/26 12:46:06.537, P0, 2955, 14201, 64.15, 49, 0x0000000000000000
2026/09/26 12:46:06.600, P0, 2955, 14201, 64.15, 49, 0x0000000000000000
2026/09/26 12:46:06.662, P0, 2955, 14201, 64.15, 49, 0x0000000000000000
2026/09/26 12:46:06.724, P0, 2955, 14201, 64.15, 49, 0x0000000000000000
2026/09/26 12:46:06.787, P1, 2955, 14001, 56.75, 55, 0x0000000000000000
2026/09/26 12:46:06.851, P1, 2955, 14001, 56.75, 55, 0x0000000000000000
2026/09/26 12:46:06.914, P1, 2955, 14001, 56.75, 55, 0x0000000000000000
2026/09/26 12:46:06.978, P1, 2955, 14001, 56.75, 55, 0x0000000000000000
2026/09/26 12:46:07.040, P1, 2955, 14001, 56.75, 55, 0x0000000000000000
2026/09/26 12:46:07.103, P1, 2955, 14001, 56.75, 55, 0x0000000000000000
2026/09/26 12:46:07.165, P1, 2955, 14001, 56.75, 55, 0x0000000000000000
2026/09/26 12:46:07.229, P1, 2955, 14001, 57.94, 55, 0x0000000000000000
2026/09/26 12:46:07.291, P1, 2955, 14001, 57.94, 55, 0x0000000000000000
2026/09/26 12:46:07.355, P1, 2955, 14001, 57.94, 55, 0x0000000000000000
2026/09/26 12:46:07.417, P1, 2955, 14001, 57.94, 55, 0x0000000000000000
2026/09/26 12:46:07.480, P1, 2955, 14001, 57.94, 55, 0x0000000000000000
2026/09/26 12:46:07.543, P1, 2955, 14001, 57.94, 55, 0x0000000000000000
2026/09/26 12:46:07.607, P1, 2955, 14001, 57.94, 55, 0x0000000000000000
2026/09/26 12:46:07.669, P1, 2955, 14001, 57.94, 55, 0x0000000000000000
2026/09/26 12:46:07.732, P1, 2955, 14001, 66.48, 44, 0x0000000000000000
2026/09/26 12:46:07.795, P1, 2955, 14001, 66.48, 44, 0x0000000000000000
2026/09/26 12:46:07.857, P1, 2955, 14001, 66.48, 44, 0x0000000000000000
2026/09/26 12:46:07.921, P1, 2955, 14001, 66.48, 44, 0x0000000000000000
2026/09/26 12:46:07.985, P1, 2955, 14001, 66.48, 44, 0x0000000000000000
2026/09/26 12:46:08.047, P1, 2955, 14001, 66.48, 44, 0x0000000000000000
2026/09/26 12:46:08.109, P1, 2955, 14001, 66.48, 44, 0x0000000000000000
2026/09/26 12:46:08.170, P1, 2955, 14001, 66.48, 44, 0x0000000000000000
2026/09/26 12:46:08.233, P1, 2955, 14001, 64.78, 19, 0x0000000000000000
2026/09/26 12:46:08.296, P1, 2955, 14001, 64.78, 19, 0x0000000000000000
2026/09/26 12:46:08.358, P1, 2955, 14001, 64.78, 19, 0x0000000000000000
2026/09/26 12:46:08.421, P1, 2955, 14001, 64.78, 19, 0x0000000000000000
2026/09/26 12:46:08.484, P1, 2955, 14001, 64.78, 19, 0x0000000000000000
2026/09/26 12:46:08.546, P1, 2955, 14001, 64.78, 19, 0x0000000000000000
2026/09/26 12:46:08.609, P1, 2955, 14001, 64.78, 19, 0x0000000000000000
2026/09/26 12:46:08.671, P1, 2955, 14001, 64.78, 19, 0x0000000000000000
2026/09/26 12:46:08.732, P1, 2955, 14001, 63.19, 34, 0x0000000000000000
2026/09/26 12:46:08.794, P1, 2955, 14001, 63.19, 34, 0x0000000000000000
2026/09/26 12:46:08.857, P1, 2955, 14001, 63.19, 34, 0x0000000000000000
2026/09/26 12:46:08.920, P1, 2955, 14001, 63.19, 34, 0x0000000000000000
2026/09/26 12:46:08.983, P1, 2955, 14001, 63.19, 34, 0x0000000000000000
2026/09/26 12:46:09.044, P1, 2955, 14001, 63.19, 34, 0x0000000000000000
2026/09/26 12:46:09.108, P1, 2955, 14001, 63.19, 34, 0x0000000000000000
2026/09/26 12:46:09.171, P1, 2955, 14001, 63.19, 34, 0x0000000000000000
2026/09/26 12:46:09.233, P1, 2955, 14001, 61.60, 50, 0x0000000000000000
2026/09/26 12:46:09.296, P1, 2955, 14001, 61.60, 50, 0x0000000000000000
2026/09/26 12:46:09.358, P1, 2955, 14001, 61.60, 50, 0x0000000000000000
2026/09/26 12:46:09.421, P1, 2955, 14001, 61.60, 50, 0x0000000000000000
2026/09/26 12:46:09.484, P1, 2955, 14001, 61.60, 50, 0x0000000000000000
2026/09/26 12:46:09.548, P1, 2955, 14001, 61.60, 50, 0x0000000000000000
2026/09/26 12:46:09.612, P1, 2955, 14001, 61.60, 50, 0x0000000000000000
2026/09/26 12:46:09.676, P1, 2955, 14001, 61.60, 50, 0x0000000000000000
2026/09/26 12:46:09.739, P1, 2940, 14001, 63.74, 48, 0x0000000000000000
2026/09/26 12:46:09.801, P1, 2940, 14001, 63.74, 48, 0x0000000000000000
2026/09/26 12:46:09.863, P1, 2940, 14001, 63.74, 48, 0x0000000000000000
2026/09/26 12:46:09.926, P1, 2940, 14001, 63.74, 48, 0x0000000000000000
2026/09/26 12:46:09.987, P1, 2940, 14001, 63.74, 48, 0x0000000000000000
2026/09/26 12:46:10.051, P1, 2940, 14001, 63.74, 48, 0x0000000000000000
2026/09/26 12:46:10.114, P1, 2940, 14001, 63.74, 48, 0x0000000000000000
2026/09/26 12:46:10.176, P1, 2940, 14001, 63.74, 48, 0x0000000000000000
2026/09/26 12:46:10.238, P1, 2940, 14001, 60.33, 3, 0x0000000000000000
2026/09/26 12:46:10.301, P1, 2940, 14001, 60.33, 3, 0x0000000000000000
2026/09/26 12:46:10.364, P1, 2940, 14001, 60.33, 3, 0x0000000000000000
2026/09/26 12:46:10.427, P1, 2940, 14001, 60.33, 3, 0x0000000000000000
2026/09/26 12:46:10.488, P1, 2940, 14001, 60.33, 3, 0x0000000000000000
2026/09/26 12:46:10.551, P1, 2940, 14001, 60.33, 3, 0x0000000000000000
2026/09/26 12:46:10.614, P1, 2940, 14001, 60.33, 3, 0x0000000000000000
2026/09/26 12:46:10.677, P1, 2940, 14001, 60.33, 3, 0x0000000000000000
2026/09/26 12:46:10.740, P1, 2955, 14001, 56.06, 29, 0x0000000000000000
2026/09/26 12:46:10.803, P1, 2955, 14001, 56.06, 29, 0x0000000000000000
2026/09/26 12:46:10.864, P1, 2955, 14001, 56.06, 29, 0x0000000000000000
2026/09/26 12:46:10.927, P1, 2955, 14001, 56.06, 29, 0x0000000000000000
2026/09/26 12:46:10.989, P1, 2955, 14001, 56.06, 29, 0x0000000000000000
2026/09/26 12:46:11.051, P1, 2955, 14001, 56.06, 29, 0x0000000000000000
2026/09/26 12:46:11.115, P1, 2955, 14001, 56.06, 29, 0x0000000000000000
2026/09/26 12:46:11.177, P1, 2955, 14001, 56.06, 29, 0x0000000000000000
2026/09/26 12:46:11.240, P1, 2955, 14001, 58.88, 55, 0x0000000000000000
2026/09/26 12:46:11.301, P1, 2955, 14001, 58.88, 55, 0x0000000000000000
2026/09/26 12:46:11.364, P1, 2955, 14001, 58.88, 55, 0x0000000000000000
2026/09/26 12:46:11.426, P1, 2955, 14001, 58.88, 55, 0x0000000000000000
2026/09/26 12:46:11.489, P1, 2955, 14001, 58.88, 55, 0x0000000000000000
2026/09/26 12:46:11.551, P1, 2955, 14001, 58.88, 55, 0x0000000000000000
2026/09/26 12:46:11.612, P1, 2955, 14001, 58.88, 55, 0x0000000000000000
2026/09/26 12:46:11.675, P1, 2955, 14001, 58.88, 55, 0x0000000000000000
2026/09/26 12:46:11.739, P1, 2955, 14001, 66.58, 55, 0x0000000000000000
2026/09/26 12:46:11.801, P1, 2955, 14001, 66.58, 55, 0x0000000000000000
2026/09/26 12:46:11.864, P1, 2955, 14001, 66.58, 55, 0x0000000000000000
2026/09/26 12:46:11.928, P1, 2955, 14001, 66.58, 55, 0x0000000000000000
2026/09/26 12:46:11.989, P1, 2955, 14001, 66.58, 55, 0x0000000000000000
2026/09/26 12:46:12.052, P1, 2955, 14001, 66.58, 55, 0x0000000000000000
2026/09/26 12:46:12.113, P1, 2955, 14001, 66.58, 55, 0x0000000000000000
2026/09/26 12:46:12.176, P1, 2955, 14001, 66.58, 55, 0x0000000000000000
2026/09/26 12:46:12.240, P0, 2955, 14201, 62.73, 8, 0x0000000000000000
2026/09/26 12:46:12.301, P0, 2955, 14201, 62.73, 8, 0x0000000000000000
2026/09/26 12:46:12.363, P0, 2955, 14201, 62.73, 8, 0x0000000000000000
2026/09/26 12:46:12.426, P0, 2955, 14201, 62.73, 8, 0x0000000000000000
2026/09/26 12:46:12.488, P0, 2955, 14201, 62.73, 8, 0x0000000000000000
2026/09/26 12:46:12.551, P0, 2955, 14201, 62.73, 8, 0x0000000000000000
2026/09/26 12:46:12.614, P0, 2955, 14201, 62.73, 8, 0x0000000000000000
2026/09/26 12:46:12.676, P0, 2955, 14201, 62.73, 8, 0x0000000000000000
2026/09/26 12:46:12.738, P1, 2955, 14001, 59.89, 45, 0x0000000000000000
2026/09/26 12:46:12.802, P1, 2955, 14001, 59.89, 45, 0x0000000000000000
2026/09/26 12:46:12.865, P1, 2955, 14001, 59.89, 45, 0x0000000000000000
2026/09/26 12:46:12.928, P1, 2955, 14001, 59.89, 45, 0x0000000000000000
2026/09/26 12:46:12.990, P1, 2955, 14001, 59.89, 45, 0x0000000000000000
2026/09/26 12:46:13.053, P1, 2955, 14001, 59.89, 45, 0x0000000000000000
2026/09/26 12:46:13.116, P1, 2955, 14001, 59.89, 45, 0x0000000000000000
2026/09/26 12:46:13.179, P1, 2955, 14001, 59.89, 45, 0x0000000000000000
2026/09/26 12:46:13.242, P1, 2955, 14001, 61.60, 55, 0x0000000000000000
2026/09/26 12:46:13.304, P1, 2955, 14001, 61.60, 55, 0x0000000000000000
2026/09/26 12:46:13.367, P1, 2955, 14001, 61.60, 55, 0x0000000000000000
2026/09/26 12:46:13.430, P1, 2955, 14001, 61.60, 55, 0x0000000000000000
2026/09/26 12:46:13.493, P1, 2955, 14001, 61.60, 55, 0x0000000000000000
2026/09/26 12:46:13.555, P1, 2955, 14001, 61.60, 55, 0x0000000000000000
2026/09/26 12:46:13.619, P1, 2955, 14001, 61.60, 55, 0x0000000000000000
2026/09/26 12:46:13.681, P1, 2955, 14001, 61.60, 55, 0x0000000000000000
2026/09/26 12:46:13.744, P1, 2955, 14001, 66.00, 54, 0x0000000000000000
2026/09/26 12:46:13.806, P1, 2955, 14001, 66.00, 54, 0x0000000000000000
2026/09/26 12:46:13.868, P1, 2955, 14001, 66.00, 54, 0x0000000000000000
2026/09/26 12:46:13.931, P1, 2955, 14001, 66.00, 54, 0x0000000000000000
2026/09/26 12:46:13.993, P1, 2955, 14001, 66.00, 54, 0x0000000000000000
2026/09/26 12:46:14.055, P1, 2955, 14001, 66.00, 54, 0x0000000000000000
2026/09/26 12:46:14.119, P1, 2955, 14001, 66.00, 54, 0x0000000000000000
2026/09/26 12:46:14.180, P1, 2955, 14001, 66.00, 54, 0x0000000000000000
2026/09/26 12:46:14.242, P1, 2955, 14001, 60.08, 18, 0x0000000000000000
2026/09/26 12:46:14.305, P1, 2955, 14001, 60.08, 18, 0x0000000000000000
2026/09/26 12:46:14.367, P1, 2955, 14001, 60.08, 18, 0x0000000000000000
2026/09/26 12:46:14.429, P1, 2955, 14001, 60.08, 18, 0x0000000000000000
2026/09/26 12:46:14.491, P1, 2955, 14001, 60.08, 18, 0x0000000000000000
2026/09/26 12:46:14.555, P1, 2955, 14001, 60.08, 18, 0x0000000000000000
2026/09/26 12:46:14.618, P1, 2955, 14001, 60.08, 18, 0x0000000000000000
2026/09/26 12:46:14.681, P1, 2955, 14001, 60.08, 18, 0x0000000000000000
2026/09/26 12:46:14.742, P1, 2955, 14001, 57.07, 26, 0x0000000000000000
2026/09/26 12:46:14.805, P1, 2955, 14001, 57.07, 26, 0x0000000000000000
2026/09/26 12:46:14.866, P1, 2955, 14001, 57.07, 26, 0x0000000000000000
2026/09/26 12:46:14.929, P1, 2955, 14001, 57.07, 26, 0x0000000000000000
2026/09/26 12:46:14.991, P1, 2955, 14001, 57.07, 26, 0x0000000000000000
2026/09/26 12:46:15.053, P1, 2955, 14001, 57.07, 26, 0x0000000000000000
2026/09/26 12:46:15.117, P1, 2955, 14001, 57.07, 26, 0x0000000000000000
2026/09/26 12:46:15.180, P1, 2955, 14001, 57.07, 26, 0x0000000000000000
2026/09/26 12:46:15.243, P1, 2955, 14001, 59.83, 54, 0x0000000000000000
2026/09/26 12:46:15.305, P1, 2955, 14001, 59.83, 54, 0x0000000000000000
2026/09/26 12:46:15.367, P1, 2955, 14001, 59.83, 54, 0x0000000000000000
2026/09/26 12:46:15.428, P1, 2955, 14001, 59.83, 54, 0x0000000000000000
2026/09/26 12:46:15.491, P1, 2955, 14001, 59.83, 54, 0x0000000000000000
2026/09/26 12:46:15.553, P1, 2955, 14001, 59.83, 54, 0x0000000000000000
2026/09/26 12:46:15.615, P1, 2955, 14001, 59.83, 54, 0x0000000000000000
2026/09/26 12:46:15.678, P1, 2955, 14001, 59.83, 54, 0x0000000000000000
2026/09/26 12:46:15.741, P1, 2955, 14001, 63.47, 54, 0x0000000000000000
2026/09/26 12:46:15.804, P1, 2955, 14001, 63.47, 54, 0x0000000000000000
2026/09/26 12:46:15.866, P1, 2955, 14001, 63.47, 54, 0x0000000000000000
2026/09/26 12:46:15.928, P1, 2955, 14001, 63.47, 54, 0x0000000000000000
2026/09/26 12:46:15.992, P1, 2955, 14001, 63.47, 54, 0x0000000000000000
2026/09/26 12:46:16.054, P1, 2955, 14001, 63.47, 54, 0x0000000000000000
2026/09/26 12:46:16.117, P1, 2955, 14001, 63.47, 54, 0x0000000000000000
2026/09/26 12:46:16.182, P1, 2955, 14001, 63.47, 54, 0x0000000000000000
2026/09/26 12:46:16.246, P0, 2955, 14201, 61.87, 5, 0x0000000000000000
2026/09/26 12:46:16.307, P0, 2955, 14201, 61.87, 5, 0x0000000000000000
2026/09/26 12:46:16.370, P0, 2955, 14201, 61.87, 5, 0x0000000000000000
2026/09/26 12:46:16.433, P0, 2955, 14201, 61.87, 5, 0x0000000000000000
2026/09/26 12:46:16.496, P0, 2955, 14201, 61.87, 5, 0x0000000000000000
2026/09/26 12:46:16.558, P0, 2955, 14201, 61.87, 5, 0x0000000000000000
2026/09/26 12:46:16.619, P0, 2955, 14201, 61.87, 5, 0x0000000000000000
2026/09/26 12:46:16.682, P0, 2955, 14201, 61.87, 5, 0x0000000000000000
2026/09/26 12:46:16.744, P1, 2955, 14001, 56.56, 54, 0x0000000000000000
2026/09/26 12:46:16.806, P1, 2955, 14001, 56.56, 54, 0x0000000000000000
2026/09/26 12:46:16.869, P1, 2955, 14001, 56.56, 54, 0x0000000000000000
2026/09/26 12:46:16.931, P1, 2955, 14001, 56.56, 54, 0x0000000000000000
2026/09/26 12:46:16.994, P1, 2955, 14001, 56.56, 54, 0x0000000000000000
2026/09/26 12:46:17.056, P1, 2955, 14001, 56.56, 54, 0x0000000000000000
2026/09/26 12:46:17.119, P1, 2955, 14001, 56.56, 54, 0x0000000000000000
2026/09/26 12:46:17.180, P1, 2955, 14001, 56.56, 54, 0x0000000000000000
2026/09/26 12:46:17.244, P1, 2955, 14001, 57.65, 54, 0x0000000000000000
2026/09/26 12:46:17.306, P1, 2955, 14001, 57.65, 54, 0x0000000000000000
2026/09/26 12:46:17.368, P1, 2955, 14001, 57.65, 54, 0x0000000000000000
2026/09/26 12:46:17.432, P1, 2955, 14001, 57.65, 54, 0x0000000000000000
2026/09/26 12:46:17.496, P1, 2955, 14001, 57.65, 54, 0x0000000000000000
2026/09/26 12:46:17.559, P1, 2955, 14001, 57.65, 54, 0x0000000000000000
2026/09/26 12:46:17.621, P1, 2955, 14001, 57.65, 54, 0x0000000000000000
2026/09/26 12:46:17.684, P1, 2955, 14001, 57.65, 54, 0x0000000000000000
2026/09/26 12:46:17.748, P1, 2955, 14001, 65.18, 53, 0x0000000000000000
2026/09/26 12:46:17.810, P1, 2955, 14001, 65.18, 53, 0x0000000000000000
2026/09/26 12:46:17.872, P1, 2955, 14001, 65.18, 53, 0x0000000000000000
2026/09/26 12:46:17.935, P1, 2955, 14001, 65.18, 53, 0x0000000000000000
2026/09/26 12:46:17.998, P1, 2955, 14001, 65.18, 53, 0x0000000000000000
2026/09/26 12:46:18.062, P1, 2955, 14001, 65.18, 53, 0x0000000000000000
2026/09/26 12:46:18.126, P1, 2955, 14001, 65.18, 53, 0x0000000000000000
2026/09/26 12:46:18.188, P1, 2955, 14001, 65.18, 53, 0x0000000000000000
2026/09/26 12:46:18.249, P0, 2955, 14001, 63.47, 17, 0x0000000000000000
2026/09/26 12:46:18.312, P0, 2955, 14001, 63.47, 17, 0x0000000000000000
2026/09/26 12:46:18.374, P0, 2955, 14001, 63.47, 17, 0x0000000000000000
2026/09/26 12:46:18.436, P0, 2955, 14001, 63.47, 17, 0x0000000000000000
2026/09/26 12:46:18.498, P0, 2955, 14001, 63.47, 17, 0x0000000000000000
2026/09/26 12:46:18.562, P0, 2955, 14001, 63.47, 17, 0x0000000000000000
2026/09/26 12:46:18.625, P0, 2955, 14001, 63.47, 17, 0x0000000000000000
2026/09/26 12:46:18.688, P0, 2955, 14001, 63.47, 17, 0x0000000000000000
2026/09/26 12:46:18.750, P1, 2955, 14001, 60.04, 47, 0x0000000000000000
2026/09/26 12:46:18.813, P1, 2955, 14001, 60.04, 47, 0x0000000000000000
2026/09/26 12:46:18.876, P1, 2955, 14001, 60.04, 47, 0x0000000000000000
2026/09/26 12:46:18.938, P1, 2955, 14001, 60.04, 47, 0x0000000000000000
2026/09/26 12:46:19.000, P1, 2955, 14001, 60.04, 47, 0x0000000000000000
2026/09/26 12:46:19.063, P1, 2955, 14001, 60.04, 47, 0x0000000000000000
2026/09/26 12:46:19.127, P1, 2955, 14001, 60.04, 47, 0x0000000000000000
2026/09/26 12:46:19.190, P1, 2955, 14001, 60.04, 47, 0x0000000000000000
2026/09/26 12:46:19.252, P1, 2955, 14001, 60.19, 46, 0x0000000000000000
2026/09/26 12:46:19.314, P1, 2955, 14001, 60.19, 46, 0x0000000000000000
2026/09/26 12:46:19.377, P1, 2955, 14001, 60.19, 46, 0x0000000000000000
2026/09/26 12:46:19.439, P1, 2955, 14001, 60.19, 46, 0x0000000000000000
2026/09/26 12:46:19.502, P1, 2955, 14001, 60.19, 46, 0x0000000000000000
2026/09/26 12:46:19.566, P1, 2955, 14001, 60.19, 46, 0x0000000000000000
2026/09/26 12:46:19.630, P1, 2955, 14001, 60.19, 46, 0x0000000000000000
2026/09/26 12:46:19.693, P1, 2955, 14001, 60.19, 46, 0x0000000000000000
2026/09/26 12:46:19.755, P1, 2955, 14001, 63.33, 56, 0x0000000000000000
2026/09/26 12:46:19.818, P1, 2955, 14001, 63.33, 56, 0x0000000000000000
2026/09/26 12:46:19.880, P1, 2955, 14001, 63.33, 56, 0x0000000000000000
2026/09/26 12:46:19.943, P1, 2955, 14001, 63.33, 56, 0x0000000000000000
2026/09/26 12:46:20.005, P1, 2955, 14001, 63.33, 56, 0x0000000000000000
2026/09/26 12:46:20.067, P1, 2955, 14001, 63.33, 56, 0x0000000000000000
2026/09/26 12:46:20.130, P1, 2955, 14001, 63.33, 56, 0x0000000000000000
2026/09/26 12:46:20.193, P1, 2955, 14001, 63.33, 56, 0x0000000000000000
2026/09/26 12:46:20.255, P0, 2955, 14201, 62.67, 3, 0x0000000000000000
2026/09/26 12:46:20.318, P0, 2955, 14201, 62.67, 3, 0x0000000000000000
2026/09/26 12:46:20.381, P0, 2955, 14201, 62.67, 3, 0x0000000000000000
2026/09/26 12:46:20.443, P0, 2955, 14201, 62.67, 3, 0x0000000000000000
2026/09/26 12:46:20.505, P0, 2955, 14201, 62.67, 3, 0x0000000000000000
2026/09/26 12:46:20.568, P0, 2955, 14201, 62.67, 3, 0x0000000000000000
2026/09/26 12:46:20.630, P0, 2955, 14201, 62.67, 3, 0x0000000000000000
2026/09/26 12:46:20.692, P0, 2955, 14201, 62.67, 3, 0x0000000000000000
2026/09/26 12:46:20.755, P1, 2955, 14001, 56.08, 27, 0x0000000000000000
2026/09/26 12:46:20.817, P1, 2955, 14001, 56.08, 27, 0x0000000000000000
2026/09/26 12:46:20.881, P1, 2955, 14001, 56.08, 27, 0x0000000000000000
2026/09/26 12:46:20.943, P1, 2955, 14001, 56.08, 27, 0x0000000000000000
2026/09/26 12:46:21.005, P1, 2955, 14001, 56.08, 27, 0x0000000000000000
2026/09/26 12:46:21.068, P1, 2955, 14001, 56.08, 27, 0x0000000000000000
2026/09/26 12:46:21.131, P1, 2955, 14001, 56.08, 27, 0x0000000000000000
2026/09/26 12:46:21.192, P1, 2955, 14001, 56.08, 27, 0x0000000000000000
2026/09/26 12:46:21.256, P1, 2955, 14001, 58.60, 56, 0x0000000000000000
2026/09/26 12:46:21.318, P1, 2955, 14001, 58.60, 56, 0x0000000000000000
2026/09/26 12:46:21.380, P1, 2955, 14001, 58.60, 56, 0x0000000000000000
2026/09/26 12:46:21.444, P1, 2955, 14001, 58.60, 56, 0x0000000000000000
2026/09/26 12:46:21.507, P1, 2955, 14001, 58.60, 56, 0x0000000000000000
2026/09/26 12:46:21.570, P1, 2955, 14001, 58.60, 56, 0x0000000000000000
2026/09/26 12:46:21.633, P1, 2955, 14001, 58.60, 56, 0x0000000000000000
2026/09/26 12:46:21.696, P1, 2955, 14001, 58.60, 56, 0x0000000000000000
2026/09/26 12:46:21.759, P1, 2955, 14001, 65.32, 45, 0x0000000000000000
2026/09/26 12:46:21.823, P1, 2955, 14001, 65.32, 45, 0x0000000000000000
2026/09/26 12:46:21.887, P1, 2955, 14001, 65.32, 45, 0x0000000000000000
2026/09/26 12:46:21.950, P1, 2955, 14001, 65.32, 45, 0x0000000000000000
2026/09/26 12:46:22.011, P1, 2955, 14001, 65.32, 45, 0x0000000000000000
2026/09/26 12:46:22.073, P1, 2955, 14001, 65.32, 45, 0x0000000000000000
2026/09/26 12:46:22.136, P1, 2955, 14001, 65.32, 45, 0x0000000000000000
2026/09/26 12:46:22.199, P1, 2955, 14001, 65.32, 45, 0x0000000000000000
2026/09/26 12:46:22.260, P1, 2955, 14001, 64.44, 27, 0x0000000000000000
2026/09/26 12:46:22.323, P1, 2955, 14001, 64.44, 27, 0x0000000000000000
2026/09/26 12:46:22.386, P1, 2955, 14001, 64.44, 27, 0x0000000000000000
2026/09/26 12:46:22.448, P1, 2955, 14001, 64.44, 27, 0x0000000000000000
2026/09/26 12:46:22.511, P1, 2955, 14001, 64.44, 27, 0x0000000000000000
2026/09/26 12:46:22.575, P1, 2955, 14001, 64.44, 27, 0x0000000000000000
2026/09/26 12:46:22.638, P1, 2955, 14001, 64.44, 27, 0x0000000000000000
2026/09/26 12:46:22.699, P1, 2955, 14001, 64.44, 27, 0x0000000000000000
2026/09/26 12:46:22.762, P1, 2955, 14001, 57.24, 56, 0x0000000000000000
2026/09/26 12:46:22.825, P1, 2955, 14001, 57.24, 56, 0x0000000000000000
2026/09/26 12:46:22.889, P1, 2955, 14001, 57.24, 56, 0x0000000000000000
2026/09/26 12:46:22.951, P1, 2955, 14001, 57.24, 56, 0x0000000000000000
2026/09/26 12:46:23.014, P1, 2955, 14001, 57.24, 56, 0x0000000000000000
2026/09/26 12:46:23.076, P1, 2955, 14001, 57.24, 56, 0x0000000000000000
2026/09/26 12:46:23.138, P1, 2955, 14001, 57.24, 56, 0x0000000000000000
2026/09/26 12:46:23.200, P1, 2955, 14001, 57.24, 56, 0x0000000000000000
2026/09/26 12:46:23.262, P1, 2955, 14001, 57.33, 46, 0x0000000000000000
2026/09/26 12:46:23.325, P1, 2955, 14001, 57.33, 46, 0x0000000000000000
2026/09/26 12:46:23.389, P1, 2955, 14001, 57.33, 46, 0x0000000000000000
2026/09/26 12:46:23.452, P1, 2955, 14001, 57.33, 46, 0x0000000000000000
2026/09/26 12:46:23.515, P1, 2955, 14001, 57.33, 46, 0x0000000000000000
2026/09/26 12:46:23.578, P1, 2955, 14001, 57.33, 46, 0x0000000000000000
2026/09/26 12:46:23.640, P1, 2955, 14001, 57.33, 46, 0x0000000000000000
2026/09/26 12:46:23.702, P1, 2955, 14001, 57.33, 46, 0x0000000000000000
2026/09/26 12:46:23.765, P1, 2955, 14001, 64.24, 56, 0x0000000000000000
2026/09/26 12:46:23.828, P1, 2955, 14001, 64.24, 56, 0x0000000000000000
2026/09/26 12:46:23.891, P1, 2955, 14001, 64.24, 56, 0x0000000000000000
2026/09/26 12:46:23.954, P1, 2955, 14001, 64.24, 56, 0x0000000000000000
2026/09/26 12:46:24.017, P1, 2955, 14001, 64.24, 56, 0x0000000000000000
2026/09/26 12:46:24.078, P1, 2955, 14001, 64.24, 56, 0x0000000000000000
2026/09/26 12:46:24.141, P1, 2955, 14001, 64.24, 56, 0x0000000000000000
2026/09/26 12:46:24.204, P1, 2955, 14001, 64.24, 56, 0x0000000000000000
2026/09/26 12:46:24.267, P1, 2955, 14201, 65.13, 31, 0x0000000000000000
2026/09/26 12:46:24.331, P1, 2955, 14201, 65.13, 31, 0x0000000000000000
2026/09/26 12:46:24.393, P1, 2955, 14201, 65.13, 31, 0x0000000000000000
2026/09/26 12:46:24.455, P1, 2955, 14201, 65.13, 31, 0x0000000000000000
2026/09/26 12:46:24.518, P1, 2955, 14201, 65.13, 31, 0x0000000000000000
2026/09/26 12:46:24.580, P1, 2955, 14201, 65.13, 31, 0x0000000000000000
2026/09/26 12:46:24.643, P1, 2955, 14201, 65.13, 31, 0x0000000000000000
2026/09/26 12:46:24.704, P1, 2955, 14201, 65.13, 31, 0x0000000000000000
2026/09/26 12:46:24.767, P1, 2955, 14001, 59.85, 55, 0x0000000000000000
2026/09/26 12:46:24.830, P1, 2955, 14001, 59.85, 55, 0x0000000000000000
2026/09/26 12:46:24.892, P1, 2955, 14001, 59.85, 55, 0x0000000000000000
2026/09/26 12:46:24.954, P1, 2955, 14001, 59.85, 55, 0x0000000000000000
2026/09/26 12:46:25.017, P1, 2955, 14001, 59.85, 55, 0x0000000000000000
2026/09/26 12:46:25.080, P1, 2955, 14001, 59.85, 55, 0x0000000000000000
2026/09/26 12:46:25.144, P1, 2955, 14001, 59.85, 55, 0x0000000000000000
2026/09/26 12:46:25.207, P1, 2955, 14001, 59.85, 55, 0x0000000000000000
2026/09/26 12:46:25.269, P1, 2955, 14001, 58.11, 54, 0x0000000000000000
2026/09/26 12:46:25.332, P1, 2955, 14001, 58.11, 54, 0x0000000000000000
2026/09/26 12:46:25.395, P1, 2955, 14001, 58.11, 54, 0x0000000000000000
2026/09/26 12:46:25.459, P1, 2955, 14001, 58.11, 54, 0x0000000000000000
2026/09/26 12:46:25.521, P1, 2955, 14001, 58.11, 54, 0x0000000000000000
2026/09/26 12:46:25.584, P1, 2955, 14001, 58.11, 54, 0x0000000000000000
2026/09/26 12:46:25.647, P1, 2955, 14001, 58.11, 54, 0x0000000000000000
2026/09/26 12:46:25.709, P1, 2955, 14001, 58.11, 54, 0x0000000000000000
2026/09/26 12:46:25.772, P1, 2955, 14001, 64.51, 55, 0x0000000000000000
2026/09/26 12:46:25.835, P1, 2955, 14001, 64.51, 55, 0x0000000000000000
2026/09/26 12:46:25.898, P1, 2955, 14001, 64.51, 55, 0x0000000000000000
2026/09/26 12:46:25.960, P1, 2955, 14001, 64.51, 55, 0x0000000000000000
2026/09/26 12:46:26.023, P1, 2955, 14001, 64.51, 55, 0x0000000000000000
2026/09/26 12:46:26.086, P1, 2955, 14001, 64.51, 55, 0x0000000000000000
2026/09/26 12:46:26.148, P1, 2955, 14001, 64.51, 55, 0x0000000000000000
2026/09/26 12:46:26.211, P1, 2955, 14001, 64.51, 55, 0x0000000000000000
2026/09/26 12:46:26.274, P0, 2955, 14001, 64.32, 23, 0x0000000000000000
2026/09/26 12:46:26.336, P0, 2955, 14001, 64.32, 23, 0x0000000000000000
2026/09/26 12:46:26.397, P0, 2955, 14001, 64.32, 23, 0x0000000000000000
2026/09/26 12:46:26.462, P0, 2955, 14001, 64.32, 23, 0x0000000000000000
2026/09/26 12:46:26.523, P0, 2955, 14001, 64.32, 23, 0x0000000000000000
2026/09/26 12:46:26.587, P0, 2955, 14001, 64.32, 23, 0x0000000000000000
2026/09/26 12:46:26.651, P0, 2955, 14001, 64.32, 23, 0x0000000000000000
2026/09/26 12:46:26.713, P0, 2955, 14001, 64.32, 23, 0x0000000000000000
2026/09/26 12:46:26.775, P1, 2955, 14001, 59.90, 56, 0x0000000000000000
2026/09/26 12:46:26.837, P1, 2955, 14001, 59.90, 56, 0x0000000000000000
2026/09/26 12:46:26.898, P1, 2955, 14001, 59.90, 56, 0x0000000000000000
2026/09/26 12:46:26.961, P1, 2955, 14001, 59.90, 56, 0x0000000000000000
2026/09/26 12:46:27.023, P1, 2955, 14001, 59.90, 56, 0x0000000000000000
2026/09/26 12:46:27.086, P1, 2955, 14001, 59.90, 56, 0x0000000000000000
2026/09/26 12:46:27.148, P1, 2955, 14001, 59.90, 56, 0x0000000000000000
2026/09/26 12:46:27.210, P1, 2955, 14001, 59.90, 56, 0x0000000000000000
2026/09/26 12:46:27.274, P1, 2955, 14001, 59.46, 47, 0x0000000000000000
2026/09/26 12:46:27.337, P1, 2955, 14001, 59.46, 47, 0x0000000000000000
2026/09/26 12:46:27.399, P1, 2955, 14001, 59.46, 47, 0x0000000000000000
2026/09/26 12:46:27.462, P1, 2955, 14001, 59.46, 47, 0x0000000000000000
2026/09/26 12:46:27.523, P1, 2955, 14001, 59.46, 47, 0x0000000000000000
2026/09/26 12:46:27.587, P1, 2955, 14001, 59.46, 47, 0x0000000000000000
2026/09/26 12:46:27.649, P1, 2955, 14001, 59.46, 47, 0x0000000000000000
2026/09/26 12:46:27.712, P1, 2955, 14001, 59.46, 47, 0x0000000000000000
2026/09/26 12:46:27.776, P1, 2955, 14001, 64.12, 44, 0x0000000000000000
2026/09/26 12:46:27.839, P1, 2955, 14001, 64.12, 44, 0x0000000000000000
2026/09/26 12:46:27.901, P1, 2955, 14001, 64.12, 44, 0x0000000000000000
2026/09/26 12:46:27.964, P1, 2955, 14001, 64.12, 44, 0x0000000000000000
2026/09/26 12:46:28.027, P1, 2955, 14001, 64.12, 44, 0x0000000000000000
2026/09/26 12:46:28.090, P1, 2955, 14001, 64.12, 44, 0x0000000000000000
2026/09/26 12:46:28.152, P1, 2955, 14001, 64.12, 44, 0x0000000000000000
2026/09/26 12:46:28.215, P1, 2955, 14001, 64.12, 44, 0x0000000000000000
2026/09/26 12:46:28.277, P1, 2955, 14201, 62.30, 26, 0x0000000000000000
2026/09/26 12:46:28.341, P1, 2955, 14201, 62.30, 26, 0x0000000000000000
2026/09/26 12:46:28.404, P1, 2955, 14201, 62.30, 26, 0x0000000000000000
2026/09/26 12:46:28.466, P1, 2955, 14201, 62.30, 26, 0x0000000000000000
2026/09/26 12:46:28.528, P1, 2955, 14201, 62.30, 26, 0x0000000000000000
2026/09/26 12:46:28.591, P1, 2955, 14201, 62.30, 26, 0x0000000000000000
2026/09/26 12:46:28.654, P1, 2955, 14201, 62.30, 26, 0x0000000000000000
2026/09/26 12:46:28.717, P1, 2955, 14201, 62.30, 26, 0x0000000000000000
2026/09/26 12:46:28.779, P1, 2955, 14001, 57.87, 26, 0x0000000000000000
2026/09/26 12:46:28.842, P1, 2955, 14001, 57.87, 26, 0x0000000000000000
2026/09/26 12:46:28.905, P1, 2955, 14001, 57.87, 26, 0x0000000000000000
2026/09/26 12:46:28.969, P1, 2955, 14001, 57.87, 26, 0x0000000000000000
2026/09/26 12:46:29.032, P1, 2955, 14001, 57.87, 26, 0x0000000000000000
2026/09/26 12:46:29.094, P1, 2955, 14001, 57.87, 26, 0x0000000000000000
2026/09/26 12:46:29.156, P1, 2955, 14001, 57.87, 26, 0x0000000000000000
2026/09/26 12:46:29.220, P1, 2955, 14001, 57.87, 26, 0x0000000000000000
2026/09/26 12:46:29.282, P1, 2955, 14001, 58.46, 55, 0x0000000000000000
2026/09/26 12:46:29.345, P1, 2955, 14001, 58.46, 55, 0x0000000000000000
2026/09/26 12:46:29.409, P1, 2955, 14001, 58.46, 55, 0x0000000000000000
2026/09/26 12:46:29.471, P1, 2955, 14001, 58.46, 55, 0x0000000000000000
2026/09/26 12:46:29.535, P1, 2955, 14001, 58.46, 55, 0x0000000000000000
2026/09/26 12:46:29.596, P1, 2955, 14001, 58.46, 55, 0x0000000000000000
2026/09/26 12:46:29.658, P1, 2955, 14001, 58.46, 55, 0x0000000000000000
2026/09/26 12:46:29.721, P1, 2955, 14001, 58.46, 55, 0x0000000000000000
2026/09/26 12:46:29.783, P1, 2955, 14001, 64.94, 57, 0x0000000000000000
2026/09/26 12:46:29.847, P1, 2955, 14001, 64.94, 57, 0x0000000000000000
2026/09/26 12:46:29.910, P1, 2955, 14001, 64.94, 57, 0x0000000000000000
2026/09/26 12:46:29.973, P1, 2955, 14001, 64.94, 57, 0x0000000000000000
2026/09/26 12:46:30.036, P1, 2955, 14001, 64.94, 57, 0x0000000000000000
2026/09/26 12:46:30.098, P1, 2955, 14001, 64.94, 57, 0x0000000000000000
2026/09/26 12:46:30.159, P1, 2955, 14001, 64.94, 57, 0x0000000000000000
2026/09/26 12:46:30.221, P1, 2955, 14001, 64.94, 57, 0x0000000000000000
2026/09/26 12:46:30.285, P0, 2955, 14201, 64.10, 10, 0x0000000000000000
2026/09/26 12:46:30.348, P0, 2955, 14201, 64.10, 10, 0x0000000000000000
2026/09/26 12:46:30.411, P0, 2955, 14201, 64.10, 10, 0x0000000000000000
2026/09/26 12:46:30.473, P0, 2955, 14201, 64.10, 10, 0x0000000000000000
2026/09/26 12:46:30.536, P0, 2955, 14201, 64.10, 10, 0x0000000000000000
2026/09/26 12:46:30.597, P0, 2955, 14201, 64.10, 10, 0x0000000000000000
2026/09/26 12:46:30.660, P0, 2955, 14201, 64.10, 10, 0x0000000000000000
2026/09/26 12:46:30.724, P0, 2955, 14201, 64.10, 10, 0x0000000000000000
2026/09/26 12:46:30.788, P1, 2955, 14001, 60.50, 46, 0x0000000000000000
2026/09/26 12:46:30.851, P1, 2955, 14001, 60.50, 46, 0x0000000000000000
2026/09/26 12:46:30.913, P1, 2955, 14001, 60.50, 46, 0x0000000000000000
2026/09/26 12:46:30.977, P1, 2955, 14001, 60.50, 46, 0x0000000000000000
2026/09/26 12:46:31.039, P1, 2955, 14001, 60.50, 46, 0x0000000000000000
2026/09/26 12:46:31.102, P1, 2955, 14001, 60.50, 46, 0x0000000000000000
2026/09/26 12:46:31.165, P1, 2955, 14001, 60.50, 46, 0x0000000000000000
2026/09/26 12:46:31.226, P1, 2955, 14001, 60.50, 46, 0x0000000000000000
2026/09/26 12:46:31.290, P1, 2955, 14001, 60.15, 55, 0x0000000000000000
2026/09/26 12:46:31.353, P1, 2955, 14001, 60.15, 55, 0x0000000000000000
2026/09/26 12:46:31.414, P1, 2955, 14001, 60.15, 55, 0x0000000000000000
2026/09/26 12:46:31.476, P1, 2955, 14001, 60.15, 55, 0x0000000000000000
2026/09/26 12:46:31.538, P1, 2955, 14001, 60.15, 55, 0x0000000000000000
2026/09/26 12:46:31.602, P1, 2955, 14001, 60.15, 55, 0x0000000000000000
2026/09/26 12:46:31.663, P1, 2955, 14001, 60.15, 55, 0x0000000000000000
2026/09/26 12:46:31.725, P1, 2955, 14001, 60.15, 55, 0x0000000000000000
2026/09/26 12:46:31.788, P1, 2955, 14001, 65.83, 55, 0x0000000000000000
2026/09/26 12:46:31.850, P1, 2955, 14001, 65.83, 55, 0x0000000000000000
2026/09/26 12:46:31.913, P1, 2955, 14001, 65.83, 55, 0x0000000000000000
2026/09/26 12:46:31.975, P1, 2955, 14001, 65.83, 55, 0x0000000000000000
2026/09/26 12:46:32.038, P1, 2955, 14001, 65.83, 55, 0x0000000000000000
2026/09/26 12:46:32.100, P1, 2955, 14001, 65.83, 55, 0x0000000000000000
2026/09/26 12:46:32.163, P1, 2955, 14001, 65.83, 55, 0x0000000000000000
2026/09/26 12:46:32.226, P1, 2955, 14001, 65.83, 55, 0x0000000000000000
2026/09/26 12:46:32.288, P1, 2955, 14001, 60.31, 8, 0x0000000000000000
2026/09/26 12:46:32.352, P1, 2955, 14001, 60.31, 8, 0x0000000000000000
2026/09/26 12:46:32.414, P1, 2955, 14001, 60.31, 8, 0x0000000000000000
2026/09/26 12:46:32.476, P1, 2955, 14001, 60.31, 8, 0x0000000000000000
2026/09/26 12:46:32.539, P1, 2955, 14001, 60.31, 8, 0x0000000000000000
2026/09/26 12:46:32.601, P1, 2955, 14001, 60.31, 8, 0x0000000000000000
2026/09/26 12:46:32.664, P1, 2955, 14001, 60.31, 8, 0x0000000000000000
2026/09/26 12:46:32.728, P1, 2955, 14001, 60.31, 8, 0x0000000000000000
2026/09/26 12:46:32.789, P1, 2955, 14001, 57.45, 56, 0x0000000000000000
2026/09/26 12:46:32.851, P1, 2955, 14001, 57.45, 56, 0x0000000000000000
2026/09/26 12:46:32.914, P1, 2955, 14001, 57.45, 56, 0x0000000000000000
2026/09/26 12:46:32.977, P1, 2955, 14001, 57.45, 56, 0x0000000000000000
2026/09/26 12:46:33.041, P1, 2955, 14001, 57.45, 56, 0x0000000000000000
2026/09/26 12:46:33.104, P1, 2955, 14001, 57.45, 56, 0x0000000000000000
2026/09/26 12:46:33.167, P1, 2955, 14001, 57.45, 56, 0x0000000000000000
2026/09/26 12:46:33.229, P1, 2955, 14001, 57.45, 56, 0x0000000000000000
2026/09/26 12:46:33.292, P1, 2955, 14001, 59.98, 45, 0x0000000000000000
2026/09/26 12:46:33.355, P1, 2955, 14001, 59.98, 45, 0x0000000000000000
2026/09/26 12:46:33.418, P1, 2955, 14001, 59.98, 45, 0x0000000000000000
2026/09/26 12:46:33.480, P1, 2955, 14001, 59.98, 45, 0x0000000000000000
2026/09/26 12:46:33.544, P1, 2955, 14001, 59.98, 45, 0x0000000000000000
2026/09/26 12:46:33.607, P1, 2955, 14001, 59.98, 45, 0x0000000000000000
2026/09/26 12:46:33.671, P1, 2955, 14001, 59.98, 45, 0x0000000000000000
2026/09/26 12:46:33.734, P1, 2955, 14001, 64.14, 45, 0x0000000000000000
2026/09/26 12:46:33.796, P1, 2955, 14001, 64.14, 45, 0x0000000000000000
2026/09/26 12:46:33.860, P1, 2955, 14001, 64.14, 45, 0x0000000000000000
2026/09/26 12:46:33.923, P1, 2955, 14001, 64.14, 45, 0x0000000000000000
2026/09/26 12:46:33.986, P1, 2955, 14001, 64.14, 45, 0x0000000000000000
2026/09/26 12:46:34.048, P1, 2955, 14001, 64.14, 45, 0x0000000000000000
2026/09/26 12:46:34.110, P1, 2955, 14001, 64.14, 45, 0x0000000000000000
2026/09/26 12:46:34.173, P1, 2955, 14001, 64.14, 45, 0x0000000000000000
2026/09/26 12:46:34.237, P0, 2955, 14201, 60.90, 9, 0x0000000000000000
2026/09/26 12:46:34.299, P0, 2955, 14201, 60.90, 9, 0x0000000000000000
2026/09/26 12:46:34.362, P0, 2955, 14201, 60.90, 9, 0x0000000000000000
2026/09/26 12:46:34.423, P0, 2955, 14201, 60.90, 9, 0x0000000000000000
2026/09/26 12:46:34.486, P0, 2955, 14201, 60.90, 9, 0x0000000000000000
2026/09/26 12:46:34.548, P0, 2955, 14201, 60.90, 9, 0x0000000000000000
2026/09/26 12:46:34.610, P0, 2955, 14201, 60.90, 9, 0x0000000000000000
2026/09/26 12:46:34.672, P0, 2955, 14201, 60.90, 9, 0x0000000000000000
2026/09/26 12:46:34.734, P1, 2955, 14001, 58.88, 9, 0x0000000000000000
2026/09/26 12:46:34.794, P1, 2955, 14001, 58.88, 55, 0x0000000000000000
20