2026/09/26 03:09:36.913, P8, 450, 405, 14.99, 6, 0x0000000000000000
2026/09/26 03:09:36.975, P8, 450, 405, 14.99, 6, 0x0000000000000000
2026/09/26 03:09:37.039, P8, 450, 405, 14.99, 6, 0x0000000000000000
2026/09/26 03:09:37.100, P8, 450, 405, 14.99, 6, 0x0000000000000000
2026/09/26 03:09:37.163, P8, 450, 405, 14.99, 6, 0x0000000000000000
2026/09/26 03:09:37.226, P8, 450, 405, 14.99, 6, 0x0000000000000000
2026/09/26 03:09:37.289, P8, 450, 405, 14.99, 6, 0x0000000000000000
2026/09/26 03:09:37.351, P8, 450, 405, 14.99, 6, 0x0000000000000000
2026/09/26 03:09:37.414, P1, 1957, 14001, 22.20, 5, 0x0000000000000000
2026/09/26 03:09:37.478, P1, 1957, 14001, 22.20, 5, 0x0000000000000000
2026/09/26 03:09:37.540, P1, 1957, 14001, 22.20, 5, 0x0000000000000000
2026/09/26 03:09:37.603, P1, 1957, 14001, 22.20, 5, 0x0000000000000000
2026/09/26 03:09:37.665, P1, 1957, 14001, 22.20, 5, 0x0000000000000000
2026/09/26 03:09:37.728, P1, 1957, 14001, 22.20, 5, 0x0000000000000000
2026/09/26 03:09:37.790, P1, 1957, 14001, 22.20, 5, 0x0000000000000000
2026/09/26 03:09:37.854, P1, 1957, 14001, 22.20, 5, 0x0000000000000000
2026/09/26 03:09:37.916, P1, 2640, 14001, 30.13, 5, 0x0000000000000000
2026/09/26 03:09:37.978, P1, 2640, 14001, 30.13, 5, 0x0000000000000000
2026/09/26 03:09:38.041, P1, 2640, 14001, 30.13, 5, 0x0000000000000000
2026/09/26 03:09:38.105, P1, 2640, 14001, 30.13, 5, 0x0000000000000000
2026/09/26 03:09:38.167, P1, 2640, 14001, 30.13, 5, 0x0000000000000000
2026/09/26 03:09:38.230, P1, 2640, 14001, 30.13, 5, 0x0000000000000000
2026/09/26 03:09:38.293, P1, 2640, 14001, 30.13, 5, 0x0000000000000000
2026/09/26 03:09:38.357, P1, 2640, 14001, 30.13, 5, 0x0000000000000000
2026/09/26 03:09:38.419, P1, 2647, 14001, 33.96, 3, 0x0000000000000000
2026/09/26 03:09:38.480, P1, 2647, 14001, 33.96, 3, 0x0000000000000000
2026/09/26 03:09:38.543, P1, 2647, 14001, 33.96, 3, 0x0000000000000000
2026/09/26 03:09:38.605, P1, 2647, 14001, 33.96, 3, 0x0000000000000000
2026/09/26 03:09:38.667, P1, 2647, 14001, 33.96, 3, 0x0000000000000000
2026/09/26 03:09:38.729, P1, 2647, 14001, 33.96, 3, 0x0000000000000000
2026/09/26 03:09:38.792, P1, 2647, 14001, 33.96, 3, 0x0000000000000000
2026/09/26 03:09:38.853, P1, 2647, 14001, 33.96, 3, 0x0000000000000000
2026/09/26 03:09:38.916, P0, 2632, 14001, 33.54, 6, 0x0000000000000000
2026/09/26 03:09:38.978, P0, 2632, 14001, 33.54, 6, 0x0000000000000000
2026/09/26 03:09:39.042, P0, 2632, 14001, 33.54, 6, 0x0000000000000000
2026/09/26 03:09:39.105, P0, 2632, 14001, 33.54, 6, 0x0000000000000000
2026/09/26 03:09:39.170, P0, 2632, 14001, 33.54, 6, 0x0000000000000000
2026/09/26 03:09:39.232, P0, 2632, 14001, 33.54, 6, 0x0000000000000000
2026/09/26 03:09:39.295, P0, 2632, 14001, 33.54, 6, 0x0000000000000000
2026/09/26 03:09:39.357, P0, 2632, 14001, 33.54, 6, 0x0000000000000000
2026/09/26 03:09:39.419, P0, 2625, 14001, 33.74, 10, 0x0000000000000000
2026/09/26 03:09:39.483, P0, 2625, 14001, 33.74, 10, 0x0000000000000000
2026/09/26 03:09:39.545, P0, 2625, 14001, 33.74, 10, 0x0000000000000000
2026/09/26 03:09:39.608, P0, 2625, 14001, 33.74, 10, 0x0000000000000000
2026/09/26 03:09:39.672, P0, 2625, 14001, 33.74, 10, 0x0000000000000000
2026/09/26 03:09:39.733, P0, 2625, 14001, 33.74, 10, 0x0000000000000000
2026/09/26 03:09:39.796, P0, 2625, 14001, 33.74, 10, 0x0000000000000000
2026/09/26 03:09:39.858, P0, 2625, 14001, 33.74, 10, 0x0000000000000000
2026/09/26 03:09:39.920, P0, 2632, 14201, 33.94, 11, 0x0000000000000000
2026/09/26 03:09:39.983, P0, 2632, 14201, 33.94, 11, 0x0000000000000000
2026/09/26 03:09:40.046, P0, 2632, 14201, 33.94, 11, 0x0000000000000000
2026/09/26 03:09:40.108, P0, 2632, 14201, 33.94, 11, 0x0000000000000000
2026/09/26 03:09:40.171, P0, 2632, 14201, 33.94, 11, 0x0000000000000000
2026/09/26 03:09:40.233, P0, 2632, 14201, 33.94, 11, 0x0000000000000000
2026/09/26 03:09:40.297, P0, 2632, 14201, 33.94, 11, 0x0000000000000000
2026/09/26 03:09:40.359, P0, 2632, 14201, 33.94, 11, 0x0000000000000000
2026/09/26 03:09:40.421, P0, 2662, 14201, 34.19, 15, 0x0000000000000000
2026/09/26 03:09:40.484, P0, 2662, 14201, 34.19, 15, 0x0000000000000000
2026/09/26 03:09:40.546, P0, 2662, 14201, 34.19, 15, 0x0000000000000000
2026/09/26 03:09:40.608, P0, 2662, 14201, 34.19, 15, 0x0000000000000000
2026/09/26 03:09:40.670, P0, 2662, 14201, 34.19, 15, 0x0000000000000000
2026/09/26 03:09:40.733, P0, 2662, 14201, 34.19, 15, 0x0000000000000000
2026/09/26 03:09:40.795, P0, 2662, 14201, 34.19, 15, 0x0000000000000000
2026/09/26 03:09:40.858, P0, 2662, 14201, 34.19, 15, 0x0000000000000000
2026/09/26 03:09:40.920, P0, 2700, 14201, 33.86, 15, 0x0000000000000000
2026/09/26 03:09:40.983, P0, 2700, 14201, 33.86, 15, 0x0000000000000000
2026/09/26 03:09:41.046, P0, 2700, 14201, 33.86, 15, 0x0000000000000000
2026/09/26 03:09:41.109, P0, 2700, 14201, 33.86, 15, 0x0000000000000000
2026/09/26 03:09:41.170, P0, 2700, 14201, 33.86, 15, 0x0000000000000000
2026/09/26 03:09:41.233, P0, 2700, 14201, 33.86, 15, 0x0000000000000000
2026/09/26 03:09:41.297, P0, 2700, 14201, 33.86, 15, 0x0000000000000000
2026/09/26 03:09:41.360, P0, 2700, 14201, 33.86, 15, 0x0000000000000000
2026/09/26 03:09:41.423, P0, 2752, 14201, 34.63, 15, 0x0000000000000000
2026/09/26 03:09:41.487, P0, 2752, 14201, 34.63, 15, 0x0000000000000000
2026/09/26 03:09:41.550, P0, 2752, 14201, 34.63, 15, 0x0000000000000000
2026/09/26 03:09:41.612, P0, 2752, 14201, 34.63, 15, 0x0000000000000000
2026/09/26 03:09:41.674, P0, 2752, 14201, 34.63, 15, 0x0000000000000000
2026/09/26 03:09:41.737, P0, 2752, 14201, 34.63, 15, 0x0000000000000000
2026/09/26 03:09:41.800, P0, 2752, 14201, 34.63, 15, 0x0000000000000000
2026/09/26 03:09:41.862, P0, 2752, 14201, 34.63, 15, 0x0000000000000000
2026/09/26 03:09:41.925, P0, 2730, 14201, 34.42, 15, 0x0000000000000000
2026/09/26 03:09:41.988, P0, 2730, 14201, 34.42, 15, 0x0000000000000000
2026/09/26 03:09:42.051, P0, 2730, 14201, 34.42, 15, 0x0000000000000000
2026/09/26 03:09:42.114, P0, 2730, 14201, 34.42, 15, 0x0000000000000000
2026/09/26 03:09:42.177, P0, 2730, 14201, 34.42, 15, 0x0000000000000000
2026/09/26 03:09:42.240, P0, 2730, 14201, 34.42, 15, 0x0000000000000000
2026/09/26 03:09:42.303, P0, 2730, 14201, 34.42, 15, 0x0000000000000000
2026/09/26 03:09:42.366, P0, 2730, 14201, 34.42, 15, 0x0000000000000000
2026/09/26 03:09:42.428, P0, 2715, 14201, 34.18, 13, 0x0000000000000000
2026/09/26 03:09:42.491, P0, 2715, 14201, 34.18, 13, 0x0000000000000000
2026/09/26 03:09:42.553, P0, 2715, 14201, 34.18, 13, 0x0000000000000000
2026/09/26 03:09:42.615, P0, 2715, 14201, 34.18, 13, 0x0000000000000000
2026/09/26 03:09:42.678, P0, 2715, 14201, 34.18, 13, 0x0000000000000000
2026/09/26 03:09:42.741, P0, 2715, 14201, 34.18, 13, 0x0000000000000000
2026/09/26 03:09:42.803, P0, 2715, 14201, 34.18, 13, 0x0000000000000000
2026/09/26 03:09:42.865, P0, 2715, 14201, 34.18, 13, 0x0000000000000000
2026/09/26 03:09:42.927, P1, 2685, 14001, 34.32, 11, 0x0000000000000000
2026/09/26 03:09:42.991, P1, 2685, 14001, 34.32, 11, 0x0000000000000000
2026/09/26 03:09:43.053, P1, 2685, 14001, 34.32, 11, 0x0000000000000000
2026/09/26 03:09:43.117, P1, 2685, 14001, 34.32, 11, 0x0000000000000000
2026/09/26 03:09:43.179, P1, 2685, 14001, 34.32, 11, 0x0000000000000000
2026/09/26 03:09:43.241, P1, 2685, 14001, 34.32, 11, 0x0000000000000000
2026/09/26 03:09:43.303, P1, 2685, 14001, 34.32, 11, 0x0000000000000000
2026/09/26 03:09:43.367, P1, 2685, 14001, 34.32, 11, 0x0000000000000000
2026/09/26 03:09:43.429, P0, 2655, 14001, 34.22, 6, 0x0000000000000000
2026/09/26 03:09:43.491, P0, 2655, 14001, 34.22, 6, 0x0000000000000000
2026/09/26 03:09:43.555, P0, 2655, 14001, 34.22, 6, 0x0000000000000000
2026/09/26 03:09:43.618, P0, 2655, 14001, 34.22, 6, 0x0000000000000000
2026/09/26 03:09:43.680, P0, 2655, 14001, 34.22, 6, 0x0000000000000000
2026/09/26 03:09:43.742, P0, 2655, 14001, 34.22, 6, 0x0000000000000000
2026/09/26 03:09:43.806, P0, 2655, 14001, 34.22, 6, 0x0000000000000000
2026/09/26 03:09:43.869, P0, 2655, 14001, 34.22, 6, 0x0000000000000000
2026/09/26 03:09:43.931, P0, 2640, 14201, 34.39, 16, 0x0000000000000000
2026/09/26 03:09:43.994, P0, 2640, 14201, 34.39, 16, 0x0000000000000000
2026/09/26 03:09:44.056, P0, 2640, 14201, 34.39, 16, 0x0000000000000000
2026/09/26 03:09:44.119, P0, 2640, 14201, 34.39, 16, 0x0000000000000000
2026/09/26 03:09:44.181, P0, 2640, 14201, 34.39, 16, 0x0000000000000000
2026/09/26 03:09:44.243, P0, 2640, 14201, 34.39, 16, 0x0000000000000000
2026/09/26 03:09:44.305, P0, 2640, 14201, 34.39, 16, 0x0000000000000000
2026/09/26 03:09:44.367, P0, 2640, 14201, 34.39, 16, 0x0000000000000000
2026/09/26 03:09:44.430, P0, 2685, 14201, 34.79, 17, 0x0000000000000000
2026/09/26 03:09:44.492, P0, 2685, 14201, 34.79, 17, 0x0000000000000000
2026/09/26 03:09:44.555, P0, 2685, 14201, 34.79, 17, 0x0000000000000000
2026/09/26 03:09:44.617, P0, 2685, 14201, 34.79, 17, 0x0000000000000000
2026/09/26 03:09:44.679, P0, 2685, 14201, 34.79, 17, 0x0000000000000000
2026/09/26 03:09:44.742, P0, 2685, 14201, 34.79, 17, 0x0000000000000000
2026/09/26 03:09:44.804, P0, 2685, 14201, 34.79, 17, 0x0000000000000000
2026/09/26 03:09:44.867, P0, 2685, 14201, 34.79, 17, 0x0000000000000000
2026/09/26 03:09:44.930, P0, 2700, 14201, 34.36, 15, 0x0000000000000000
2026/09/26 03:09:44.992, P0, 2700, 14201, 34.36, 15, 0x0000000000000000
2026/09/26 03:09:45.055, P0, 2700, 14201, 34.36, 15, 0x0000000000000000
2026/09/26 03:09:45.118, P0, 2700, 14201, 34.36, 15, 0x0000000000000000
2026/09/26 03:09:45.180, P0, 2700, 14201, 34.36, 15, 0x0000000000000000
2026/09/26 03:09:45.241, P0, 2700, 14201, 34.36, 15, 0x0000000000000000
2026/09/26 03:09:45.304, P0, 2700, 14201, 34.36, 15, 0x0000000000000000
2026/09/26 03:09:45.367, P0, 2700, 14201, 34.36, 15, 0x0000000000000000
2026/09/26 03:09:45.429, P0, 2707, 14201, 33.80, 15, 0x0000000000000000
2026/09/26 03:09:45.490, P0, 2707, 14201, 33.80, 15, 0x0000000000000000
2026/09/26 03:09:45.552, P0, 2707, 14201, 33.80, 15, 0x0000000000000000
2026/09/26 03:09:45.614, P0, 2707, 14201, 33.80, 15, 0x0000000000000000
2026/09/26 03:09:45.677, P0, 2707, 14201, 33.80, 15, 0x0000000000000000
2026/09/26 03:09:45.740, P0, 2707, 14201, 33.80, 15, 0x0000000000000000
2026/09/26 03:09:45.804, P0, 2707, 14201, 33.80, 15, 0x0000000000000000
2026/09/26 03:09:45.865, P0, 2707, 14201, 33.80, 15, 0x0000000000000000
2026/09/26 03:09:45.927, P0, 2662, 14201, 33.81, 14, 0x0000000000000000
2026/09/26 03:09:45.989, P0, 2662, 14201, 33.81, 14, 0x0000000000000000
2026/09/26 03:09:46.051, P0, 2662, 14201, 33.81, 14, 0x0000000000000000
2026/09/26 03:09:46.114, P0, 2662, 14201, 33.81, 14, 0x0000000000000000
2026/09/26 03:09:46.177, P0, 2662, 14201, 33.81, 14, 0x0000000000000000
2026/09/26 03:09:46.240, P0, 2662, 14201, 33.81, 14, 0x0000000000000000
2026/09/26 03:09:46.302, P0, 2662, 14201, 33.81, 14, 0x0000000000000000
2026/09/26 03:09:46.364, P0, 2662, 14201, 33.81, 14, 0x0000000000000000
2026/09/26 03:09:46.427, P0, 2722, 14201, 34.50, 14, 0x0000000000000000
2026/09/26 03:09:46.490, P0, 2722, 14201, 34.50, 14, 0x0000000000000000
2026/09/26 03:09:46.552, P0, 2722, 14201, 34.50, 14, 0x0000000000000000
2026/09/26 03:09:46.614, P0, 2722, 14201, 34.50, 14, 0x0000000000000000
2026/09/26 03:09:46.676, P0, 2722, 14201, 34.50, 14, 0x0000000000000000
2026/09/26 03:09:46.738, P0, 2722, 14201, 34.50, 14, 0x0000000000000000
2026/09/26 03:09:46.799, P0, 2722, 14201, 34.50, 14, 0x0000000000000000
2026/09/26 03:09:46.861, P0, 2722, 14201, 34.50, 14, 0x0000000000000000
2026/09/26 03:09:46.923, P1, 2677, 14001, 34.35, 5, 0x0000000000000000
2026/09/26 03:09:46.985, P1, 2677, 14001, 34.35, 5, 0x0000000000000000
2026/09/26 03:09:47.049, P1, 2677, 14001, 34.35, 5, 0x0000000000000000
2026/09/26 03:09:47.111, P1, 2677, 14001, 34.35, 5, 0x0000000000000000
2026/09/26 03:09:47.173, P1, 2677, 14001, 34.35, 5, 0x0000000000000000
2026/09/26 03:09:47.235, P1, 2677, 14001, 34.35, 5, 0x0000000000000000
2026/09/26 03:09:47.299, P1, 2677, 14001, 34.35, 5, 0x0000000000000000
2026/09/26 03:09:47.363, P1, 2677, 14001, 34.35, 5, 0x0000000000000000
2026/09/26 03:09:47.425, P0, 2655, 14001, 34.23, 4, 0x0000000000000000
2026/09/26 03:09:47.487, P0, 2655, 14001, 34.23, 4, 0x0000000000000000
2026/09/26 03:09:47.551, P0, 2655, 14001, 34.23, 4, 0x0000000000000000
2026/09/26 03:09:47.613, P0, 2655, 14001, 34.23, 4, 0x0000000000000000
2026/09/26 03:09:47.676, P0, 2655, 14001, 34.23, 4, 0x0000000000000000
2026/09/26 03:09:47.737, P0, 2655, 14001, 34.23, 4, 0x0000000000000000
2026/09/26 03:09:47.799, P0, 2655, 14001, 34.23, 4, 0x0000000000000000
2026/09/26 03:09:47.861, P0, 2655, 14001, 34.23, 4, 0x0000000000000000
2026/09/26 03:09:47.923, P0, 2640, 14201, 34.60, 17, 0x0000000000000000
2026/09/26 03:09:47.986, P0, 2640, 14201, 34.60, 17, 0x0000000000000000
2026/09/26 03:09:48.049, P0, 2640, 14201, 34.60, 17, 0x0000000000000000
2026/09/26 03:09:48.112, P0, 2640, 14201, 34.60, 17, 0x0000000000000000
2026/09/26 03:09:48.175, P0, 2640, 14201, 34.60, 17, 0x0000000000000000
2026/09/26 03:09:48.237, P0, 2640, 14201, 34.60, 17, 0x0000000000000000
2026/09/26 03:09:48.300, P0, 2640, 14201, 34.60, 17, 0x0000000000000000
2026/09/26 03:09:48.363, P0, 2640, 14201, 34.60, 17, 0x0000000000000000
2026/09/26 03:09:48.426, P0, 2715, 14201, 34.71, 14, 0x0000000000000000
2026/09/26 03:09:48.491, P0, 2715, 14201, 34.71, 14, 0x0000000000000000
2026/09/26 03:09:48.552, P0, 2715, 14201, 34.71, 14, 0x0000000000000000
2026/09/26 03:09:48.614, P0, 2715, 14201, 34.71, 14, 0x0000000000000000
2026/09/26 03:09:48.678, P0, 2715, 14201, 34.71, 14, 0x0000000000000000
2026/09/26 03:09:48.740, P0, 2715, 14201, 34.71, 14, 0x0000000000000000
2026/09/26 03:09:48.801, P0, 2715, 14201, 34.71, 14, 0x0000000000000000
2026/09/26 03:09:48.865, P0, 2715, 14201, 34.71, 14, 0x0000000000000000
2026/09/26 03:09:48.926, P0, 2722, 14201, 34.83, 15, 0x0000000000000000
2026/09/26 03:09:48.988, P0, 2722, 14201, 34.83, 15, 0x0000000000000000
2026/09/26 03:09:49.052, P0, 2722, 14201, 34.83, 15, 0x0000000000000000
2026/09/26 03:09:49.114, P0, 2722, 14201, 34.83, 15, 0x0000000000000000
2026/09/26 03:09:49.177, P0, 2722, 14201, 34.83, 15, 0x0000000000000000
2026/09/26 03:09:49.240, P0, 2722, 14201, 34.83, 15, 0x0000000000000000
2026/09/26 03:09:49.302, P0, 2722, 14201, 34.83, 15, 0x0000000000000000
2026/09/26 03:09:49.365, P0, 2722, 14201, 34.83, 15, 0x0000000000000000
2026/09/26 03:09:49.429, P1, 2670, 14001, 34.41, 12, 0x0000000000000000
2026/09/26 03:09:49.491, P1, 2670, 14001, 34.41, 12, 0x0000000000000000
2026/09/26 03:09:49.554, P1, 2670, 14001, 34.41, 12, 0x0000000000000000
2026/09/26 03:09:49.617, P1, 2670, 14001, 34.41, 12, 0x0000000000000000
2026/09/26 03:09:49.680, P1, 2670, 14001, 34.41, 12, 0x0000000000000000
2026/09/26 03:09:49.742, P1, 2670, 14001, 34.41, 12, 0x0000000000000000
2026/09/26 03:09:49.803, P1, 2670, 14001, 34.41, 12, 0x0000000000000000
2026/09/26 03:09:49.865, P1, 2670, 14001, 34.41, 12, 0x0000000000000000
2026/09/26 03:09:49.927, P1, 2670, 14001, 33.49, 2, 0x0000000000000000
2026/09/26 03:09:49.989, P1, 2670, 14001, 33.49, 2, 0x0000000000000000
2026/09/26 03:09:50.052, P1, 2670, 14001, 33.49, 2, 0x0000000000000000
2026/09/26 03:09:50.115, P1, 2670, 14001, 33.49, 2, 0x0000000000000000
2026/09/26 03:09:50.177, P1, 2670, 14001, 33.49, 2, 0x0000000000000000
2026/09/26 03:09:50.239, P1, 2670, 14001, 33.49, 2, 0x0000000000000000
2026/09/26 03:09:50.301, P1, 2670, 14001, 33.49, 2, 0x0000000000000000
2026/09/26 03:09:50.363, P1, 2670, 14001, 33.49, 2, 0x0000000000000000
2026/09/26 03:09:50.425, P1, 2670, 14001, 34.26, 2, 0x0000000000000000
2026/09/26 03:09:50.488, P1, 2670, 14001, 34.26, 2, 0x0000000000000000
2026/09/26 03:09:50.550, P1, 2670, 14001, 34.26, 2, 0x0000000000000000
2026/09/26 03:09:50.613, P1, 2670, 14001, 34.26, 2, 0x0000000000000000
2026/09/26 03:09:50.676, P1, 2670, 14001, 34.26, 2, 0x0000000000000000
2026/09/26 03:09:50.740, P1, 2670, 14001, 34.26, 2, 0x0000000000000000
2026/09/26 03:09:50.803, P1, 2670, 14001, 34.26, 2, 0x0000000000000000
2026/09/26 03:09:50.865, P1, 2670, 14001, 34.26, 2, 0x0000000000000000
2026/09/26 03:09:50.929, P0, 2632, 14001, 33.83, 7, 0x0000000000000000
2026/09/26 03:09:50.992, P0, 2632, 14001, 33.83, 7, 0x0000000000000000
2026/09/26 03:09:51.054, P0, 2632, 14001, 33.83, 7, 0x0000000000000000
2026/09/26 03:09:51.117, P0, 2632, 14001, 33.83, 7, 0x0000000000000000
2026/09/26 03:09:51.180, P0, 2632, 14001, 33.83, 7, 0x0000000000000000
2026/09/26 03:09:51.243, P0, 2632, 14001, 33.83, 7, 0x0000000000000000
2026/09/26 03:09:51.304, P0, 2632, 14001, 33.83, 7, 0x0000000000000000
2026/09/26 03:09:51.367, P0, 2632, 14001, 33.83, 7, 0x0000000000000000
2026/09/26 03:09:51.431, P0, 2625, 14201, 34.48, 16, 0x0000000000000000
2026/09/26 03:09:51.493, P0, 2625, 14201, 34.48, 16, 0x0000000000000000
2026/09/26 03:09:51.554, P0, 2625, 14201, 34.48, 16, 0x0000000000000000
2026/09/26 03:09:51.616, P0, 2625, 14201, 34.48, 16, 0x0000000000000000
2026/09/26 03:09:51.679, P0, 2625, 14201, 34.48, 16, 0x0000000000000000
2026/09/26 03:09:51.741, P0, 2625, 14201, 34.48, 16, 0x0000000000000000
2026/09/26 03:09:51.804, P0, 2625, 14201, 34.48, 16, 0x0000000000000000
2026/09/26 03:09:51.866, P0, 2625, 14201, 34.48, 16, 0x0000000000000000
2026/09/26 03:09:51.928, P0, 2685, 14201, 35.08, 15, 0x0000000000000000
2026/09/26 03:09:51.991, P0, 2685, 14201, 35.08, 15, 0x0000000000000000
2026/09/26 03:09:52.052, P0, 2685, 14201, 35.08, 15, 0x0000000000000000
2026/09/26 03:09:52.113, P0, 2685, 14201, 35.08, 15, 0x0000000000000000
2026/09/26 03:09:52.176, P0, 2685, 14201, 35.08, 15, 0x0000000000000000
2026/09/26 03:09:52.238, P0, 2685, 14201, 35.08, 15, 0x0000000000000000
2026/09/26 03:09:52.300, P0, 2685, 14201, 35.08, 15, 0x0000000000000000
2026/09/26 03:09:52.362, P0, 2685, 14201, 35.08, 15, 0x0000000000000000
2026/09/26 03:09:52.426, P0, 2715, 14201, 34.51, 15, 0x0000000000000000
2026/09/26 03:09:52.488, P0, 2715, 14201, 34.51, 15, 0x0000000000000000
2026/09/26 03:09:52.551, P0, 2715, 14201, 34.51, 15, 0x0000000000000000
2026/09/26 03:09:52.614, P0, 2715, 14201, 34.51, 15, 0x0000000000000000
2026/09/26 03:09:52.677, P0, 2715, 14201, 34.51, 15, 0x0000000000000000
2026/09/26 03:09:52.738, P0, 2715, 14201, 34.51, 15, 0x0000000000000000
2026/09/26 03:09:52.800, P0, 2715, 14201, 34.51, 15, 0x0000000000000000
2026/09/26 03:09:52.862, P0, 2715, 14201, 34.51, 15, 0x0000000000000000
2026/09/26 03:09:52.925, P1, 2647, 14001, 33.88, 2, 0x0000000000000000
2026/09/26 03:09:52.988, P1, 2647, 14001, 33.88, 2, 0x0000000000000000
2026/09/26 03:09:53.049, P1, 2647, 14001, 33.88, 2, 0x0000000000000000
2026/09/26 03:09:53.112, P1, 2647, 14001, 33.88, 2, 0x0000000000000000
2026/09/26 03:09:53.175, P1, 2647, 14001, 33.88, 2, 0x0000000000000000
2026/09/26 03:09:53.238, P1, 2647, 14001, 33.88, 2, 0x0000000000000000
2026/09/26 03:09:53.300, P1, 2647, 14001, 33.88, 2, 0x0000000000000000
2026/09/26 03:09:53.363, P1, 2647, 14001, 33.88, 2, 0x0000000000000000
2026/09/26 03:09:53.426, P1, 2677, 14001, 33.83, 3, 0x0000000000000000
2026/09/26 03:09:53.489, P1, 2677, 14001, 33.83, 3, 0x0000000000000000
2026/09/26 03:09:53.552, P1, 2677, 14001, 33.83, 3, 0x0000000000000000
2026/09/26 03:09:53.614, P1, 2677, 14001, 33.83, 3, 0x0000000000000000
2026/09/26 03:09:53.676, P1, 2677, 14001, 33.83, 3, 0x0000000000000000
2026/09/26 03:09:53.739, P1, 2677, 14001, 33.83, 3, 0x0000000000000000
2026/09/26 03:09:53.802, P1, 2677, 14001, 33.83, 3, 0x0000000000000000
2026/09/26 03:09:53.863, P1, 2677, 14001, 33.83, 3, 0x0000000000000000
2026/09/26 03:09:53.926, P0, 2640, 14001, 34.53, 4, 0x0000000000000000
2026/09/26 03:09:53.987, P0, 2640, 14001, 34.53, 4, 0x0000000000000000
2026/09/26 03:09:54.049, P0, 2640, 14001, 34.53, 4, 0x0000000000000000
2026/09/26 03:09:54.112, P0, 2640, 14001, 34.53, 4, 0x0000000000000000
2026/09/26 03:09:54.174, P0, 2640, 14001, 34.53, 4, 0x0000000000000000
2026/09/26 03:09:54.237, P0, 2640, 14001, 34.53, 4, 0x0000000000000000
2026/09/26 03:09:54.300, P0, 2640, 14001, 34.53, 4, 0x0000000000000000
2026/09/26 03:09:54.362, P0, 2640, 14001, 34.53, 4, 0x0000000000000000
2026/09/26 03:09:54.424, P0, 2632, 14201, 34.26, 15, 0x0000000000000000
2026/09/26 03:09:54.486, P0, 2632, 14201, 34.26, 15, 0x0000000000000000
2026/09/26 03:09:54.548, P0, 2632, 14201, 34.26, 15, 0x0000000000000000
2026/09/26 03:09:54.610, P0, 2632, 14201, 34.26, 15, 0x0000000000000000
2026/09/26 03:09:54.672, P0, 2632, 14201, 34.26, 15, 0x0000000000000000
2026/09/26 03:09:54.734, P0, 2632, 14201, 34.26, 15, 0x0000000000000000
2026/09/26 03:09:54.796, P0, 2632, 14201, 34.26, 15, 0x0000000000000000
2026/09/26 03:09:54.858, P0, 2632, 14201, 34.26, 15, 0x0000000000000000
2026/09/26 03:09:54.919, P0, 2670, 14201, 34.74, 16, 0x0000000000000000
2026/09/26 03:09:54.982, P0, 2670, 14201, 34.74, 16, 0x0000000000000000
2026/09/26 03:09:55.045, P0, 2670, 14201, 34.74, 16, 0x0000000000000000
2026/09/26 03:09:55.108, P0, 2670, 14201, 34.74, 16, 0x0000000000000000
2026/09/26 03:09:55.170, P0, 2670, 14201, 34.74, 16, 0x0000000000000000
2026/09/26 03:09:55.233, P0, 2670, 14201, 34.74, 16, 0x0000000000000000
2026/09/26 03:09:55.297, P0, 2670, 14201, 34.74, 16, 0x0000000000000000
2026/09/26 03:09:55.359, P0, 2670, 14201, 34.74, 16, 0x0000000000000000
2026/09/26 03:09:55.421, P1, 2670, 14001, 33.79, 12, 0x0000000000000000
2026/09/26 03:09:55.484, P1, 2670, 14001, 33.79, 12, 0x0000000000000000
2026/09/26 03:09:55.545, P1, 2670, 14001, 33.79, 12, 0x0000000000000000
2026/09/26 03:09:55.609, P1, 2670, 14001, 33.79, 12, 0x0000000000000000
2026/09/26 03:09:55.671, P1, 2670, 14001, 33.79, 12, 0x0000000000000000
2026/09/26 03:09:55.734, P1, 2670, 14001, 33.79, 12, 0x0000000000000000
2026/09/26 03:09:55.795, P1, 2670, 14001, 33.79, 12, 0x0000000000000000
2026/09/26 03:09:55.857, P1, 2670, 14001, 33.79, 12, 0x0000000000000000
2026/09/26 03:09:55.918, P0, 2625, 14001, 33.91, 3, 0x0000000000000000
2026/09/26 03:09:55.980, P0, 2625, 14001, 33.91, 3, 0x0000000000000000
2026/09/26 03:09:56.044, P0, 2625, 14001, 33.91, 3, 0x0000000000000000
2026/09/26 03:09:56.106, P0, 2625, 14001, 33.91, 3, 0x0000000000000000
2026/09/26 03:09:56.168, P0, 2625, 14001, 33.91, 3, 0x0000000000000000
2026/09/26 03:09:56.230, P0, 2625, 14001, 33.91, 3, 0x0000000000000000
2026/09/26 03:09:56.294, P0, 2625, 14001, 33.91, 3, 0x0000000000000000
2026/09/26 03:09:56.357, P0, 2625, 14001, 33.91, 3, 0x0000000000000000
2026/09/26 03:09:56.419, P0, 2655, 14001, 34.39, 7, 0x0000000000000000
2026/09/26 03:09:56.481, P0, 2655, 14001, 34.39, 7, 0x0000000000000000
2026/09/26 03:09:56.545, P0, 2655, 14001, 34.39, 7, 0x0000000000000000
2026/09/26 03:09:56.608, P0, 2655, 14001, 34.39, 7, 0x0000000000000000
2026/09/26 03:09:56.670, P0, 2655, 14001, 34.39, 7, 0x0000000000000000
2026/09/26 03:09:56.733, P0, 2655, 14001, 34.39, 7, 0x0000000000000000
2026/09/26 03:09:56.795, P0, 2655, 14001, 34.39, 7, 0x0000000000000000
2026/09/26 03:09:56.856, P0, 2655, 14001, 34.39, 7, 0x0000000000000000
2026/09/26 03:09:56.919, P0, 2625, 14201, 34.12, 10, 0x0000000000000000
2026/09/26 03:09:56.981, P0, 2625, 14201, 34.12, 10, 0x0000000000000000
2026/09/26 03:09:57.043, P0, 2625, 14201, 34.12, 10, 0x0000000000000000
2026/09/26 03:09:57.106, P0, 2625, 14201, 34.12, 10, 0x0000000000000000
2026/09/26 03:09:57.169, P0, 2625, 14201, 34.12, 10, 0x0000000000000000
2026/09/26 03:09:57.231, P0, 2625, 14201, 34.12, 10, 0x0000000000000000
2026/09/26 03:09:57.293, P0, 2625, 14201, 34.12, 10, 0x0000000000000000
2026/09/26 03:09:57.356, P0, 2625, 14201, 34.12, 10, 0x0000000000000000
2026/09/26 03:09:57.418, P0, 2662, 14201, 33.49, 4, 0x0000000000000000
2026/09/26 03:09:57.482, P0, 2662, 14201, 33.49, 4, 0x0000000000000000
2026/09/26 03:09:57.544, P0, 2662, 14201, 33.49, 4, 0x0000000000000000
2026/09/26 03:09:57.607, P0, 2662, 14201, 33.49, 4, 0x0000000000000000
2026/09/26 03:09:57.669, P0, 2662, 14201, 33.49, 4, 0x0000000000000000
2026/09/26 03:09:57.731, P0, 2662, 14201, 33.49, 4, 0x0000000000000000
2026/09/26 03:09:57.794, P0, 2662, 14201, 33.49, 4, 0x0000000000000000
2026/09/26 03:09:57.857, P0, 2662, 14201, 33.49, 4, 0x0000000000000000
2026/09/26 03:09:57.919, P0, 2542, 14201, 29.17, 0, 0x0000000000000000
2026/09/26 03:09:57.980, P0, 2542, 14201, 29.17, 0, 0x0000000000000000
2026/09/26 03:09:58.042, P0, 2542, 14201, 29.17, 0, 0x0000000000000000
2026/09/26 03:09:58.105, P0, 2542, 14201, 29.17, 0, 0x0000000000000000
2026/09/26 03:09:58.168, P0, 2542, 14201, 29.17, 0, 0x0000000000000000
2026/09/26 03:09:58.231, P0, 2542, 14201, 29.17, 0, 0x0000000000000000
2026/09/26 03:09:58.293, P0, 2542, 14201, 29.17, 0, 0x0000000000000000
2026/09/26 03:09:58.355, P0, 2542, 14201, 29.17, 0, 0x0000000000000000
2026/09/26 03:09:58.418, P0, 2535, 14201, 26.21, 0, 0x0000000000000000
2026/09/26 03:09:58.480, P0, 2535, 14201, 26.21, 0, 0x0000000000000000
2026/09/26 03:09:58.543, P0, 2535, 14201, 26.21, 0, 0x0000000000000000
2026/09/26 03:09:58.605, P0, 2535, 14201, 26.21, 0, 0x0000000000000000
2026/09/26 03:09:58.666, P0, 2535, 14201, 26.21, 0, 0x0000000000000000
2026/09/26 03:09:58.728, P0, 2535, 14201, 26.21, 0, 0x0000000000000000
2026/09/26 03:09:58.789, P0, 2535, 14201, 26.21, 0, 0x0000000000000000
2026/09/26 03:09:58.853, P0, 2535, 14201, 26.21, 0, 0x0000000000000000
2026/09/26 03:09:58.914, P0, 2535, 14201, 26.17, 0, 0x0000000000000000
2026/09/26 03:09:58.976, P0, 2535, 14201, 26.17, 0, 0x0000000000000000
2026/09/26 03:09:59.039, P0, 2535, 14201, 26.17, 0, 0x0000000000000000
2026/09/26 03:09:59.099, P0, 2535, 14201, 26.17, 0, 0x0000000000000000
2026/09/26 03:09:59.163, P0, 2535, 14201, 26.17, 0, 0x0000000000000000
2026/09/26 03:09:59.225, P0, 2535, 14201, 26.17, 0, 0x0000000000000000
2026/09/26 03:09:59.287, P0, 2535, 14201, 26.17, 0, 0x0000000000000000
2026/09/26 03:09:59.349, P0, 2535, 14201, 26.17, 0, 0x0000000000000000
2026/09/26 03:09:59.412, P0, 2535, 14201, 26.16, 0, 0x0000000000000000
2026/09/26 03:09:59.474, P0, 2535, 14201, 26.16, 0, 0x0000000000000000
2026/09/26 03:09:59.536, P0, 2535, 14201, 26.16, 0, 0x0000000000000000
2026/09/26 03:09:59.597, P0, 2535, 14201, 26.16, 0, 0x0000000000000000
2026/09/26 03:09:59.659, P0, 2535, 14201, 26.16, 0, 0x0000000000000000
2026/09/26 03:09:59.721, P0, 2535, 14201, 26.16, 0, 0x0000000000000000
2026/09/26 03:09:59.782, P0, 2535, 14201, 26.16, 0, 0x0000000000000000
2026/09/26 03:09:59.844, P0, 2535, 14201, 26.16, 0, 0x0000000000000000
2026/09/26 03:09:59.906, P3, 2512, 7001, 24.18, 0, 0x0000000000000000
2026/09/26 03:09:59.969, P3, 2512, 7001, 24.18, 0, 0x0000000000000000
2026/09/26 03:10:00.031, P3, 2512, 7001, 24.18, 0, 0x0000000000000000
2026/09/26 03:10:00.093, P3, 2512, 7001, 24.18, 0, 0x0000000000000000
2026/09/26 03:10:00.155, P3, 2512, 7001, 24.18, 0, 0x0000000000000000
2026/09/26 03:10:00.218, P3, 2512, 7001, 24.18, 0, 0x0000000000000000
2026/09/26 03:10:00.281, P3, 2512, 7001, 24.18, 0, 0x0000000000000000
2026/09/26 03:10:00.342, P3, 2512, 7001, 24.18, 0, 0x0000000000000000
2026/09/26 03:10:00.405, P0, 742, 7001, 19.75, 0, 0x0000000000000000
2026/09/26 03:10:00.468, P0, 742, 7001, 19.75, 0, 0x0000000000000000
2026/09/26 03:10:00.529, P0, 742, 7001, 19.75, 0, 0x0000000000000000
2026/09/26 03:10:00.592, P0, 742, 7001, 19.75, 0, 0x0000000000000000
2026/09/26 03:10:00.654, P0, 742, 7001, 19.75, 0, 0x0000000000000000
2026/09/26 03:10:00.717, P0, 742, 7001, 19.75, 0, 0x0000000000000000
2026/09/26 03:10:00.780, P0, 742, 7001, 19.75, 0, 0x0000000000000000
2026/09/26 03:10:00.841, P0, 742, 7001, 19.75, 0, 0x0000000000000000
2026/09/26 03:10:00.903, P1, 2655, 14001, 24.10, 13, 0x0000000000000000
2026/09/26 03:10:00.965, P1, 2655, 14001, 24.10, 13, 0x0000000000000000
2026/09/26 03:10:01.027, P1, 2655, 14001, 24.10, 13, 0x0000000000000000
2026/09/26 03:10:01.088, P1, 2655, 14001, 24.10, 13, 0x0000000000000000
2026/09/26 03:10:01.150, P1, 2655, 14001, 24.10, 13, 0x0000000000000000
2026/09/26 03:10:01.213, P1, 2655, 14001, 24.10, 13, 0x0000000000000000
2026/09/26 03:10:01.276, P1, 2655, 14001, 24.10, 13, 0x0000000000000000
2026/09/26 03:10:01.337, P1, 2655, 14001, 24.10, 13, 0x0000000000000000
2026/09/26 03:10:01.400, P0, 2970, 14201, 33.46, 6, 0x0000000000000000
2026/09/26 03:10:01.462, P0, 2970, 14201, 33.46, 6, 0x0000000000000000
2026/09/26 03:10:01.524, P0, 2970, 14201, 33.46, 6, 0x0000000000000000
2026/09/26 03:10:01.587, P0, 2970, 14201, 33.46, 6, 0x0000000000000000
2026/09/26 03:10:01.650, P0, 2970, 14201, 33.46, 6, 0x0000000000000000
2026/09/26 03:10:01.711, P0, 2970, 14201, 33.46, 6, 0x0000000000000000
2026/09/26 03:10:01.774, P0, 2970, 14201, 33.46, 6, 0x0000000000000000
2026/09/26 03:10:01.836, P0, 2970, 14201, 33.46, 6, 0x0000000000000000
2026/09/26 03:10:01.898, P0, 2790, 14201, 35.62, 0, 0x0000000000000000
2026/09/26 03:10:01.959, P0, 2790, 14201, 35.62, 0, 0x0000000000000000
2026/09/26 03:10:02.021, P0, 2790, 14201, 35.62, 0, 0x0000000000000000
2026/09/26 03:10:02.083, P0, 2790, 14201, 35.62, 0, 0x0000000000000000
2026/09/26 03:10:02.145, P0, 2790, 14201, 35.62, 0, 0x0000000000000000
2026/09/26 03:10:02.209, P0, 2790, 14201, 35.62, 0, 0x0000000000000000
2026/09/26 03:10:02.271, P0, 2790, 14201, 35.62, 0, 0x0000000000000000
2026/09/26 03:10:02.334, P0, 2790, 14201, 35.62, 0, 0x0000000000000000
2026/09/26 03:10:02.397, P0, 2535, 14201, 29.00, 0, 0x0000000000000000
2026/09/26 03:10:02.459, P0, 2535, 14201, 29.00, 0, 0x0000000000000000
2026/09/26 03:10:02.522, P0, 2535, 14201, 29.00, 0, 0x0000000000000000
2026/09/26 03:10:02.583, P0, 2535, 14201, 29.00, 0, 0x0000000000000000
2026/09/26 03:10:02.646, P0, 2535, 14201, 29.00, 0, 0x0000000000000000
2026/09/26 03:10:02.708, P0, 2535, 14201, 29.00, 0, 0x0000000000000000
2026/09/26 03:10:02.770, P0, 2535, 14201, 29.00, 0, 0x0000000000000000
2026/09/26 03:10:02.832, P0, 2535, 14201, 29.00, 0, 0x0000000000000000
2026/09/26 03:10:02.894, P0, 2542, 14201, 26.28, 0, 0x0000000000000000
2026/09/26 03:10:02.958, P0, 2542, 14201, 26.28, 0, 0x0000000000000000
2026/09/26 03:10:03.022, P0, 2542, 14201, 26.28, 0, 0x0000000000000000
2026/09/26 03:10:03.085, P0, 2542, 14201, 26.28, 0, 0x0000000000000000
2026/09/26 03:10:03.148, P0, 2542, 14201, 26.28, 0, 0x0000000000000000
2026/09/26 03:10:03.210, P0, 2542, 14201, 26.28, 0, 0x0000000000000000
2026/09/26 03:10:03.274, P0, 2542, 14201, 26.28, 0, 0x0000000000000000
2026/09/26 03:10:03.337, P0, 2542, 14201, 26.28, 0, 0x0000000000000000
2026/09/26 03:10:03.400, P0, 2535, 14201, 26.26, 0, 0x0000000000000000
2026/09/26 03:10:03.462, P0, 2535, 14201, 26.26, 0, 0x0000000000000000
2026/09/26 03:10:03.524, P0, 2535, 14201, 26.26, 0, 0x0000000000000000
2026/09/26 03:10:03.588, P0, 2535, 14201, 26.26, 0, 0x0000000000000000
2026/09/26 03:10:03.649, P0, 2535, 14201, 26.26, 0, 0x0000000000000000
2026/09/26 03:10:03.711, P0, 2535, 14201, 26.26, 0, 0x0000000000000000
2026/09/26 03:10:03.774, P0, 2535, 14201, 26.26, 0, 0x0000000000000000
2026/09/26 03:10:03.836, P0, 2535, 14201, 26.26, 0, 0x0000000000000000
2026/09/26 03:10:03.899, P3, 2520, 7001, 24.35, 0, 0x0000000000000000
2026/09/26 03:10:03.960, P3, 2520, 7001, 24.35, 0, 0x0000000000000000
2026/09/26 03:10:04.022, P3, 2520, 7001, 24.35, 0, 0x0000000000000000
2026/09/26 03:10:04.085, P3, 2520, 7001, 24.35, 0, 0x0000000000000000
2026/09/26 03:10:04.146, P3, 2520, 7001, 24.35, 0, 0x0000000000000000
2026/09/26 03:10:04.208, P3, 2520, 7001, 24.35, 0, 0x0000000000000000
2026/09/26 03:10:04.270, P3, 2520, 7001, 24.35, 0, 0x0000000000000000
2026/09/26 03:10:04.333, P3, 2520, 7001, 24.35, 0, 0x0000000000000000
2026/09/26 03:10:04.397, P3, 922, 7001, 19.03, 0, 0x0000000000000000
2026/09/26 03:10:04.458, P3, 922, 7001, 19.03, 0, 0x0000000000000000
2026/09/26 03:10:04.520, P3, 922, 7001, 19.03, 0, 0x0000000000000000
2026/09/26 03:10:04.583, P3, 922, 7001, 19.03, 0, 0x0000000000000000
2026/09/26 03:10:04.644, P3, 922, 7001, 19.03, 0, 0x0000000000000000
2026/09/26 03:10:04.707, P3, 922, 7001, 19.03, 0, 0x0000000000000000
2026/09/26 03:10:04.769, P3, 922, 7001, 19.03, 0, 0x0000000000000000
2026/09/26 03:10:04.832, P3, 922, 7001, 19.03, 0, 0x0000000000000000
2026/09/26 03:10:04.894, P0, 787, 14201, 17.33, 5, 0x0000000000000000
2026/09/26 03:10:04.957, P0, 787, 14201, 17.33, 5, 0x0000000000000000
2026/09/26 03:10:05.018, P0, 787, 14201, 17.33, 5, 0x0000000000000000
2026/09/26 03:10:05.082, P0, 787, 14201, 17.33, 5, 0x0000000000000000
2026/09/26 03:10:05.144, P0, 787, 14201, 17.33, 5, 0x0000000000000000
2026/09/26 03:10:05.208, P0, 787, 14201, 17.33, 5, 0x0000000000000000
2026/09/26 03:10:05.270, P0, 787, 14201, 17.33, 5, 0x0000000000000000
2026/09/26 03:10:05.332, P0, 787, 14201, 17.33, 5, 0x0000000000000000
2026/09/26 03:10:05.395, P0, 2947, 14201, 28.24, 25, 0x0000000000000000
2026/09/26 03:10:05.456, P0, 2947, 14201, 28.24, 25, 0x0000000000000000
2026/09/26 03:10:05.518, P0, 2947, 14201, 28.24, 25, 0x0000000000000000
2026/09/26 03:10:05.580, P0, 2947, 14201, 28.24, 25, 0x0000000000000000
2026/09/26 03:10:05.643, P0, 2947, 14201, 28.24, 25, 0x0000000000000000
2026/09/26 03:10:05.706, P0, 2947, 14201, 28.24, 25, 0x0000000000000000
2026/09/26 03:10:05.769, P0, 2947, 14201, 28.24, 25, 0x0000000000000000
2026/09/26 03:10:05.832, P0, 2947, 14201, 28.24, 25, 0x0000000000000000
2026/09/26 03:10:05.894, P0, 2632, 14201, 35.62, 8, 0x0000000000000000
2026/09/26 03:10:05.956, P0, 2632, 14201, 35.62, 8, 0x0000000000000000
2026/09/26 03:10:06.020, P0, 2632, 14201, 35.62, 8, 0x0000000000000000
2026/09/26 03:10:06.083, P0, 2632, 14201, 35.62, 8, 0x0000000000000000
2026/09/26 03:10:06.145, P0, 2632, 14201, 35.62, 8, 0x0000000000000000
2026/09/26 03:10:06.208, P0, 2632, 14201, 35.62, 8, 0x0000000000000000
2026/09/26 03:10:06.271, P0, 2632, 14201, 35.62, 8, 0x0000000000000000
2026/09/26 03:10:06.333, P0, 2632, 14201, 35.62, 8, 0x0000000000000000
2026/09/26 03:10:06.397, P1, 2940, 14001, 36.61, 20, 0x0000000000000000
2026/09/26 03:10:06.460, P1, 2940, 14001, 36.61, 20, 0x0000000000000000
2026/09/26 03:10:06.521, P1, 2940, 14001, 36.61, 20, 0x0000000000000000
2026/09/26 03:10:06.583, P1, 2940, 14001, 36.61, 20, 0x0000000000000000
2026/09/26 03:10:06.645, P1, 2940, 14001, 36.61, 20, 0x0000000000000000
2026/09/26 03:10:06.707, P1, 2940, 14001, 36.61, 20, 0x0000000000000000
2026/09/26 03:10:06.769, P1, 2940, 14001, 36.61, 20, 0x0000000000000000
2026/09/26 03:10:06.832, P1, 2940, 14001, 36.61, 20, 0x0000000000000000
2026/09/26 03:10:06.894, P0, 2640, 14201, 35.03, 0, 0x0000000000000000
2026/09/26 03:10:06.957, P0, 2640, 14201, 35.03, 0, 0x0000000000000000
2026/09/26 03:10:07.019, P0, 2640, 14201, 35.03, 0, 0x0000000000000000
2026/09/26 03:10:07.082, P0, 2640, 14201, 35.03, 0, 0x0000000000000000
2026/09/26 03:10:07.143, P0, 2640, 14201, 35.03, 0, 0x0000000000000000
2026/09/26 03:10:07.205, P0, 2640, 14201, 35.03, 0, 0x0000000000000000
2026/09/26 03:10:07.268, P0, 2640, 14201, 35.03, 0, 0x0000000000000000
2026/09/26 03:10:07.330, P0, 2640, 14201, 35.03, 0, 0x0000000000000000
2026/09/26 03:10:07.391, P0, 2535, 14201, 28.29, 0, 0x0000000000000000
2026/09/26 03:10:07.455, P0, 2535, 14201, 28.29, 0, 0x0000000000000000
2026/09/26 03:10:07.517, P0, 2535, 14201, 28.29, 0, 0x0000000000000000
2026/09/26 03:10:07.579, P0, 2535, 14201, 28.29, 0, 0x0000000000000000
2026/09/26 03:10:07.642, P0, 2535, 14201, 28.29, 0, 0x0000000000000000
2026/09/26 03:10:07.703, P0, 2535, 14201, 28.29, 0, 0x0000000000000000
2026/09/26 03:10:07.766, P0, 2535, 14201, 28.29, 0, 0x0000000000000000
2026/09/26 03:10:07.829, P0, 2535, 14201, 28.29, 0, 0x0000000000000000
2026/09/26 03:10:07.891, P0, 2535, 14201, 26.23, 0, 0x0000000000000000
2026/09/26 03:10:07.954, P0, 2535, 14201, 26.23, 0, 0x0000000000000000
2026/09/26 03:10:08.016, P0, 2535, 14201, 26.23, 0, 0x0000000000000000
2026/09/26 03:10:08.077, P0, 2535, 14201, 26.23, 0, 0x0000000000000000
2026/09/26 03:10:08.138, P0, 2535, 14201, 26.23, 0, 0x0000000000000000
2026/09/26 03:10:08.201, P0, 2535, 14201, 26.23, 0, 0x0000000000000000
2026/09/26 03:10:08.263, P0, 2535, 14201, 26.23, 0, 0x0000000000000000
2026/09/26 03:10:08.328, P0, 2535, 14201, 26.23, 0, 0x0000000000000000
2026/09/26 03:10:08.390, P0, 2535, 14201, 26.19, 0, 0x0000000000000000
2026/09/26 03:10:08.453, P0, 2535, 14201, 26.19, 0, 0x0000000000000000
2026/09/26 03:10:08.516, P0, 2535, 14201, 26.19, 0, 0x0000000000000000
2026/09/26 03:10:08.579, P0, 2535, 14201, 26.19, 0, 0x0000000000000000
2026/09/26 03:10:08.643, P0, 2535, 14201, 26.19, 0, 0x0000000000000000
2026/09/26 03:10:08.705, P0, 2535, 14201, 26.19, 0, 0x0000000000000000
2026/09/26 03:10:08.768, P0, 2535, 14201, 26.19, 0, 0x0000000000000000
2026/09/26 03:10:08.829, P0, 2535, 14201, 26.19, 0, 0x0000000000000000
2026/09/26 03:10:08.891, P3, 2512, 7001, 24.18, 0, 0x0000000000000000
2026/09/26 03:10:08.953, P3, 2512, 7001, 24.18, 0, 0x0000000000000000
2026/09/26 03:10:09.016, P3, 2512, 7001, 24.18, 0, 0x0000000000000000
2026/09/26 03:10:09.078, P3, 2512, 7001, 24.18, 0, 0x0000000000000000
2026/09/26 03:10:09.141, P3, 2512, 7001, 24.18, 0, 0x0000000000000000
2026/09/26 03:10:09.201, P3, 2512, 7001, 24.18, 0, 0x0000000000000000
2026/09/26 03:10:09.264, P3, 2512, 7001, 24.18, 0, 0x0000000000000000
2026/09/26 03:10:09.326, P3, 2512, 7001, 24.18, 0, 0x0000000000000000
2026/09/26 03:10:09.389, P3, 2512, 7001, 24.18, 0, 0x0000000000000000
2026/09/26 03:10:09.450, P3, 930, 7001, 19.09, 0, 0x0000000000000000
2026/09/26 03:10:09.513, P3, 930, 7001, 19.09, 0, 0x0000000000000000
2026/09/26 03:10:09.575, P3, 930, 7001, 19.09, 0, 0x0000000000000000
2026/09/26 03:10:09.639, P3, 930, 7001, 19.09, 0, 0x0000000000000000
2026/09/26 03:10:09.702, P3, 930, 7001, 19.09, 0, 0x0000000000000000
2026/09/26 03:10:09.764, P3, 930, 7001, 19.09, 0, 0x0000000000000000
2026/09/26 03:10:09.826, P3, 930, 7001, 19.09, 0, 0x0000000000000000
2026/09/26 03:10:09.889, P3, 930, 7001, 19.09, 0, 0x0000000000000000
2026/09/26 03:10:09.951, P0, 1545, 14201, 19.66, 0, 0x0000000000000000
2026/09/26 03:10:10.014, P0, 1545, 14201, 19.66, 0, 0x0000000000000000
2026/09/26 03:10:10.077, P0, 1545, 14201, 19.66, 0, 0x0000000000000000
2026/09/26 03:10:10.140, P0, 1545, 14201, 19.66, 0, 0x0000000000000000
2026/09/26 03:10:10.203, P0, 1545, 14201, 19.66, 0, 0x0000000000000000
2026/09/26 03:10:10.264, P0, 1545, 14201, 19.66, 0, 0x0000000000000000
2026/09/26 03:10:10.327, P0, 1545, 14201, 19.66, 0, 0x0000000000000000
2026/09/26 03:10:10.389, P0, 1545, 14201, 19.66, 0, 0x0000000000000000
2026/09/26 03:10:10.451, P0, 2535, 14201, 24.31, 0, 0x0000000000000000
2026/09/26 03:10:10.513, P0, 2535, 14201, 24.31, 0, 0x0000000000000000
2026/09/26 03:10:10.575, P0, 2535, 14201, 24.31, 0, 0x0000000000000000
2026/09/26 03:10:10.637, P0, 2535, 14201, 24.31, 0, 0x0000000000000000
2026/09/26 03:10:10.700, P0, 2535, 14201, 24.31, 0, 0x0000000000000000
2026/09/26 03:10:10.762, P0, 2535, 14201, 24.31, 0, 0x0000000000000000
2026/09/26 03:10:10.824, P0, 2535, 14201, 24.31, 0, 0x0000000000000000
2026/09/26 03:10:10.886, P0, 2535, 14201, 24.31, 0, 0x0000000000000000
2026/09/26 03:10:10.948, P0, 2535, 14201, 26.28, 0, 0x0000000000000000
2026/09/26 03:10:11.011, P0, 2535, 14201, 26.28, 0, 0x0000000000000000
2026/09/26 03:10:11.074, P0, 2535, 14201, 26.28, 0, 0x0000000000000000
2026/09/26 03:10:11.135, P0, 2535, 14201, 26.28, 0, 0x0000000000000000
2026/09/26 03:10:11.197, P0, 2535, 14201, 26.28, 0, 0x0000000000000000
2026/09/26 03:10:11.259, P0, 2535, 14201, 26.28, 0, 0x0000000000000000
2026/09/26 03:10:11.321, P0, 2535, 14201, 26.28, 0, 0x0000000000000000
2026/09/26 03:10:11.383, P0, 2535, 14201, 26.28, 0, 0x0000000000000000
2026/09/26 03:10:11.447, P0, 2535, 14201, 26.26, 0, 0x0000000000000000
2026/09/26 03:10:11.509, P0, 2535, 14201, 26.26, 0, 0x0000000000000000
2026/09/26 03:10:11.573, P0, 2535, 14201, 26.26, 0, 0x0000000000000000
2026/09/26 03:10:11.635, P0, 2535, 14201, 26.26, 0, 0x0000000000000000
2026/09/26 03:10:11.698, P0, 2535, 14201, 26.26, 0, 0x0000000000000000
2026/09/26 03:10:11.760, P0, 2535, 14201, 26.26, 0, 0x0000000000000000
2026/09/26 03:10:11.822, P0, 2535, 14201, 26.26, 0, 0x0000000000000000
2026/09/26 03:10:11.884, P0, 2535, 14201, 26.26, 0, 0x0000000000000000
2026/09/26 03:10:11.947, P0, 2535, 14201, 26.21, 0, 0x0000000000000000
2026/09/26 03:10:12.009, P0, 2535, 14201, 26.21, 0, 0x0000000000000000
2026/09/26 03:10:12.071, P0, 2535, 14201, 26.21, 0, 0x0000000000000000
2026/09/26 03:10:12.135, P0, 2535, 14201, 26.21, 0, 0x0000000000000000
2026/09/26 03:10:12.197, P0, 2535, 14201, 26.21, 0, 0x0000000000000000
2026/09/26 03:10:12.260, P0, 2535, 14201, 26.21, 0, 0x0000000000000000
2026/09/26 03:10:12.323, P0, 2535, 14201, 26.21, 0, 0x0000000000000000
2026/09/26 03:10:12.385, P0, 2535, 14201, 26.21, 0, 0x0000000000000000
2026/09/26 03:10:12.448, P0, 2535, 14201, 26.18, 0, 0x0000000000000000
2026/09/26 03:10:12.510, P0, 2535, 14201, 26.18, 0, 0x0000000000000000
2026/09/26 03:10:12.572, P0, 2535, 14201, 26.18, 0, 0x0000000000000000
2026/09/26 03:10:12.634, P0, 2535, 14201, 26.18, 0, 0x0000000000000000
2026/09/26 03:10:12.697, P0, 2535, 14201, 26.18, 0, 0x0000000000000000
2026/09/26 03:10:12.759, P0, 2535, 14201, 26.18, 0, 0x0000000000000000
2026/09/26 03:10:12.824, P0, 2535, 14201, 26.18, 0, 0x0000000000000000
2026/09/26 03:10:12.887, P0, 2535, 14201, 26.18, 0, 0x0000000000000000
2026/09/26 03:10:12.948, P0, 2512, 14201, 24.35, 3, 0x0000000000000000
2026/09/26 03:10:13.010, P0, 2512, 14201, 24.35, 3, 0x0000000000000000
2026/09/26 03:10:13.072, P0, 2512, 14201, 24.35, 3, 0x0000000000000000
2026/09/26 03:10:13.135, P0, 2512, 14201, 24.35, 3, 0x0000000000000000
2026/09/26 03:10:13.197, P0, 2512, 14201, 24.35, 3, 0x0000000000000000
2026/09/26 03:10:13.259, P0, 2512, 14201, 24.35, 3, 0x0000000000000000
2026/09/26 03:10:13.321, P0, 2512, 14201, 24.35, 3, 0x0000000000000000
2026/09/26 03:10:13.383, P0, 2512, 14201, 24.35, 3, 0x0000000000000000
2026/09/26 03:10:13.446, P1, 2662, 14001, 27.59, 17, 0x0000000000000000
2026/09/26 03:10:13.508, P1, 2662, 14001, 27.59, 17, 0x0000000000000000
2026/09/26 03:10:13.571, P1, 2662, 14001, 27.59, 17, 0x0000000000000000
2026/09/26 03:10:13.633, P1, 2662, 14001, 27.59, 17, 0x0000000000000000
2026/09/26 03:10:13.696, P1, 2662, 14001, 27.59, 17, 0x0000000000000000
2026/09/26 03:10:13.759, P1, 2662, 14001, 27.59, 17, 0x0000000000000000
2026/09/26 03:10:13.820, P1, 2662, 14001, 27.59, 17, 0x0000000000000000
2026/09/26 03:10:13.882, P1, 2662, 14001, 27.59, 17, 0x0000000000000000
2026/09/26 03:10:13.945, P0, 2970, 14201, 34.38, 7, 0x0000000000000000
2026/09/26 03:10:14.009, P0, 2970, 14201, 34.38, 7, 0x0000000000000000
2026/09/26 03:10:14.072, P0, 2970, 14201, 34.38, 7, 0x0000000000000000
2026/09/26 03:10:14.134, P0, 2970, 14201, 34.38, 7, 0x0000000000000000
2026/09/26 03:10:14.197, P0, 2970, 14201, 34.38, 7, 0x0000000000000000
2026/09/26 03:10:14.260, P0, 2970, 14201, 34.38, 7, 0x0000000000000000
2026/09/26 03:10:14.323, P0, 2970, 14201, 34.38, 7, 0x0000000000000000
2026/09/26 03:10:14.385, P0, 2970, 14201, 34.38, 7, 0x0000000000000000
2026/09/26 03:10:14.449, P0, 2535, 14201, 33.98, 0, 0x0000000000000000
2026/09/26 03:10:14.511, P0, 2535, 14201, 33.98, 0, 0x0000000000000000
2026/09/26 03:10:14.573, P0, 2535, 14201, 33.98, 0, 0x0000000000000000
2026/09/26 03:10:14.635, P0, 2535, 14201, 33.98, 0, 0x0000000000000000
2026/09/26 03:10:14.697, P0, 2535, 14201, 33.98, 0, 0x0000000000000000
2026/09/26 03:10:14.760, P0, 2535, 14201, 33.98, 0, 0x0000000000000000
2026/09/26 03:10:14.821, P0, 2535, 14201, 33.98, 0, 0x0000000000000000
2026/09/26 03:10:14.884, P0, 2535, 14201, 33.98, 0, 0x0000000000000000
2026/09/26 03:10:14.946, P0, 2535, 14201, 26.96, 0, 0x0000000000000000
2026/09/26 03:10:15.008, P0, 2535, 14201, 26.96, 0, 0x0000000000000000
2026/09/26 03:10:15.071, P0, 2535, 14201, 26.96, 0, 0x0000000000000000
2026/09/26 03:10:15.133, P0, 2535, 14201, 26.96, 0, 0x0000000000000000
2026/09/26 03:10:15.195, P0, 2535, 14201, 26.96, 0, 0x0000000000000000
2026/09/26 03:10:15.257, P0, 2535, 14201, 26.96, 0, 0x0000000000000000
2026/09/26 03:10:15.320, P0, 2535, 14201, 26.96, 0, 0x0000000000000000
2026/09/26 03:10:15.382, P0, 2535, 14201, 26.96, 0, 0x0000000000000000
2026/09/26 03:10:15.445, P0, 2535, 14201, 26.16, 0, 0x0000000000000000
2026/09/26 03:10:15.508, P0, 2535, 14201, 26.16, 0, 0x0000000000000000
2026/09/26 03:10:15.571, P0, 2535, 14201, 26.16, 0, 0x0000000000000000
2026/09/26 03:10:15.635, P0, 2535, 14201, 26.16, 0, 0x0000000000000000
2026/09/26 03:10:15.697, P0, 2535, 14201, 26.16, 0, 0x0000000000000000
2026/09/26 03:10:15.760, P0, 2535, 14201, 26.16, 0, 0x0000000000000000
2026/09/26 03:10:15.822, P0, 2535, 14201, 26.16, 0, 0x0000000000000000
2026/09/26 03:10:15.885, P0, 2535, 14201, 26.16, 0, 0x0000000000000000
2026/09/26 03:10:15.947, P0, 2535, 14201, 26.11, 0, 0x0000000000000000
2026/09/26 03:10:16.008, P0, 2535, 14201, 26.11, 0, 0x0000000000000000
2026/09/26 03:10:16.072, P0, 2535, 14201, 26.11, 0, 0x0000000000000000
2026/09/26 03:10:16.133, P0, 2535, 14201, 26.11, 0, 0x0000000000000000
2026/09/26 03:10:16.196, P0, 2535, 14201, 26.11, 0, 0x0000000000000000
2026/09/26 03:10:16.259, P0, 2535, 14201, 26.11, 0, 0x0000000000000000
2026/09/26 03:10:16.323, P0, 2535, 14201, 26.11, 0, 0x0000000000000000
2026/09/26 03:10:16.385, P0, 2535, 14201, 26.11, 0, 0x0000000000000000
2026/09/26 03:10:16.448, P0, 2535, 14201, 26.10, 0, 0x0000000000000000
2026/09/26 03:10:16.509, P0, 2535, 14201, 26.10, 0, 0x0000000000000000
2026/09/26 03:10:16.572, P0, 2535, 14201, 26.10, 0, 0x0000000000000000
2026/09/26 03:10:16.635, P0, 2535, 14201, 26.10, 0, 0x0000000000000000
2026/09/26 03:10:16.696, P0, 2535, 14201, 26.10, 0, 0x0000000000000000
2026/09/26 03:10:16.759, P0, 2535, 14201, 26.10, 0, 0x0000000000000000
2026/09/26 03:10:16.821, P0, 2535, 14201, 26.10, 0, 0x0000000000000000
2026/09/26 03:10:16.883, P0, 2535, 14201, 26.10, 0, 0x0000000000000000
2026/09/26 03:10:16.945, P3, 2520, 7001, 24.15, 0, 0x0000000000000000
2026/09/26 03:10:17.009, P3, 2520, 7001, 24.15, 0, 0x0000000000000000
2026/09/26 03:10:17.072, P3, 2520, 7001, 24.15, 0, 0x0000000000000000
2026/09/26 03:10:17.136, P3, 2520, 7001, 24.15, 0, 0x0000000000000000
2026/09/26 03:10:17.197, P3, 2520, 7001, 24.15, 0, 0x0000000000000000
2026/09/26 03:10:17.260, P3, 2520, 7001, 24.15, 0, 0x0000000000000000
2026/09/26 03:10:17.321, P3, 2520, 7001, 24.15, 0, 0x0000000000000000
2026/09/26 03:10:17.384, P3, 2520, 7001, 24.15, 0, 0x0000000000000000
2026/09/26 03:10:17.446, P1, 2115, 14001, 24.41, 5, 0x0000000000000000
2026/09/26 03:10:17.510, P1, 2115, 14001, 24.41, 5, 0x0000000000000000
2026/09/26 03:10:17.572, P1, 2115, 14001, 24.41, 5, 0x0000000000000000
2026/09/26 03:10:17.633, P1, 2115, 14001, 24.41, 5, 0x0000000000000000
2026/09/26 03:10:17.696, P1, 2115, 14001, 24.41, 5, 0x0000000000000000
2026/09/26 03:10:17.759, P1, 2115, 14001, 24.41, 5, 0x0000000000000000
2026/09/26 03:10:17.822, P1, 2115, 14001, 24.41, 5, 0x0000000000000000
2026/09/26 03:10:17.883, P1, 2115, 14001, 24.41, 5, 0x0000000000000000
2026/09/26 03:10:17.945, P0, 2970, 14201, 32.27, 20, 0x0000000000000000
2026/09/26 03:10:18.008, P0, 2970, 14201, 32.27, 20, 0x0000000000000000
2026/09/26 03:10:18.069, P0, 2970, 14201, 32.27, 20, 0x0000000000000000
2026/09/26 03:10:18.132, P0, 2970, 14201, 32.27, 20, 0x0000000000000000
2026/09/26 03:10:18.194, P0, 2970, 14201, 32.27, 20, 0x0000000000000000
2026/09/26 03:10:18.256, P0, 2970, 14201, 32.27, 20, 0x0000000000000000
2026/09/26 03:10:18.320, P0, 2970, 14201, 32.27, 20, 0x0000000000000000
2026/09/26 03:10:18.383, P0, 2970, 14201, 32.27, 20, 0x0000000000000000
2026/09/26 03:10:18.446, P1, 2887, 14001, 40.44, 22, 0x0000000000000000
2026/09/26 03:10:18.509, P1, 2887, 14001, 40.44, 22, 0x0000000000000000
2026/09/26 03:10:18.571, P1, 2887, 14001, 40.44, 22, 0x0000000000000000
2026/09/26 03:10:18.633, P1, 2887, 14001, 40.44, 22, 0x0000000000000000
2026/09/26 03:10:18.695, P1, 2887, 14001, 40.44, 22, 0x0000000000000000
2026/09/26 03:10:18.757, P1, 2887, 14001, 40.44, 22, 0x0000000000000000
2026/09/26 03:10:18.820, P1, 2887, 14001, 40.44, 22, 0x0000000000000000
2026/09/26 03:10:18.881, P1, 2887, 14001, 40.44, 22, 0x0000000000000000
2026/09/26 03:10:18.944, P0, 2737, 14001, 36.31, 3, 0x0000000000000000
2026/09/26 03:10:19.006, P0, 2737, 14001, 36.31, 3, 0x0000000000000000
2026/09/26 03:10:19.071, P0, 2737, 14001, 36.31, 3, 0x0000000000000000
2026/09/26 03:10:19.131, P0, 2737, 14001, 36.31, 3, 0x0000000000000000
2026/09/26 03:10:19.194, P0, 2737, 14001, 36.31, 3, 0x0000000000000000
2026/09/26 03:10:19.257, P0, 2737, 14001, 36.31, 3, 0x0000000000000000
2026/09/26 03:10:19.319, P0, 2737, 14001, 36.31, 3, 0x0000000000000000
2026/09/26 03:10:19.380, P0, 2737, 14001, 36.31, 3, 0x0000000000000000
2026/09/26 03:10:19.443, P0, 2542, 14201, 30.69, 0, 0x0000000000000000
2026/09/26 03:10:19.506, P0, 2542, 14201, 30.69, 0, 0x0000000000000000
2026/09/26 03:10:19.568, P0, 2542, 14201, 30.69, 0, 0x0000000000000000
2026/09/26 03:10:19.631, P0, 2542, 14201, 30.69, 0, 0x0000000000000000
2026/09/26 03:10:19.693, P0, 2542, 14201, 30.69, 0, 0x0000000000000000
2026/09/26 03:10:19.755, P0, 2542, 14201, 30.69, 0, 0x0000000000000000
2026/09/26 03:10:19.818, P0, 2542, 14201, 30.69, 0, 0x0000000000000000
2026/09/26 03:10:19.879, P0, 2542, 14201, 30.69, 0, 0x0000000000000000
2026/09/26 03:10:19.942, P0, 2535, 14201, 27.24, 0, 0x0000000000000000
2026/09/26 03:10:20.005, P0, 2535, 14201, 27.24, 0, 0x0000000000000000
2026/09/26 03:10:20.068, P0, 2535, 14201, 27.24, 0, 0x0000000000000000
2026/09/26 03:10:20.131, P0, 2535, 14201, 27.24, 0, 0x0000000000000000
2026/09/26 03:10:20.193, P0, 2535, 14201, 27.24, 0, 0x0000000000000000
2026/09/26 03:10:20.254, P0, 2535, 14201, 27.24, 0, 0x0000000000000000
2026/09/26 03:10:20.318, P0, 2535, 14201, 27.24, 0, 0x0000000000000000
2026/09/26 03:10:20.380, P0, 2535, 14201, 27.24, 0, 0x0000000000000000
2026/09/26 03:10:20.442, P0, 2535, 14201, 26.23, 0, 0x0000000000000000
2026/09/26 03:10:20.504, P0, 2535, 14201, 26.23, 0, 0x0000000000000000
2026/09/26 03:10:20.567, P0, 2535, 14201, 26.23, 0, 0x0000000000000000
2026/09/26 03:10:20.628, P0, 2535, 14201, 26.23, 0, 0x0000000000000000
2026/09/26 03:10:20.691, P0, 2535, 14201, 26.23, 0, 0x0000000000000000
2026/09/26 03:10:20.752, P0, 2535, 14201, 26.23, 0, 0x0000000000000000
2026/09/26 03:10:20.814, P0, 2535, 14201, 26.23, 0, 0x0000000000000000
2026/09/26 03:10:20.876, P0, 2535, 14201, 26.23, 0, 0x0000000000000000
2026/09/26 03:10:20.939, P0, 2542, 14201, 26.19, 0, 0x0000000000000000
2026/09/26 03:10:21.001, P0, 2542, 14201, 26.19, 0, 0x0000000000000000
2026/09/26 03:10:21.063, P0, 2542, 14201, 26.19, 0, 0x0000000000000000
2026/09/26 03:10:21.125, P0, 2542, 14201, 26.19, 0, 0x0000000000000000
2026/09/26 03:10:21.188, P0, 2542, 14201, 26.19, 0, 0x0000000000000000
2026/09/26 03:10:21.251, P0, 2542, 14201, 26.19, 0, 0x0000000000000000
2026/09/26 03:10:21.314, P0, 2542, 14201, 26.19, 0, 0x0000000000000000
2026/09/26 03:10:21.377, P0, 2542, 14201, 26.19, 0, 0x0000000000000000
2026/09/26 03:10:21.439, P0, 2535, 14201, 26.16, 0, 0x0000000000000000
2026/09/26 03:10:21.502, P0, 2535, 14201, 26.16, 0, 0x0000000000000000
2026/09/26 03:10:21.563, P0, 2535, 14201, 26.16, 0, 0x0000000000000000
2026/09/26 03:10:21.625, P0, 2535, 14201, 26.16, 0, 0x0000000000000000
2026/09/26 03:10:21.688, P0, 2535, 14201, 26.16, 0, 0x0000000000000000
2026/09/26 03:10:21.750, P0, 2535, 14201, 26.16, 0, 0x0000000000000000
2026/09/26 03:10:21.812, P0, 2535, 14201, 26.16, 0, 0x0000000000000000
2026/09/26 03:10:21.873, P0, 2535, 14201, 26.16, 0, 0x0000000000000000
2026/09/26 03:10:21.936, P3, 2512, 7001, 24.32, 0, 0x0000000000000000
2026/09/26 03:10:21.999, P3, 2512, 7001, 24.32, 0, 0x0000000000000000
2026/09/26 03:10:22.061, P3, 2512, 7001, 24.32, 0, 0x0000000000000000
2026/09/26 03:10:22.123, P3, 2512, 7001, 24.32, 0, 0x0000000000000000
2026/09/26 03:10:22.186, P3, 2512, 7001, 24.32, 0, 0x0000000000000000
2026/09/26 03:10:22.248, P3, 2512, 7001, 24.32, 0, 0x0000000000000000
2026/09/26 03:10:22.310, P3, 2512, 7001, 24.32, 0, 0x0000000000000000
2026/09/26 03:10:22.371, P3, 2512, 7001, 24.32, 0, 0x0000000000000000
2026/09/26 03:10:22.432, P1, 1965, 14001, 26.38, 16, 0x0000000000000000
2026/09/26 03:10:22.493, P1, 1965, 14001, 26.38, 16, 0x0000000000000000
2026/09/26 03:10:22.558, P1, 1965, 14001, 26.38, 16, 0x0000000000000000
2026/09/26 03:10:22.620, P1, 1965, 14001, 26.38, 16, 0x0000000000000000
2026/09/26 03:10:22.682, P1, 1965, 14001, 26.38, 16, 0x0000000000000000
2026/09/26 03:10:22.743, P1, 1965, 14001, 26.38, 16, 0x0000000000000000
2026/09/26 03:10:22.807, P1, 1965, 14001, 26.38, 16, 0x0000000000000000
2026/09/26 03:10:22.869, P1, 1965, 14001, 26.38, 16, 0x0000000000000000
2026/09/26 03:10:22.931, P0, 2970, 14201, 34.34, 4, 0x0000000000000000
2026/09/26 03:10:22.993, P0, 2970, 14201, 34.34, 4, 0x0000000000000000
2026/09/26 03:10:23.056, P0, 2970, 14201, 34.34, 4, 0x0000000000000000
2026/09/26 03:10:23.119, P0, 2970, 14201, 34.34, 4, 0x0000000000000000
2026/09/26 03:10:23.182, P0, 2970, 14201, 34.34, 4, 0x0000000000000000
2026/09/26 03:10:23.244, P0, 2970, 14201, 34.34, 4, 0x0000000000000000
2026/09/26 03:10:23.306, P0, 2970, 14201, 34.34, 4, 0x0000000000000000
2026/09/26 03:10:23.369, P0, 2970, 14201, 34.34, 4, 0x0000000000000000
2026/09/26 03:10:23.431, P0, 2535, 14201, 32.22, 0, 0x0000000000000000
2026/09/26 03:10:23.493, P0, 2535, 14201, 32.22, 0, 0x0000000000000000
2026/09/26 03:10:23.555, P0, 2535, 14201, 32.22, 0, 0x0000000000000000
2026/09/26 03:10:23.618, P0, 2535, 14201, 32.22, 0, 0x0000000000000000
2026/09/26 03:10:23.681, P0, 2535, 14201, 32.22, 0, 0x0000000000000000
2026/09/26 03:10:23.744, P0, 2535, 14201, 32.22, 0, 0x0000000000000000
2026/09/26 03:10:23.806, P0, 2535, 14201, 32.22, 0, 0x0000000000000000
2026/09/26 03:10:23.868, P0, 2535, 14201, 32.22, 0, 0x0000000000000000
2026/09/26 03:10:23.931, P0, 2535, 14201, 26.69, 0, 0x0000000000000000
2026/09/26 03:10:23.993, P0, 2535, 14201, 26.69, 0, 0x0000000000000000
2026/09/26 03:10:24.055, P0, 2535, 14201, 26.69, 0, 0x0000000000000000
2026/09/26 03:10:24.117, P0, 2535, 14201, 26.69, 0, 0x0000000000000000
2026/09/26 03:10:24.179, P0, 2535, 14201, 26.69, 0, 0x0000000000000000
2026/09/26 03:10:24.241, P0, 2535, 14201, 26.69, 0, 0x0000000000000000
2026/09/26 03:10:24.303, P0, 2535, 14201, 26.69, 0, 0x0000000000000000
2026/09/26 03:10:24.366, P0, 2535, 14201, 26.69, 0, 0x0000000000000000
2026/09/26 03:10:24.428, P0, 2535, 14201, 26.15, 0, 0x0000000000000000
2026/09/26 03:10:24.490, P0, 2535, 14201, 26.15, 0, 0x0000000000000000
2026/09/26 03:10:24.553, P0, 2535, 14201, 26.15, 0, 0x0000000000000000
2026/09/26 03:10:24.615, P0, 2535, 14201, 26.15, 0, 0x0000000000000000
2026/09/26 03:10:24.677, P0, 2535, 14201, 26.15, 0, 0x0000000000000000
2026/09/26 03:10:24.738, P0, 2535, 14201, 26.15, 0, 0x0000000000000000
2026/09/26 03:10:24.800, P0, 2535, 14201, 26.15, 0, 0x0000000000000000
2026/09/26 03:10:24.861, P0, 2535, 14201, 26.15, 0, 0x0000000000000000
2026/09/26 03:10:24.922, P0, 2535, 14201, 26.01, 0, 0x0000000000000000
2026/09/26 03:10:24.984, P0, 2535, 14201, 26.01, 0, 0x0000000000000000
2026/09/26 03:10:25.046, P0, 2535, 14201, 26.01, 0, 0x0000000000000000
2026/09/26 03:10:25.109, P0, 2535, 14201, 26.01, 0, 0x0000000000000000
2026/09/26 03:10:25.171, P0, 2535, 14201, 26.01, 0, 0x0000000000000000
2026/09/26 03:10:25.235, P0, 2535, 14201, 26.01, 0, 0x0000000000000000
2026/09/26 03:10:25.297, P0, 2535, 14201, 26.01, 0, 0x0000000000000000
2026/09/26 03:10:25.359, P0, 2535, 14201, 26.01, 0, 0x0000000000000000
2026/09/26 03:10:25.422, P0, 2535, 14201, 25.98, 0, 0x0000000000000000
2026/09/26 03:10:25.484, P0, 2535, 14201, 25.98, 0, 0x0000000000000000
2026/09/26 03:10:25.546, P0, 2535, 14201, 25.98, 0, 0x0000000000000000
2026/09/26 03:10:25.610, P0, 2535, 14201, 25.98, 0, 0x0000000000000000
2026/09/26 03:10:25.672, P0, 2535, 14201, 25.98, 0, 0x0000000000000000
2026/09/26 03:10:25.735, P0, 2535, 14201, 25.98, 0, 0x0000000000000000
2026/09/26 03:10:25.797, P0, 2535, 14201, 25.98, 0, 0x0000000000000000
2026/09/26 03:10:25.860, P0, 2535, 14201, 25.98, 0, 0x0000000000000000
2026/09/26 03:10:25.923, P1, 2512, 14201, 24.12, 0, 0x0000000000000000
2026/09/26 03:10:25.987, P1, 2512, 14201, 24.12, 0, 0x0000000000000000
2026/09/26 03:10:26.050, P1, 2512, 14201, 24.12, 0, 0x0000000000000000
2026/09/26 03:10:26.112, P1, 2512, 14201, 24.12, 0, 0x0000000000000000
2026/09/26 03:10:26.174, P1, 2512, 14201, 24.12, 0, 0x0000000000000000
2026/09/26 03:10:26.236, P1, 2512, 14201, 24.12, 0, 0x0000000000000000
2026/09/26 03:10:26.299, P1, 2512, 14201, 24.12, 0, 0x0000000000000000
2026/09/26 03:10:26.361, P1, 2512, 14201, 24.12, 0, 0x0000000000000000
2026/09/26 03:10:26.423, P1, 2715, 14001, 26.35, 4, 0x0000000000000000
2026/09/26 03:10:26.485, P1, 2715, 14001, 26.35, 4, 0x0000000000000000
2026/09/26 03:10:26.548, P1, 2715, 14001, 26.35, 4, 0x0000000000000000
2026/09/26 03:10:26.613, P1, 2715, 14001, 26.35, 4, 0x0000000000000000
2026/09/26 03:10:26.675, P1, 2715, 14001, 26.35, 4, 0x0000000000000000
2026/09/26 03:10:26.739, P1, 2715, 14001, 26.35, 4, 0x0000000000000000
2026/09/26 03:10:26.801, P1, 2715, 14001, 26.35, 4, 0x0000000000000000
2026/09/26 03:10:26.864, P1, 2715, 14001, 26.35, 4, 0x0000000000000000
2026/09/26 03:10:26.927, P0, 2970, 14201, 33.78, 8, 0x0000000000000000
2026/09/26 03:10:26.990, P0, 2970, 14201, 33.78, 8, 0x0000000000000000
2026/09/26 03:10:27.052, P0, 2970, 14201, 33.78, 8, 0x0000000000000000
2026/09/26 03:10:27.116, P0, 2970, 14201, 33.78, 8, 0x0000000000000000
2026/09/26 03:10:27.178, P0, 2970, 14201, 33.78, 8, 0x0000000000000000
2026/09/26 03:10:27.241, P0, 2970, 14201, 33.78, 8, 0x0000000000000000
2026/09/26 03:10:27.304, P0, 2970, 14201, 33.78, 8, 0x0000000000000000
2026/09/26 03:10:27.366, P0, 2970, 14201, 33.78, 8, 0x0000000000000000
2026/09/26 03:10:27.429, P0, 2535, 14201, 33.47, 0, 0x0000000000000000
2026/09/26 03:10:27.491, P0, 2535, 14201, 33.47, 0, 0x0000000000000000
2026/09/26 03:10:27.553, P0, 2535, 14201, 33.47, 0, 0x0000000000000000
2026/09/26 03:10:27.616, P0, 2535, 14201, 33.47, 0, 0x0000000000000000
2026/09/26 03:10:27.678, P0, 2535, 14201, 33.47, 0, 0x0000000000000000
2026/09/26 03:10:27.741, P0, 2535, 14201, 33.47, 0, 0x0000000000000000
2026/09/26 03:10:27.804, P0, 2535, 14201, 33.47, 0, 0x0000000000000000
2026/09/26 03:10:27.865, P0, 2535, 14201, 33.47, 0, 0x0000000000000000
2026/09/26 03:10:27.926, P0, 2535, 14201, 26.33, 0, 0x0000000000000000
2026/09/26 03:10:27.988, P0, 2535, 14201, 26.33, 0, 0x0000000000000000
2026/09/26 03:10:28.051, P0, 2535, 14201, 26.33, 0, 0x0000000000000000
2026/09/26 03:10:28.113, P0, 2535, 14201, 26.33, 0, 0x0000000000000000
2026/09/26 03:10:28.175, P0, 2535, 14201, 26.33, 0, 0x0000000000000000
2026/09/26 03:10:28.236, P0, 2535, 14201, 26.33, 0, 0x0000000000000000
2026/09/26 03:10:28.300, P0, 2535, 14201, 26.33, 0, 0x0000000000000000
2026/09/26 03:10:28.363, P0, 2535, 14201, 26.33, 0, 0x0000000000000000
2026/09/26 03:10:28.427, P0, 2535, 14201, 26.29, 0, 0x0000000000000000
2026/09/26 03:10:28.491, P0, 2535, 14201, 26.29, 0, 0x0000000000000000
2026/09/26 03:10:28.553, P0, 2535, 14201, 26.29, 0, 0x0000000000000000
2026/09/26 03:10:28.615, P0, 2535, 14201, 26.29, 0, 0x0000000000000000
2026/09/26 03:10:28.678, P0, 2535, 14201, 26.29, 0, 0x0000000000000000
2026/09/26 03:10:28.740, P0, 2535, 14201, 26.29, 0, 0x0000000000000000
2026/09/26 03:10:28.802, P0, 2535, 14201, 26.29, 0, 0x0000000000000000
2026/09/26 03:10:28.864, P0, 2535, 14201, 26.29, 0, 0x0000000000000000
2026/09/26 03:10:28.926, P3, 2520, 7001, 24.32, 0, 0x0000000000000000
2026/09/26 03:10:28.988, P3, 2520, 7001, 24.32, 0, 0x0000000000000000
2026/09/26 03:10:29.049, P3, 2520, 7001, 24.32, 0, 0x0000000000000000
2026/09/26 03:10:29.110, P3, 2520, 7001, 24.32, 0, 0x0000000000000000
2026/09/26 03:10:29.173, P3, 2520, 7001, 24.32, 0, 0x0000000000000000
2026/09/26 03:10:29.235, P3, 2520, 7001, 24.32, 0, 0x0000000000000000
2026/09/26 03:10:29.297, P3, 2520, 7001, 24.32, 0, 0x0000000000000000
2026/09/26 03:10:29.359, P3, 2520, 7001, 24.32, 0, 0x0000000000000000
2026/09/26 03:10:29.423, P3, 1027, 7001, 19.22, 0, 0x0000000000000000
2026/09/26 03:10:29.484, P3, 1027, 7001, 19.22, 0, 0x0000000000000000
2026/09/26 03:10:29.548, P3, 1027, 7001, 19.22, 0, 0x0000000000000000
2026/09/26 03:10:29.610, P3, 1027, 7001, 19.22, 0, 0x0000000000000000
2026/09/26 03:10:29.672, P3, 1027, 7001, 19.22, 0, 0x0000000000000000
2026/09/26 03:10:29.735, P3, 1027, 7001, 19.22, 0, 0x0000000000000000
2026/09/26 03:10:29.798, P3, 1027, 7001, 19.22, 0, 0x0000000000000000
2026/09/26 03:10:29.860, P3, 1027, 7001, 19.22, 0, 0x0000000000000000
2026/09/26 03:10:29.922, P0, 862, 14001, 16.03, 1, 0x0000000000000000
2026/09/26 03:10:29.984, P0, 862, 14001, 16.03, 1, 0x0000000000000000
2026/09/26 03:10:30.047, P0, 862, 14001, 16.03, 1, 0x0000000000000000
2026/09/26 03:10:30.109, P0, 862, 14001, 16.03, 1, 0x0000000000000000
2026/09/26 03:10:30.171, P0, 862, 14001, 16.03, 1, 0x0000000000000000
2026/09/26 03:10:30.234, P0, 862, 14001, 16.03, 1, 0x0000000000000000
2026/09/26 03:10:30.296, P0, 862, 14001, 16.03, 1, 0x0000000000000000
2026/09/26 03:10:30.358, P0, 862, 14001, 16.03, 1, 0x0000000000000000
2026/09/26 03:10:30.420, P0, 2767, 14201, 23.02, 4, 0x0000000000000000
2026/09/26 03:10:30.482, P0, 2767, 14201, 23.02, 4, 0x0000000000000000
2026/09/26 03:10:30.545, P0, 2767, 14201, 23.02, 4, 0x0000000000000000
2026/09/26 03:10:30.607, P0, 2767, 14201, 23.02, 4, 0x0000000000000000
2026/09/26 03:10:30.670, P0, 2767, 14201, 23.02, 4, 0x0000000000000000
2026/09/26 03:10:30.732, P0, 2767, 14201, 23.02, 4, 0x0000000000000000
2026/09/26 03:10:30.795, P0, 2767, 14201, 23.02, 4, 0x0000000000000000
2026/09/26 03:10:30.857, P0, 2767, 14201, 23.02, 4, 0x0000000000000000
2026/09/26 03:10:30.920, P1, 2640, 14001, 30.55, 24, 0x0000000000000000
2026/09/26 03:10:30.983, P1, 2640, 14001, 30.55, 24, 0x0000000000000000
2026/09/26 03:10:31.044, P1, 2640, 14001, 30.55, 24, 0x0000000000000000
2026/09/26 03:10:31.107, P1, 2640, 14001, 30.55, 24, 0x0000000000000000
2026/09/26 03:10:31.170, P1, 2640, 14001, 30.55, 24, 0x0000000000000000
2026/09/26 03:10:31.232, P1, 2640, 14001, 30.55, 24, 0x0000000000000000
2026/09/26 03:10:31.295, P1, 2640, 14001, 30.55, 24, 0x0000000000000000
2026/09/26 03:10:31.358, P1, 2640, 14001, 30.55, 24, 0x0000000000000000
2026/09/26 03:10:31.420, P0, 2970, 14201, 35.93, 14, 0x0000000000000000
2026/09/26 03:10:31.482, P0, 2970, 14201, 35.93, 14, 0x0000000000000000
2026/09/26 03:10:31.544, P0, 2970, 14201, 35.93, 14, 0x0000000000000000
2026/09/26 03:10:31.608, P0, 2970, 14201, 35.93, 14, 0x0000000000000000
2026/09/26 03:10:31.671, P0, 2970, 14201, 35.93, 14, 0x0000000000000000
2026/09/26 03:10:31.733, P0, 2970, 14201, 35.93, 14, 0x0000000000000000
2026/09/26 03:10:31.794, P0, 2970, 14201, 35.93, 14, 0x0000000000000000
2026/09/26 03:10:31.856, P0, 2970, 14201, 35.93, 14, 0x0000000000000000
2026/09/26 03:10:31.919, P0, 2535, 14201, 32.85, 0, 0x0000000000000000
2026/09/26 03:10:31.982, P0, 2535, 14201, 32.85, 0, 0x0000000000000000
2026/09/26 03:10:32.043, P0, 2535, 14201, 32.85, 0, 0x0000000000000000
2026/09/26 03:10:32.106, P0, 2535, 14201, 32.85, 0, 0x0000000000000000
2026/09/26 03:10:32.167, P0, 2535, 14201, 32.85, 0, 0x0000000000000000
2026/09/26 03:10:32.229, P0, 2535, 14201, 32.85, 0, 0x0000000000000000
2026/09/26 03:10:32.293, P0, 2535, 14201, 32.85, 0, 0x0000000000000000
2026/09/26 03:10:32.354, P0, 2535, 14201, 32.85, 0, 0x0000000000000000
2026/09/26 03:10:32.418, P0, 2535, 14201, 27.29, 0, 0x0000000000000000
2026/09/26 03:10:32.481, P0, 2535, 14201, 27.29, 0, 0x0000000000000000
2026/09/26 03:10:32.545, P0, 2535, 14201, 27.29, 0, 0x0000000000000000
2026/09/26 03:10:32.607, P0, 2535, 14201, 27.29, 0, 0x0000000000000000
2026/09/26 03:10:32.669, P0, 2535, 14201, 27.29, 0, 0x0000000000000000
2026/09/26 03:10:32.733, P0, 2535, 14201, 27.29, 0, 0x0000000000000000
2026/09/26 03:10:32.795, P0, 2535, 14201, 27.29, 0, 0x0000000000000000
2026/09/26 03:10:32.857, P0, 2535, 14201, 27.29, 0, 0x0000000000000000
2026/09/26 03:10:32.919, P0, 2535, 14201, 26.32, 0, 0x0000000000000000
2026/09/26 03:10:32.980, P0, 2535, 14201, 26.32, 0, 0x0000000000000000
2026/09/26 03:10:33.042, P0, 2535, 14201, 26.32, 0, 0x0000000000000000
2026/09/26 03:10:33.103, P0, 2535, 14201, 26.32, 0, 0x0000000000000000
2026/09/26 03:10:33.165, P0, 2535, 14201, 26.32, 0, 0x0000000000000000
2026/09/26 03:10:33.227, P0, 2535, 14201, 26.32, 0, 0x0000000000000000
2026/09/26 03:10:33.289, P0, 2535, 14201, 26.32, 0, 0x0000000000000000
2026/09/26 03:10:33.351, P0, 2535, 14201, 26.32, 0, 0x0000000000000000
2026/09/26 03:10:33.416, P0, 2535, 14201, 26.36, 0, 0x0000000000000000
2026/09/26 03:10:33.479, P0, 2535, 14201, 26.36, 0, 0x0000000000000000
2026/09/26 03:10:33.542, P0, 2535, 14201, 26.36, 0, 0x0000000000000000
2026/09/26 03:10:33.606, P0, 2535, 14201, 26.36, 0, 0x0000000000000000
2026/09/26 03:10:33.669, P0, 2535, 14201, 26.36, 0, 0x0000000000000000
2026/09/26 03:10:33.732, P0, 2535, 14201, 26.36, 0, 0x0000000000000000
2026/09/26 03:10:33.795, P0, 2535, 14201, 26.36, 0, 0x0000000000000000
2026/09/26 03:10:33.857, P0, 2535, 14201, 26.36, 0, 0x0000000000000000
2026/09/26 03:10:33.921, P3, 2520, 7001, 24.31, 0, 0x0000000000000000
2026/09/26 03:10:33.985, P3, 2520, 7001, 24.31, 0, 0x0000000000000000
2026/09/26 03:10:34.048, P3, 2520, 7001, 24.31, 0, 0x0000000000000000
2026/09/26 03:10:34.112, P3, 2520, 7001, 24.31, 0, 0x0000000000000000
2026/09/26 03:10:34.175, P3, 2520, 7001, 24.31, 0, 0x0000000000000000
2026/09/26 03:10:34.237, P3, 2520, 7001, 24.31, 0, 0x0000000000000000
2026/09/26 03:10:34.298, P3, 2520, 7001, 24.31, 0, 0x0000000000000000
2026/09/26 03:10:34.362, P3, 2520, 7001, 24.31, 0, 0x0000000000000000
2026/09/26 03:10:34.424, P3, 900, 7001, 19.79, 0, 0x0000000000000000
2026/09/26 03:10:34.487, P3, 900, 7001, 19.79, 0, 0x0000000000000000
2026/09/26 03:10:34.549, P3, 900, 7001, 19.79, 0, 0x0000000000000000
2026/09/26 03:10:34.612, P3, 900, 7001, 19.79, 0, 0x0000000000000000
2026/09/26 03:10:34.674, P3, 900, 7001, 19.79, 0, 0x0000000000000000
2026/09/26 03:10:34.736, P3, 900, 7001, 19.79, 0, 0x0000000000000000
2026/09/26 03:10:34.798, P3, 900, 7001, 19.79, 0, 0x0000000000000000
2026/09/26 03:10:34.860, P3, 900, 7001, 19.79, 0, 0x0000000000000000
2026/09/26 03:10:34.922, P0, 2572, 14201, 22.28, 4, 0x0000000000000000
2026/09/26 03:10:34.986, P0, 2572, 14201, 22.28, 4, 0x0000000000000000
2026/09/26 03:10:35.048, P0, 2572, 14201, 22.28, 4, 0x0000000000000000
2026/09/26 03:10:35.111, P0, 2572, 14201, 22.28, 4, 0x0000000000000000
2026/09/26 03:10:35.175, P0, 2572, 14201, 22.28, 4, 0x0000000000000000
2026/09/26 03:10:35.236, P0, 2572, 14201, 22.28, 4, 0x0000000000000000
2026/09/26 03:10:35.299, P0, 2572, 14201, 22.28, 4, 0x0000000000000000
2026/09/26 03:10:35.362, P0, 2572, 14201, 22.28, 4, 0x0000000000000000
2026/09/26 03:10:35.425, P1, 2782, 14001, 32.11, 24, 0x0000000000000000
2026/09/26 03:10:35.486, P1, 2782, 14001, 32.11, 24, 0x0000000000000000
2026/09/26 03:10:35.547, P1, 2782, 14001, 32.11, 24, 0x0000000000000000
2026/09/26 03:10:35.609, P1, 2782, 14001, 32.11, 24, 0x0000000000000000
2026/09/26 03:10:35.671, P1, 2782, 14001, 32.11, 24, 0x0000000000000000
2026/09/26 03:10:35.732, P1, 2782, 14001, 32.11, 24, 0x0000000000000000
2026/09/26 03:10:35.795, P1, 2782, 14001, 32.11, 24, 0x0000000000000000
2026/09/26 03:10:35.858, P1, 2782, 14001, 32.11, 24, 0x0000000000000000
2026/09/26 03:10:35.920, P0, 2692, 14201, 34.15, 0, 0x0000000000000000
2026/09/26 03:10:35.983, P0, 2692, 14201, 34.15, 0, 0x0000000000000000
2026/09/26 03:10:36.047, P0, 2692, 14201, 34.15, 0, 0x0000000000000000
2026/09/26 03:10:36.109, P0, 2692, 14201, 34.15, 0, 0x0000000000000000
2026/09/26 03:10:36.172, P0, 2692, 14201, 34.15, 0, 0x0000000000000000
2026/09/26 03:10:36.234, P0, 2692, 14201, 34.15, 0, 0x0000000000000000
2026/09/26 03:10:36.297, P0, 2692, 14201, 34.15, 0, 0x0000000000000000
2026/09/26 03:10:36.360, P0, 2692, 14201, 34.15, 0, 0x0000000000000000
2026/09/26 03:10:36.423, P0, 2535, 14201, 28.79, 0, 0x0000000000000000
2026/09/26 03:10:36.485, P0, 2535, 14201, 28.79, 0, 0x0000000000000000
2026/09/26 03:10:36.547, P0, 2535, 14201, 28.79, 0, 0x0000000000000000
2026/09/26 03:10:36.609, P0, 2535, 14201, 28.79, 0, 0x0000000000000000
2026/09/26 03:10:36.671, P0, 2535, 14201, 28.79, 0, 0x0000000000000000
2026/09/26 03:10:36.733, P0, 2535, 14201, 28.79, 0, 0x0000000000000000
2026/09/26 03:10:36.796, P0, 2535, 14201, 28.79, 0, 0x0000000000000000
2026/09/26 03:10:36.859, P0, 2535, 14201, 28.79, 0, 0x0000000000000000
2026/09/26 03:10:36.923, P0, 2535, 14201, 26.32, 0, 0x0000000000000000
2026/09/26 03:10:36.986, P0, 2535, 14201, 26.32, 0, 0x0000000000000000
2026/09/26 03:10:37.046, P0, 2535, 14201, 26.32, 0, 0x0000000000000000
2026/09/26 03:10:37.109, P0, 2535, 14201, 26.32, 0, 0x0000000000000000
2026/09/26 03:10:37.171, P0, 2535, 14201, 26.32, 0, 0x0000000000000000
2026/09/26 03:10:37.233, P0, 2535, 14201, 26.32, 0, 0x0000000000000000
2026/09/26 03:10:37.295, P0, 2535, 14201, 26.32, 0, 0x0000000000000000
2026/09/26 03:10:37.357, P0, 2535, 14201, 26.32, 0, 0x0000000000000000
2026/09/26 03:10:37.418, P0, 2535, 14201, 26.31, 0, 0x0000000000000000
2026/09/26 03:10:37.480, P0, 2535, 14201, 26.31, 0, 0x0000000000000000
2026/09/26 03:10:37.541, P0, 2535, 14201, 26.31, 0, 0x0000000000000000
2026/09/26 03:10:37.604, P0, 2535, 14201, 26.31, 0, 0x0000000000000000
2026/09/26 03:10:37.665, P0, 2535, 14201, 26.31, 0, 0x0000000000000000
2026/09/26 03:10:37.728, P0, 2535, 14201, 26.31, 0, 0x0000000000000000
2026/09/26 03:10:37.790, P0, 2535, 14201, 26.31, 0, 0x0000000000000000
2026/09/26 03:10:37.853, P0, 2535, 14201, 26.31, 0, 0x0000000000000000
2026/09/26 03:10:37.915, P3, 2520, 7001, 24.28, 0, 0x0000000000000000
2026/09/26 03:10:37.978, P3, 2520, 7001, 24.28, 0, 0x0000000000000000
2026/09/26 03:10:38.041, P3, 2520, 7001, 24.28, 0, 0x0000000000000000
2026/09/26 03:10:38.104, P3, 2520, 7001, 24.28, 0, 0x0000000000000000
2026/09/26 03:10:38.166, P3, 2520, 7001, 24.28, 0, 0x0000000000000000
2026/09/26 03:10:38.228, P3, 2520, 7001, 24.28, 0, 0x0000000000000000
2026/09/26 03:10:38.291, P3, 2520, 7001, 24.28, 0, 0x0000000000000000
2026/09/26 03:10:38.355, P3, 2520, 7001, 24.28, 0, 0x0000000000000000
2026/09/26 03:10:38.418, P3, 930, 7001, 19.77, 0, 0x0000000000000000
2026/09/26 03:10:38.480, P3, 930, 7001, 19.77, 0, 0x0000000000000000
2026/09/26 03:10:38.541, P3, 930, 7001, 19.77, 0, 0x0000000000000000
2026/09/26 03:10:38.603, P3, 930, 7001, 19.77, 0, 0x0000000000000000
2026/09/26 03:10:38.665, P3, 930, 7001, 19.77, 0, 0x0000000000000000
2026/09/26 03:10:38.726, P3, 930, 7001, 19.77, 0, 0x0000000000000000
2026/09/26 03:10:38.788, P3, 930, 7001, 19.77, 0, 0x0000000000000000
2026/09/26 03:10:38.852, P3, 930, 7001, 19.77, 0, 0x0000000000000000
2026/09/26 03:10:38.915, P0, 1207, 14201, 20.18, 9, 0x0000000000000000
2026/09/26 03:10:38.978, P0, 1207, 14201, 20.18, 9, 0x0000000000000000
2026/09/26 03:10:39.040, P0, 1207, 14201, 20.18, 9, 0x0000000000000000
2026/09/26 03:10:39.103, P0, 1207, 14201, 20.18, 9, 0x0000000000000000
2026/09/26 03:10:39.168, P0, 1207, 14201, 20.18, 9, 0x0000000000000000
2026/09/26 03:10:39.231, P0, 1207, 14201, 20.18, 9, 0x0000000000000000
2026/09/26 03:10:39.294, P0, 1207, 14201, 20.18, 9, 0x0000000000000000
2026/09/26 03:10:39.357, P0, 1207, 14201, 20.18, 9, 0x0000000000000000
2026/09/26 03:10:39.420, P0, 2640, 14201, 26.18, 0, 0x0000000000000000
2026/09/26 03:10:39.482, P0, 2640, 14201, 26.18, 0, 0x0000000000000000
2026/09/26 03:10:39.543, P0, 2640, 14201, 26.18, 0, 0x0000000000000000
2026/09/26 03:10:39.606, P0, 2640, 14201, 26.18, 0, 0x0000000000000000
2026/09/26 03:10:39.669, P0, 2640, 14201, 26.18, 0, 0x0000000000000000
2026/09/26 03:10:39.731, P0, 2640, 14201, 26.18, 0, 0x0000000000000000
2026/09/26 03:10:39.793, P0, 2640, 14201, 26.18, 0, 0x0000000000000000
2026/09/26 03:10:39.857, P0, 2640, 14201, 26.18, 0, 0x0000000000000000
2026/09/26 03:10:39.919, P0, 2535, 14201, 27.64, 0, 0x0000000000000000
2026/09/26 03:10:39.982, P0, 2535, 14201, 27.64, 0, 0x0000000000000000
2026/09/26 03:10:40.044, P0, 2535, 14201, 27.64, 0, 0x0000000000000000
2026/09/26 03:10:40.106, P0, 2535, 14201, 27.64, 0, 0x0000000000000000
2026/09/26 03:10:40.168, P0, 2535, 14201, 27.64, 0, 0x0000000000000000
2026/09/26 03:10:40.230, P0, 2535, 14201, 27.64, 0, 0x0000000000000000
2026/09/26 03:10:40.292, P0, 2535, 14201, 27.64, 0, 0x0000000000000000
2026/09/26 03:10:40.354, P0, 2535, 14201, 27.64, 0, 0x0000000000000000
2026/09/26 03:10:40.415, P0, 2535, 14201, 26.16, 0, 0x0000000000000000
2026/09/26 03:10:40.479, P0, 2535, 14201, 26.16, 0, 0x0000000000000000
2026/09/26 03:10:40.541, P0, 2535, 14201, 26.16, 0, 0x0000000000000000
2026/09/26 03:10:40.603, P0, 2535, 14201, 26.16, 0, 0x0000000000000000
2026/09/26 03:10:40.666, P0, 2535, 14201, 26.16, 0, 0x0000000000000000
2026/09/26 03:10:40.728, P0, 2535, 14201, 26.16, 0, 0x0000000000000000
2026/09/26 03:10:40.791, P0, 2535, 14201, 26.16, 0, 0x0000000000000000
2026/09/26 03:10:40.853, P0, 2535, 14201, 26.16, 0, 0x0000000000000000
2026/09/26 03:10:40.915, P0, 2542, 14201, 26.24, 0, 0x0000000000000000
2026/09/26 03:10:40.977, P0, 2542, 14201, 26.24, 0, 0x0000000000000000
2026/09/26 03:10:41.042, P0, 2542, 14201, 26.24, 0, 0x0000000000000000
2026/09/26 03:10:41.104, P0, 2542, 14201, 26.24, 0, 0x0000000000000000
2026/09/26 03:10:41.167, P0, 2542, 14201, 26.24, 0, 0x0000000000000000
2026/09/26 03:10:41.229, P0, 2542, 14201, 26.24, 0, 0x0000000000000000
2026/09/26 03:10:41.291, P0, 2542, 14201, 26.24, 0, 0x0000000000000000
2026/09/26 03:10:41.354, P0, 2542, 14201, 26.24, 0, 0x0000000000000000
2026/09/26 03:10:41.417, P0, 2535, 14201, 26.21, 0, 0x0000000000000000
2026/09/26 03:10:41.479, P0, 2535, 14201, 26.21, 0, 0x0000000000000000
2026/09/26 03:10:41.542, P0, 2535, 14201, 26.21, 0, 0x0000000000000000
2026/09/26 03:10:41.604, P0, 2535, 14201, 26.21, 0, 0x0000000000000000
2026/09/26 03:10:41.667, P0, 2535, 14201, 26.21, 0, 0x0000000000000000
2026/09/26 03:10:41.729, P0, 2535, 14201, 26.21, 0, 0x0000000000000000
2026/09/26 03:10:41.792, P0, 2535, 14201, 26.21, 0, 0x0000000000000000
2026/09/26 03:10:41.855, P0, 2535, 14201, 26.21, 0, 0x0000000000000000
2026/09/26 03:10:41.917, P3, 2520, 7001, 24.39, 0, 0x0000000000000000
2026/09/26 03:10:41.980, P3, 2520, 7001, 24.39, 0, 0x0000000000000000
2026/09/26 03:10:42.043, P3, 2520, 7001, 24.39, 0, 0x0000000000000000
2026/09/26 03:10:42.105, P3, 2520, 7001, 24.39, 0, 0x0000000000000000
2026/09/26 03:10:42.167, P3, 2520, 7001, 24.39, 0, 0x0000000000000000
2026/09/26 03:10:42.231, P3, 2520, 7001, 24.39, 0, 0x0000000000000000
2026/09/26 03:10:42.293, P3, 2520, 7001, 24.39, 0, 0x0000000000000000
2026/09/26 03:10:42.355, P3, 2520, 7001, 24.39, 0, 0x0000000000000000
2026/09/26 03:10:42.417, P1, 682, 14001, 20.94, 3, 0x0000000000000000
2026/09/26 03:10:42.480, P1, 682, 14001, 20.94, 3, 0x0000000000000000
2026/09/26 03:10:42.542, P1, 682, 14001, 20.94, 3, 0x0000000000000000
2026/09/26 03:10:42.605, P1, 682, 14001, 20.94, 3, 0x0000000000000000
2026/09/26 03:10:42.667, P1, 682, 14001, 20.94, 3, 0x0000000000000000
2026/09/26 03:10:42.730, P1, 682, 14001, 20.94, 3, 0x0000000000000000
2026/09/26 03:10:42.793, P1, 682, 14001, 20.94, 3, 0x0000000000000000
2026/09/26 03:10:42.853, P1, 682, 14001, 20.94, 3, 0x0000000000000000
2026/09/26 03:10:42.916, P0, 2970, 14201, 30.66, 20, 0x0000000000000000
2026/09/26 03:10:42.977, P0, 2970, 14201, 30.66, 20, 0x0000000000000000
2026/09/26 03:10:43.039, P0, 2970, 14201, 30.66, 20, 0x0000000000000000
2026/09/26 03:10:43.102, P0, 2970, 14201, 30.66, 20, 0x0000000000000000
2026/09/26 03:10:43.164, P0, 2970, 14201, 30.66, 20, 0x0000000000000000
2026/09/26 03:10:43.226, P0, 2970, 14201, 30.66, 20, 0x0000000000000000
2026/09/26 03:10:43.288, P0, 2970, 14201, 30.66, 20, 0x0000000000000000
2026/09/26 03:10:43.350, P0, 2970, 14201, 30.66, 20, 0x0000000000000000
2026/09/26 03:10:43.413, P1, 2835, 14001, 39.63, 25, 0x0000000000000000
2026/09/26 03:10:43.475, P1, 2835, 14001, 39.63, 25, 0x0000000000000000
2026/09/26 03:10:43.538, P1, 2835, 14001, 39.63, 25, 0x0000000000000000
2026/09/26 03:10:43.600, P1, 2835, 14001, 39.63, 25, 0x0000000000000000
2026/09/26 03:10:43.663, P1, 2835, 14001, 39.63, 25, 0x0000000000000000
2026/09/26 03:10:43.726, P1, 2835, 14001, 39.63, 25, 0x0000000000000000
2026/09/26 03:10:43.788, P1, 2835, 14001, 39.63, 25, 0x0000000000000000
2026/09/26 03:10:43.850, P1, 2835, 14001, 39.63, 25, 0x0000000000000000
2026/09/26 03:10:43.912, P0, 2797, 14201, 38.09, 0, 0x0000000000000000
2026/09/26 03:10:43.974, P0, 2797, 14201, 38.09, 0, 0x0000000000000000
2026/09/26 03:10:44.036, P0, 2797, 14201, 38.09, 0, 0x0000000000000000
2026/09/26 03:10:44.099, P0, 2797, 14201, 38.09, 0, 0x0000000000000000
2026/09/26 03:10:44.163, P0, 2797, 14201, 38.09, 0, 0x0000000000000000
2026/09/26 03:10:44.226, P0, 2797, 14201, 38.09, 0, 0x0000000000000000
2026/09/26 03:10:44.289, P0, 2797, 14201, 38.09, 0, 0x0000000000000000
2026/09/26 03:10:44.351, P0, 2797, 14201, 38.09, 0, 0x0000000000000000
2026/09/26 03:10:44.413, P0, 2535, 14201, 31.12, 0, 0x0000000000000000
2026/09/26 03:10:44.475, P0, 2535, 14201, 31.12, 0, 0x0000000000000000
2026/09/26 03:10:44.538, P0, 2535, 14201, 31.12, 0, 0x0000000000000000
2026/09/26 03:10:44.600, P0, 2535, 14201, 31.12, 0, 0x0000000000000000
2026/09/26 03:10:44.662, P0, 2535, 14201, 31.12, 0, 0x0000000000000000
2026/09/26 03:10:44.724, P0, 2535, 14201, 31.12, 0, 0x0000000000000000
2026/09/26 03:10:44.787, P0, 2535, 14201, 31.12, 0, 0x0000000000000000
2026/09/26 03:10:44.850, P0, 2535, 14201, 31.12, 0, 0x0000000000000000
2026/09/26 03:10:44.913, P0, 2535, 14201, 26.34, 0, 0x0000000000000000
2026/09/26 03:10:44.975, P0, 2535, 14201, 26.34, 0, 0x0000000000000000
2026/09/26 03:10:45.038, P0, 2535, 14201, 26.34, 0, 0x0000000000000000
2026/09/26 03:10:45.100, P0, 2535, 14201, 26.34, 0, 0x0000000000000000
2026/09/26 03:10:45.162, P0, 2535, 14201, 26.34, 0, 0x0000000000000000
2026/09/26 03:10:45.224, P0, 2535, 14201, 26.34, 0, 0x0000000000000000
2026/09/26 03:10:45.286, P0, 2535, 14201, 26.34, 0, 0x0000000000000000
2026/09/26 03:10:45.349, P0, 2535, 14201, 26.34, 0, 0x0000000000000000
2026/09/26 03:10:45.411, P0, 2535, 14201, 26.34, 0, 0x0000000000000000
2026/09/26 03:10:45.473, P0, 2535, 14201, 26.34, 0, 0x0000000000000000
2026/09/26 03:10:45.535, P0, 2535, 14201, 26.34, 0, 0x0000000000000000
2026/09/26 03:10:45.598, P0, 2535, 14201, 26.34, 0, 0x0000000000000000
2026/09/26 03:10:45.660, P0, 2535, 14201, 26.34, 0, 0x0000000000000000
2026/09/26 03:10:45.722, P0, 2535, 14201, 26.34, 0, 0x0000000000000000
2026/09/26 03:10:45.784, P0, 2535, 14201, 26.34, 0, 0x0000000000000000
2026/09/26 03:10:45.847, P0, 2535, 14201, 26.34, 0, 0x0000000000000000
2026/09/26 03:10:45.909, P3, 2527, 7001, 24.32, 0, 0x0000000000000000
2026/09/26 03:10:45.969, P3, 2527, 7001, 24.32, 0, 0x0000000000000000
2026/09/26 03:10:46.033, P3, 2527, 7001, 24.32, 0, 0x0000000000000000
2026/09/26 03:10:46.096, P3, 2527, 7001, 24.32, 0, 0x0000000000000000
2026/09/26 03:10:46.158, P3, 2527, 7001, 24.32, 0, 0x0000000000000000
2026/09/26 03:10:46.220, P3, 2527, 7001, 24.32, 0, 0x0000000000000000
2026/09/26 03:10:46.282, P3, 2527, 7001, 24.32, 0, 0x0000000000000000
2026/09/26 03:10:46.344, P3, 2527, 7001, 24.32, 0, 0x0000000000000000
2026/09/26 03:10:46.407, P3, 937, 7001, 19.13, 0, 0x0000000000000000
2026/09/26 03:10:46.468, P3, 937, 7001, 19.13, 0, 0x0000000000000000
2026/09/26 03:10:46.531, P3, 937, 7001, 19.13, 0, 0x0000000000000000
2026/09/26 03:10:46.593, P3, 937, 7001, 19.13, 0, 0x0000000000000000
2026/09/26 03:10:46.657, P3, 937, 7001, 19.13, 0, 0x0000000000000000
2026/09/26 03:10:46.718, P3, 937, 7001, 19.13, 0, 0x0000000000000000
2026/09/26 03:10:46.780, P3, 937, 7001, 19.13, 0, 0x0000000000000000
2026/09/26 03:10:46.843, P3, 937, 7001, 19.13, 0, 0x0000000000000000
2026/09/26 03:10:46.905, P0, 802, 14201, 16.28, 4, 0x0000000000000000
2026/09/26 03:10:46.968, P0, 802, 14201, 16.28, 4, 0x0000000000000000
2026/09/26 03:10:47.031, P0, 802, 14201, 16.28, 4, 0x0000000000000000
2026/09/26 03:10:47.094, P0, 802, 14201, 16.28, 4, 0x0000000000000000
2026/09/26 03:10:47.157, P0, 802, 14201, 16.28, 4, 0x0000000000000000
2026/09/26 03:10:47.218, P0, 802, 14201, 16.28, 4, 0x0000000000000000
2026/09/26 03:10:47.282, P0, 802, 14201, 16.28, 4, 0x0000000000000000
2026/09/26 03:10:47.344, P0, 802, 14201, 16.28, 4, 0x0000000000000000
2026/09/26 03:10:47.408, P1, 2617, 14001, 23.01, 8, 0x0000000000000000
2026/09/26 03:10:47.470, P1, 2617, 14001, 23.01, 8, 0x0000000000000000
2026/09/26 03:10:47.533, P1, 2617, 14001, 23.01, 8, 0x0000000000000000
2026/09/26 03:10:47.594, P1, 2617, 14001, 23.01, 8, 0x0000000000000000
2026/09/26 03:10:47.658, P1, 2617, 14001, 23.01, 8, 0x0000000000000000
2026/09/26 03:10:47.722, P1, 2617, 14001, 23.01, 8, 0x0000000000000000
2026/09/26 03:10:47.784, P1, 2617, 14001, 23.01, 8, 0x0000000000000000
2026/09/26 03:10:47.848, P1, 2617, 14001, 23.01, 8, 0x0000000000000000
2026/09/26 03:10:47.909, P0, 2970, 14201, 34.66, 24, 0x0000000000000000
2026/09/26 03:10:47.972, P0, 2970, 14201, 34.66, 24, 0x0000000000000000
2026/09/26 03:10:48.035, P0, 2970, 14201, 34.66, 24, 0x0000000000000000
2026/09/26 03:10:48.097, P0, 2970, 14201, 34.66, 24, 0x0000000000000000
2026/09/26 03:10:48.159, P0, 2970, 14201, 34.66, 24, 0x0000000000000000
2026/09/26 03:10:48.220, P0, 2970, 14201, 34.66, 24, 0x0000000000000000
2026/09/26 03:10:48.281, P0, 2970, 14201, 34.66, 24, 0x0000000000000000
2026/09/26 03:10:48.344, P0, 2970, 14201, 34.66, 24, 0x0000000000000000
2026/09/26 03:10:48.406, P0, 2535, 14201, 34.71, 0, 0x0000000000000000
2026/09/26 03:10:48.468, P0, 2535, 14201, 34.71, 0, 0x0000000000000000
2026/09/26 03:10:48.529, P0, 2535, 14201, 34.71, 0, 0x0000000000000000
2026/09/26 03:10:48.592, P0, 2535, 14201, 34.71, 0, 0x0000000000000000
2026/09/26 03:10:48.654, P0, 2535, 14201, 34.71, 0, 0x0000000000000000
2026/09/26 03:10:48.716, P0, 2535, 14201, 34.71, 0, 0x0000000000000000
2026/09/26 03:10:48.779, P0, 2535, 14201, 34.71, 0, 0x0000000000000000
2026/09/26 03:10:48.841, P0, 2535, 14201, 34.71, 0, 0x0000000000000000
2026/09/26 03:10:48.904, P0, 2542, 14201, 27.06, 0, 0x0000000000000000
2026/09/26 03:10:48.966, P0, 2542, 14201, 27.06, 0, 0x0000000000000000
2026/09/26 03:10:49.030, P0, 2542, 14201, 27.06, 0, 0x0000000000000000
2026/09/26 03:10:49.094, P0, 2542, 14201, 27.06, 0, 0x0000000000000000
2026/09/26 03:10:49.156, P0, 2542, 14201, 27.06, 0, 0x0000000000000000
2026/09/26 03:10:49.219, P0, 2542, 14201, 27.06, 0, 0x0000000000000000
2026/09/26 03:10:49.283, P0, 2542, 14201, 27.06, 0, 0x0000000000000000
2026/09/26 03:10:49.345, P0, 2542, 14201, 27.06, 0, 0x0000000000000000
2026/09/26 03:10:49.407, P0, 2535, 14201, 26.39, 0, 0x0000000000000000
2026/09/26 03:10:49.469, P0, 2535, 14201, 26.39, 0, 0x0000000000000000
2026/09/26 03:10:49.532, P0, 2535, 14201, 26.39, 0, 0x0000000000000000
2026/09/26 03:10:49.594, P0, 2535, 14201, 26.39, 0, 0x0000000000000000
2026/09/26 03:10:49.656, P0, 2535, 14201, 26.39, 0, 0x0000000000000000
2026/09/26 03:10:49.718, P0, 2535, 14201, 26.39, 0, 0x0000000000000000
2026/09/26 03:10:49.781, P0, 2535, 14201, 26.39, 0, 0x0000000000000000
2026/09/26 03:10:49.842, P0, 2535, 14201, 26.39, 0, 0x0000000000000000
2026/09/26 03:10:49.904, P3, 2527, 7001, 24.43, 0, 0x0000000000000000
2026/09/26 03:10:49.966, P3, 2527, 7001, 24.43, 0, 0x0000000000000000
2026/09/26 03:10:50.029, P3, 2527, 7001, 24.43, 0, 0x0000000000000000
2026/09/26 03:10:50.091, P3, 2527, 7001, 24.43, 0, 0x0000000000000000
2026/09/26 03:10:50.153, P3, 2527, 7001, 24.43, 0, 0x0000000000000000
2026/09/26 03:10:50.216, P3, 2527, 7001, 24.43, 0, 0x0000000000000000
2026/09/26 03:10:50.280, P3, 2527, 7001, 24.43, 0, 0x0000000000000000
2026/09/26 03:10:50.343, P3, 2527, 7001, 24.43, 0, 0x0000000000000000
2026/09/26 03:10:50.405, P3, 1020, 7001, 19.88, 0, 0x0000000000000000
2026/09/26 03:10:50.467, P3, 1020, 7001, 19.88, 0, 0x0000000000000000
2026/09/26 03:10:50.530, P3, 1020, 7001, 19.88, 0, 0x0000000000000000
2026/09/26 03:10:50.591, P3, 1020, 7001, 19.88, 0, 0x0000000000000000
2026/09/26 03:10:50.655, P3, 1020, 7001, 19.88, 0, 0x0000000000000000
2026/09/26 03:10:50.718, P3, 1020, 7001, 19.88, 0, 0x0000000000000000
2026/09/26 03:10:50.779, P3, 1020, 7001, 19.88, 0, 0x0000000000000000
2026/09/26 03:10:50.842, P3, 1020, 7001, 19.88, 0, 0x0000000000000000
2026/09/26 03:10:50.904, P3, 862, 7001, 16.04, 0, 0x0000000000000000
2026/09/26 03:10:50.966, P3, 862, 7001, 16.04, 0, 0x0000000000000000
2026/09/26 03:10:51.029, P3, 862, 7001, 16.04, 0, 0x0000000000000000
2026/09/26 03:10:51.092, P3, 862, 7001, 16.04, 0, 0x0000000000000000
2026/09/26 03:10:51.153, P3, 862, 7001, 16.04, 0, 0x0000000000000000
2026/09/26 03:10:51.215, P3, 862, 7001, 16.04, 0, 0x0000000000000000
2026/09/26 03:10:51.279, P3, 862, 7001, 16.04, 0, 0x0000000000000000
2026/09/26 03:10:51.342, P3, 862, 7001, 16.04, 0, 0x0000000000000000
2026/09/26 03:10:51.405, P1, 2160, 14201, 21.41, 4, 0x0000000000000000
2026/09/26 03:10:51.468, P1, 2160, 14201, 21.41, 4, 0x0000000000000000
2026/09/26 03:10:51.530, P1, 2160, 14201, 21.41, 4, 0x0000000000000000
2026/09/26 03:10:51.592, P1, 2160, 14201, 21.41, 4, 0x0000000000000000
2026/09/26 03:10:51.655, P1, 2160, 14201, 21.41, 4, 0x0000000000000000
2026/09/26 03:10:51.718, P1, 2160, 14201, 21.41, 4, 0x0000000000000000
2026/09/26 03:10:51.780, P1, 2160, 14201, 21.41, 4, 0x0000000000000000
2026/09/26 03:10:51.842, P1, 2160, 14201, 21.41, 4, 0x0000000000000000
2026/09/26 03:10:51.904, P0, 2625, 14201, 26.53, 0, 0x0000000000000000
2026/09/26 03:10:51.966, P0, 2625, 14201, 26.53, 0, 0x0000000000000000
2026/09/26 03:10:52.027, P0, 2625, 14201, 26.53, 0, 0x0000000000000000
2026/09/26 03:10:52.089, P0, 2625, 14201, 26.53, 0, 0x0000000000000000
2026/09/26 03:10:52.150, P0, 2625, 14201, 26.53, 0, 0x0000000000000000
2026/09/26 03:10:52.213, P0, 2625, 14201, 26.53, 0, 0x0000000000000000
2026/09/26 03:10:52.275, P0, 2625, 14201, 26.53, 0, 0x0000000000000000
2026/09/26 03:10:52.338, P0, 2625, 14201, 26.53, 0, 0x0000000000000000
2026/09/26 03:10:52.401, P0, 2535, 14201, 27.39, 0, 0x0000000000000000
2026/09/26 03:10:52.464, P0, 2535, 14201, 27.39, 0, 0x0000000000000000
2026/09/26 03:10:52.525, P0, 2535, 14201, 27.39, 0, 0x0000000000000000
2026/09/26 03:10:52.588, P0, 2535, 14201, 27.39, 0, 0x0000000000000000
2026/09/26 03:10:52.651, P0, 2535, 14201, 27.39, 0, 0x0000000000000000
2026/09/26 03:10:52.713, P0, 2535, 14201, 27.39, 0, 0x0000000000000000
2026/09/26 03:10:52.776, P0, 2535, 14201, 27.39, 0, 0x0000000000000000
2026/09/26 03:10:52.839, P0, 2535, 14201, 27.39, 0, 0x0000000000000000
2026/09/26 03:10:52.901, P0, 2535, 14201, 26.34, 0, 0x0000000000000000
2026/09/26 03:10:52.964, P0, 2535, 14201, 26.34, 0, 0x0000000000000000
2026/09/26 03:10:53.026, P0, 2535, 14201, 26.34, 0, 0x0000000000000000
2026/09/26 03:10:53.089, P0, 2535, 14201, 26.34, 0, 0x0000000000000000
2026/09/26 03:10:53.152, P0, 2535, 14201, 26.34, 0, 0x0000000000000000
2026/09/26 03:10:53.215, P0, 2535, 14201, 26.34, 0, 0x0000000000000000
2026/09/26 03:10:53.277, P0, 2535, 14201, 26.34, 0, 0x0000000000000000
2026/09/26 03:10:53.340, P0, 2535, 14201, 26.34, 0, 0x0000000000000000
2026/09/26 03:10:53.402, P0, 2535, 14201, 26.28, 0, 0x0000000000000000
2026/09/26 03:10:53.464, P0, 2535, 14201, 26.28, 0, 0x0000000000000000
2026/09/26 03:10:53.525, P0, 2535, 14201, 26.28, 0, 0x0000000000000000
2026/09/26 03:10:53.586, P0, 2535, 14201, 26.28, 0, 0x0000000000000000
2026/09/26 03:10:53.649, P0, 2535, 14201, 26.28, 0, 0x0000000000000000
2026/09/26 03:10:53.710, P0, 2535, 14201, 26.28, 0, 0x0000000000000000
2026/09/26 03:10:53.773, P0, 2535, 14201, 26.28, 0, 0x0000000000000000
2026/09/26 03:10:53.836, P0, 2535, 14201, 26.28, 0, 0x0000000000000000
2026/09/26 03:10:53.899, P3, 2527, 7001, 24.30, 0, 0x0000000000000000
2026/09/26 03:10:53.961, P3, 2527, 7001, 24.30, 0, 0x0000000000000000
2026/09/26 03:10:54.023, P3, 2527, 7001, 24.30, 0, 0x0000000000000000
2026/09/26 03:10:54.084, P3, 2527, 7001, 24.30, 0, 0x0000000000000000
2026/09/26 03:10:54.147, P3, 2527, 7001, 24.30, 0, 0x0000000000000000
2026/09/26 03:10:54.210, P3, 2527, 7001, 24.30, 0, 0x0000000000000000
2026/09/26 03:10:54.272, P3, 2527, 7001, 24.30, 0, 0x0000000000000000
2026/09/26 03:10:54.335, P3, 2527, 7001, 24.30, 0, 0x0000000000000000
2026/09/26 03:10:54.397, P3, 682, 7001, 19.79, 0, 0x0000000000000000
2026/09/26 03:10:54.459, P3, 682, 7001, 19.79, 0, 0x0000000000000000
2026/09/26 03:10:54.521, P3, 682, 7001, 19.79, 0, 0x0000000000000000
2026/09/26 03:10:54.583, P3, 682, 7001, 19.79, 0, 0x0000000000000000
2026/09/26 03:10:54.645, P3, 682, 7001, 19.79, 0, 0x0000000000000000
2026/09/26 03:10:54.709, P3, 682, 7001, 19.79, 0, 0x0000000000000000
2026/09/26 03:10:54.774, P3, 682, 7001, 19.79, 0, 0x0000000000000000
2026/09/26 03:10:54.836, P3, 682, 7001, 19.79, 0, 0x0000000000000000
2026/09/26 03:10:54.899, P1, 630, 14001, 18.78, 8, 0x0000000000000000
2026/09/26 03:10:54.960, P1, 630, 14001, 18.78, 8, 0x0000000000000000
2026/09/26 03:10:55.023, P1, 630, 14001, 18.78, 8, 0x0000000000000000
2026/09/26 03:10:55.086, P1, 630, 14001, 18.78, 8, 0x0000000000000000
2026/09/26 03:10:55.149, P1, 630, 14001, 18.78, 8, 0x0000000000000000
2026/09/26 03:10:55.210, P1, 630, 14001, 18.78, 8, 0x0000000000000000
2026/09/26 03:10:55.273, P1, 630, 14001, 18.78, 8, 0x0000000000000000
2026/09/26 03:10:55.335, P1, 630, 14001, 18.78, 8, 0x0000000000000000
2026/09/26 03:10:55.398, P1, 2797, 14001, 30.82, 25, 0x0000000000000000
2026/09/26 03:10:55.460, P1, 2797, 14001, 30.82, 25, 0x0000000000000000
2026/09/26 03:10:55.521, P1, 2797, 14001, 30.82, 25, 0x0000000000000000
2026/09/26 03:10:55.583, P1, 2797, 14001, 30.82, 25, 0x0000000000000000
2026/09/26 03:10:55.645, P1, 2797, 14001, 30.82, 25, 0x0000000000000000
2026/09/26 03:10:55.708, P1, 2797, 14001, 30.82, 25, 0x0000000000000000
2026/09/26 03:10:55.771, P1, 2797, 14001, 30.82, 25, 0x0000000000000000
2026/09/26 03:10:55.833, P1, 2797, 14001, 30.82, 25, 0x0000000000000000
2026/09/26 03:10:55.895, P1, 2797, 14001, 30.82, 25, 0x0000000000000000
2026/09/26 03:10:55.957, P0, 2625, 14201, 34.82, 0, 0x0000000000000000
2026/09/26 03:10:56.018, P0, 2625, 14201, 34.82, 0, 0x0000000000000000
2026/09/26 03:10:56.080, P0, 2625, 14201, 34.82, 0, 0x0000000000000000
2026/09/26 03:10:56.143, P0, 2625, 14201, 34.82, 0, 0x0000000000000000
2026/09/26 03:10:56.206, P0, 2625, 14201, 34.82, 0, 0x0000000000000000
2026/09/26 03:10:56.269, P0, 2625, 14201, 34.82, 0, 0x0000000000000000
2026/09/26 03:10:56.331, P0, 2625, 14201, 34.82, 0, 0x0000000000000000
2026/09/26 03:10:56.393, P0, 2625, 14201, 34.82, 0, 0x0000000000000000
2026/09/26 03:10:56.454, P0, 2535, 14201, 29.59, 0, 0x0000000000000000
2026/09/26 03:10:56.517, P0, 2535, 14201, 29.59, 0, 0x0000000000000000
2026/09/26 03:10:56.580, P0, 2535, 14201, 29.59, 0, 0x0000000000000000
2026/09/26 03:10:56.644, P0, 2535, 14201, 29.59, 0, 0x0000000000000000
2026/09/26 03:10:56.706, P0, 2535, 14201, 29.59, 0, 0x0000000000000000
2026/09/26 03:10:56.769, P0, 2535, 14201, 29.59, 0, 0x0000000000000000
2026/09/26 03:10:56.832, P0, 2535, 14201, 29.59, 0, 0x0000000000000000
2026/09/26 03:10:56.893, P0, 2535, 14201, 29.59, 0, 0x0000000000000000
2026/09/26 03:10:56.956, P0, 2535, 14201, 26.29, 0, 0x0000000000000000
2026/09/26 03:10:57.019, P0, 2535, 14201, 26.29, 0, 0x0000000000000000
2026/09/26 03:10:57.081, P0, 2535, 14201, 26.29, 0, 0x0000000000000000
2026/09/26 03:10:57.141, P0, 2535, 14201, 26.29, 0, 0x0000000000000000
2026/09/26 03:10:57.205, P0, 2535, 14201, 26.29, 0, 0x0000000000000000
2026/09/26 03:10:57.268, P0, 2535, 14201, 26.29, 0, 0x0000000000000000
2026/09/26 03:10:57.330, P0, 2535, 14201, 26.29, 0, 0x0000000000000000
2026/09/26 03:10:57.392, P0, 2535, 14201, 26.29, 0, 0x0000000000000000
2026/09/26 03:10:57.454, P0, 2535, 14201, 26.21, 0, 0x0000000000000000
2026/09/26 03:10:57.515, P0, 2535, 14201, 26.21, 0, 0x0000000000000000
2026/09/26 03:10:57.579, P0, 2535, 14201, 26.21, 0, 0x0000000000000000
2026/09/26 03:10:57.642, P0, 2535, 14201, 26.21, 0, 0x0000000000000000
2026/09/26 03:10:57.705, P0, 2535, 14201, 26.21, 0, 0x0000000000000000
2026/09/26 03:10:57.769, P0, 2535, 14201, 26.21, 0, 0x0000000000000000
2026/09/26 03:10:57.832, P0, 2535, 14201, 26.21, 0, 0x0000000000000000
2026/09/26 03:10:57.894, P0, 2535, 14201, 26.21, 0, 0x0000000000000000
2026/09/26 03:10:57.957, P3, 2527, 7001, 24.34, 0, 0x0000000000000000
2026/09/26 03:10:58.019, P3, 2527, 7001, 24.34, 0, 0x0000000000000000
2026/09/26 03:10:58.082, P3, 2527, 7001, 24.34, 0, 0x0000000000000000
2026/09/26 03:10:58.145, P3, 2527, 7001, 24.34, 0, 0x0000000000000000
2026/09/26 03:10:58.207, P3, 2527, 7001, 24.34, 0, 0x0000000000000000
2026/09/26 03:10:58.269, P3, 2527, 7001, 24.34, 0, 0x0000000000000000
2026/09/26 03:10:58.331, P3, 2527, 7001, 24.34, 0, 0x0000000000000000
2026/09/26 03:10:58.394, P3, 2527, 7001, 24.34, 0, 0x0000000000000000
2026/09/26 03:10:58.457, P3, 952, 7001, 19.05, 0, 0x0000000000000000
2026/09/26 03:10:58.520, P3, 952, 7001, 19.05, 0, 0x0000000000000000
2026/09/26 03:10:58.581, P3, 952, 7001, 19.05, 0, 0x0000000000000000
2026/09/26 03:10:58.643, P3, 952, 7001, 19.05, 0, 0x0000000000000000
2026/09/26 03:10:58.706, P3, 952, 7001, 19.05, 0, 0x0000000000000000
2026/09/26 03:10:58.769, P3, 952, 7001, 19.05, 0, 0x0000000000000000
2026/09/26 03:10:58.833, P3, 952, 7001, 19.05, 0, 0x0000000000000000
2026/09/26 03:10:58.896, P3, 952, 7001, 19.05, 0, 0x0000000000000000
2026/09/26 03:10:58.957, P1, 1612, 14001, 22.07, 21, 0x0000000000000000
2026/09/26 03:10:59.019, P1, 1612, 14001, 22.07, 21, 0x0000000000000000
2026/09/26 03:10:59.081, P1, 1612, 14001, 22.07, 21, 0x0000000000000000
2026/09/26 03:10:59.144, P1, 1612, 14001, 22.07, 21, 0x0000000000000000
2026/09/26 03:10:59.205, P1, 1612, 14001, 22.07, 21, 0x0000000000000000
2026/09/26 03:10:59.268, P1, 1612, 14001, 22.07, 21, 0x0000000000000000
2026/09/26 03:10:59.331, P1, 1612, 14001, 22.07, 21, 0x0000000000000000
2026/09/26 03:10:59.394, P1, 1612, 14001, 22.07, 21, 0x0000000000000000
2026/09/26 03:10:59.457, P1, 2932, 14001, 32.61, 3, 0x0000000000000000
2026/09/26 03:10:59.519, P1, 2932, 14001, 32.61, 3, 0x0000000000000000
2026/09/26 03:10:59.581, P1, 2932, 14001, 32.61, 3, 0x0000000000000000
2026/09/26 03:10:59.645, P1, 2932, 14001, 32.61, 3, 0x0000000000000000
2026/09/26 03:10:59.708, P1, 2932, 14001, 32.61, 3, 0x0000000000000000
2026/09/26 03:10:59.771, P1, 2932, 14001, 32.61, 3, 0x0000000000000000
2026/09/26 03:10:59.833, P1, 2932, 14001, 32.61, 3, 0x0000000000000000
2026/09/26 03:10:59.895, P1, 2932, 14001, 32.61, 3, 0x0000000000000000
2026/09/26 03:10:59.956, P1, 2767, 14001, 35.64, 5, 0x0000000000000000
2026/09/26 03:11:00.018, P1, 2767, 14001, 35.64, 5, 0x0000000000000000
2026/09/26 03:11:00.082, P1, 2767, 14001, 35.64, 5, 0x0000000000000000
2026/09/26 03:11:00.144, P1, 2767, 14001, 35.64, 5, 0x0000000000000000
2026/09/26 03:11:00.206, P1, 2767, 14001, 35.64, 5, 0x0000000000000000
2026/09/26 03:11:00.268, P1, 2767, 14001, 35.64, 5, 0x0000000000000000
2026/09/26 03:11:00.330, P1, 2767, 14001, 35.64, 5, 0x0000000000000000
2026/09/26 03:11:00.392, P1, 2767, 14001, 35.64, 5, 0x0000000000000000
2026/09/26 03:11:00.455, P0, 2970, 14201, 36.47, 21, 0x0000000000000000
2026/09/26 03:11:00.517, P0, 2970, 14201, 36.47, 21, 0x0000000000000000
2026/09/26 03:11:00.579, P0, 2970, 14201, 36.47, 21, 0x0000000000000000
2026/09/26 03:11:00.643, P0, 2970, 14201, 36.47, 21, 0x0000000000000000
2026/09/26 03:11:00.706, P0, 2970, 14201, 36.47, 21, 0x0000000000000000
2026/09/26 03:11:00.768, P0, 2970, 14201, 36.47, 21, 0x0000000000000000
2026/09/26 03:11:00.831, P0, 2970, 14201, 36.47, 21, 0x0000000000000000
2026/09/26 03:11:00.895, P0, 2970, 14201, 36.47, 21, 0x0000000000000000
2026/09/26 03:11:00.957, P0, 2692, 14201, 35.00, 0, 0x0000000000000000
2026/09/26 03:11:01.019, P0, 2692, 14201, 35.00, 0, 0x0000000000000000
2026/09/26 03:11:01.082, P0, 2692, 14201, 35.00, 0, 0x0000000000000000
2026/09/26 03:11:01.144, P0, 2692, 14201, 35.00, 0, 0x0000000000000000
2026/09/26 03:11:01.207, P0, 2692, 14201, 35.00, 0, 0x0000000000000000
2026/09/26 03:11:01.271, P0, 2692, 14201, 35.00, 0, 0x0000000000000000
2026/09/26 03:11:01.332, P0, 2692, 14201, 35.00, 0, 0x0000000000000000
2026/09/26 03:11:01.394, P0, 2692, 14201, 35.00, 0, 0x0000000000000000
2026/09/26 03:11:01.456, P0, 2535, 14201, 27.90, 0, 0x0000000000000000
2026/09/26 03:11:01.518, P0, 2535, 14201, 27.90, 0, 0x0000000000000000
2026/09/26 03:11:01.580, P0, 2535, 14201, 27.90, 0, 0x0000000000000000
2026/09/26 03:11:01.642, P0, 2535, 14201, 27.90, 0, 0x0000000000000000
2026/09/26 03:11:01.705, P0, 2535, 14201, 27.90, 0, 0x0000000000000000
2026/09/26 03:11:01.767, P0, 2535, 14201, 27.90, 0, 0x0000000000000000
2026/09/26 03:11:01.830, P0, 2535, 14201, 27.90, 0, 0x0000000000000000
2026/09/26 03:11:01.893, P0, 2535, 14201, 27.90, 0, 0x0000000000000000
2026/09/26 03:11:01.954, P0, 2535, 14201, 26.33, 0, 0x0000000000000000
2026/09/26 03:11:02.016, P0, 2535, 14201, 26.33, 0, 0x0000000000000000
2026/09/26 03:11:02.078, P0, 2535, 14201, 26.33, 0, 0x0000000000000000
2026/09/26 03:11:02.140, P0, 2535, 14201, 26.33, 0, 0x0000000000000000
2026/09/26 03:11:02.204, P0, 2535, 14201, 26.33, 0, 0x0000000000000000
2026/09/26 03:11:02.265, P0, 2535, 14201, 26.33, 0, 0x0000000000000000
2026/09/26 03:11:02.327, P0, 2535, 14201, 26.33, 0, 0x0000000000000000
2026/09/26 03:11:02.390, P0, 2535, 14201, 26.33, 0, 0x0000000000000000
2026/09/26 03:11:02.453, P0, 2535, 14201, 26.33, 0, 0x0000000000000000
2026/09/26 03:11:02.517, P0, 2535, 14201, 26.33, 0, 0x0000000000000000
2026/09/26 03:11:02.579, P0, 2535, 14201, 26.33, 0, 0x0000000000000000
2026/09/26 03:11:02.641, P0, 2535, 14201, 26.33, 0, 0x0000000000000000
2026/09/26 03:11:02.704, P0, 2535, 14201, 26.33, 0, 0x0000000000000000
2026/09/26 03:11:02.767, P0, 2535, 14201, 26.33, 0, 0x0000000000000000
2026/09/26 03:11:02.830, P0, 2535, 14201, 26.33, 0, 0x0000000000000000
2026/09/26 03:11:02.892, P0, 2535, 14201, 26.33, 0, 0x0000000000000000
2026/09/26 03:11:02.954, P3, 2535, 7001, 24.54, 0, 0x0000000000000000
2026/09/26 03:11:03.019, P3, 2535, 7001, 24.54, 0, 0x0000000000000000
2026/09/26 03:11:03.080, P3, 2535, 7001, 24.54, 0, 0x0000000000000000
2026/09/26 03:11:03.144, P3, 2535, 7001, 24.54, 0, 0x0000000000000000
2026/09/26 03:11:03.206, P3, 2535, 7001, 24.54, 0, 0x0000000000000000
2026/09/26 03:11:03.269, P3, 2535, 7001, 24.54, 0, 0x0000000000000000
2026/09/26 03:11:03.333, P3, 2535, 7001, 24.54, 0, 0x0000000000000000
2026/09/26 03:11:03.395, P3, 2535, 7001, 24.54, 0, 0x0000000000000000
2026/09/26 03:11:03.456, P3, 907, 7001, 19.17, 0, 0x0000000000000000
2026/09/26 03:11:03.520, P3, 907, 7001, 19.17, 0, 0x0000000000000000
2026/09/26 03:11:03.583, P3, 907, 7001, 19.17, 0, 0x0000000000000000
2026/09/26 03:11:03.644, P3, 907, 7001, 19.17, 0, 0x0000000000000000
2026/09/26 03:11:03.709, P3, 907, 7001, 19.17, 0, 0x0000000000000000
2026/09/26 03:11:03.772, P3, 907, 7001, 19.17, 0, 0x0000000000000000
2026/09/26 03:11:03.834, P3, 907, 7001, 19.17, 0, 0x0000000000000000
2026/09/26 03:11:03.897, P3, 907, 7001, 19.17, 0, 0x0000000000000000
2026/09/26 03:11:03.958, P1, 1065, 14001, 18.91, 5, 0x0000000000000000
2026/09/26 03:11:04.021, P1, 1065, 14001, 18.91, 5, 0x0000000000000000
2026/09/26 03:11:04.083, P1, 1065, 14001, 18.91, 5, 0x0000000000000000
2026/09/26 03:11:04.143, P1, 1065, 14001, 18.91, 5, 0x0000000000000000
2026/09/26 03:11:04.206, P1, 1065, 14001, 18.91, 5, 0x0000000000000000
2026/09/26 03:11:04.268, P1, 1065, 14001, 18.91, 5, 0x0000000000000000
2026/09/26 03:11:04.331, P1, 1065, 14001, 18.91, 5, 0x0000000000000000
2026/09/26 03:11:04.393, P1, 1065, 14001, 18.91, 5, 0x0000000000000000
2026/09/26 03:11:04.455, P1, 2797, 14001, 29.07, 24, 0x0000000000000000
2026/09/26 03:11:04.516, P1, 2797, 14001, 29.07, 24, 0x0000000000000000
2026/09/26 03:11:04.578, P1, 2797, 14001, 29.07, 24, 0x0000000000000000
2026/09/26 03:11:04.639, P1, 2797, 14001, 29.07, 24, 0x0000000000000000
2026/09/26 03:11:04.701, P1, 2797, 14001, 29.07, 24, 0x0000000000000000
2026/09/26 03:11:04.763, P1, 2797, 14001, 29.07, 24, 0x0000000000000000
2026/09/26 03:11:04.826, P1, 2797, 14001, 29.07, 24, 0x0000000000000000
2026/09/26 03:11:04.887, P1, 2797, 14001, 29.07, 24, 0x0000000000000000
2026/09/26 03:11:04.951, P0, 2782, 14201, 35.24, 0, 0x0000000000000000
2026/09/26 03:11:05.012, P0, 2782, 14201, 35.24, 0, 0x0000000000000000
2026/09/26 03:11:05.074, P0, 2782, 14201, 35.24, 0, 0x0000000000000000
2026/09/26 03:11:05.137, P0, 2782, 14201, 35.24, 0, 0x0000000000000000
2026/09/26 03:11:05.198, P0, 2782, 14201, 35.24, 0, 0x0000000000000000
2026/09/26 03:11:05.261, P0, 2782, 14201, 35.24, 0, 0x0000000000000000
2026/09/26 03:11:05.323, P0, 2782, 14201, 35.24, 0, 0x0000000000000000
2026/09/26 03:11:05.385, P0, 2782, 14201, 35.24, 0, 0x0000000000000000
2026/09/26 03:11:05.447, P0, 2535, 14201, 30.95, 0, 0x0000000000000000
2026/09/26 03:11:05.509, P0, 2535, 14201, 30.95, 0, 0x0000000000000000
2026/09/26 03:11:05.572, P0, 2535, 14201, 30.95, 0, 0x0000000000000000
2026/09/26 03:11:05.634, P0, 2535, 14201, 30.95, 0, 0x0000000000000000
2026/09/26 03:11:05.696, P0, 2535, 14201, 30.95, 0, 0x0000000000000000
2026/09/26 03:11:05.758, P0, 2535, 14201, 30.95, 0, 0x0000000000000000
2026/09/26 03:11:05.822, P0, 2535, 14201, 30.95, 0, 0x0000000000000000
2026/09/26 03:11:05.884, P0, 2535, 14201, 30.95, 0, 0x0000000000000000
2026/09/26 03:11:05.945, P0, 2535, 14201, 26.22, 0, 0x0000000000000000
2026/09/26 03:11:06.009, P0, 2535, 14201, 26.22, 0, 0x0000000000000000
2026/09/26 03:11:06.072, P0, 2535, 14201, 26.22, 0, 0x0000000000000000
2026/09/26 03:11:06.134, P0, 2535, 14201, 26.22, 0, 0x0000000000000000
2026/09/26 03:11:06.197, P0, 2535, 14201, 26.22, 0, 0x0000000000000000
2026/09/26 03:11:06.260, P0, 2535, 14201, 26.22, 0, 0x0000000000000000
2026/09/26 03:11:06.324, P0, 2535, 14201, 26.22, 0, 0x0000000000000000
2026/09/26 03:11:06.387, P0, 2535, 14201, 26.22, 0, 0x0000000000000000
2026/09/26 03:11:06.449, P0, 2535, 14201, 26.22, 0, 0x0000000000000000
2026/09/26 03:11:06.511, P0, 2535, 14201, 26.22, 0, 0x0000000000000000
2026/09/26 03:11:06.573, P0, 2535, 14201, 26.22, 0, 0x0000000000000000
2026/09/26 03:11:06.636, P0, 2535, 14201, 26.22, 0, 0x0000000000000000
2026/09/26 03:11:06.698, P0, 2535, 14201, 26.22, 0, 0x0000000000000000
2026/09/26 03:11:06.760, P0, 2535, 14201, 26.22, 0, 0x0000000000000000
2026/09/26 03:11:06.822, P0, 2535, 14201, 26.22, 0, 0x0000000000000000
2026/09/26 03:11:06.884, P0, 2535, 14201, 26.22, 0, 0x0000000000000000
2026/09/26 03:11:06.946, P3, 2535, 7001, 24.28, 0, 0x0000000000000000
2026/09/26 03:11:07.008, P3, 2535, 7001, 24.28, 0, 0x0000000000000000
2026/09/26 03:11:07.070, P3, 2535, 7001, 24.28, 0, 0x0000000000000000
2026/09/26 03:11:07.132, P3, 2535, 7001, 24.28, 0, 0x0000000000000000
2026/09/26 03:11:07.193, P3, 2535, 7001, 24.28, 0, 0x0000000000000000
2026/09/26 03:11:07.254, P3, 2535, 7001, 24.28, 0, 0x0000000000000000
2026/09/26 03:11:07.317, P3, 2535, 7001, 24.28, 0, 0x0000000000000000
2026/09/26 03:11:07.380, P3, 2535, 7001, 24.28, 0, 0x0000000000000000
2026/09/26 03:11:07.442, P3, 960, 7001, 19.80, 0, 0x0000000000000000
2026/09/26 03:11:07.504, P3, 960, 7001, 19.80, 0, 0x0000000000000000
2026/09/26 03:11:07.566, P3, 960, 7001, 19.80, 0, 0x0000000000000000
2026/09/26 03:11:07.629, P3, 960, 7001, 19.80, 0, 0x0000000000000000
2026/09/26 03:11:07.692, P3, 960, 7001, 19.80, 0, 0x0000000000000000
2026/09/26 03:11:07.755, P3, 960, 7001, 19.80, 0, 0x0000000000000000
2026/09/26 03:11:07.816, P3, 960, 7001, 19.80, 0, 0x0000000000000000
2026/09/26 03:11:07.879, P3, 960, 7001, 19.80, 0, 0x0000000000000000
2026/09/26 03:11:07.941, P0, 825, 14201, 18.59, 6, 0x0000000000000000
2026/09/26 03:11:08.003, P0, 825, 14201, 18.59, 6, 0x0000000000000000
2026/09/26 03:11:08.064, P0, 825, 14201, 18.59, 6, 0x0000000000000000
2026/09/26 03:11:08.126, P0, 825, 14201, 18.59, 6, 0x0000000000000000
2026/09/26 03:11:08.188, P0, 825, 14201, 18.59, 6, 0x0000000000000000
2026/09/26 03:11:08.248, P0, 825, 14201, 18.59, 6, 0x0000000000000000
2026/09/26 03:11:08.309, P0, 825, 14201, 18.59, 6, 0x0000000000000000
2026/09/26 03:11:08.372, P0, 825, 14201, 18.59, 6, 0x0000000000000000
2026/09/26 03:11:08.435, P0, 2595, 14201, 23.95, 0, 0x0000000000000000
2026/09/26 03:11:08.496, P0, 2595, 14201, 23.95, 0, 0x0000000000000000
2026/09/26 03:11:08.558, P0, 2595, 14201, 23.95, 0, 0x0000000000000000
2026/09/26 03:11:08.621, P0, 2595, 14201, 23.95, 0, 0x0000000000000000
2026/09/26 03:11:08.683, P0, 2595, 14201, 23.95, 0, 0x0000000000000000
2026/09/26 03:11:08.745, P0, 2595, 14201, 23.95, 0, 0x0000000000000000
2026/09/26 03:11:08.806, P0, 2595, 14201, 23.95, 0, 0x0000000000000000
2026/09/26 03:11:08.868, P0, 2595, 14201, 23.95, 0, 0x0000000000000000
2026/09/26 03:11:08.930, P0, 2535, 14201, 27.08, 0, 0x0000000000000000
2026/09/26 03:11:08.992, P0, 2535, 14201, 27.08, 0, 0x0000000000000000
2026/09/26 03:11:09.054, P0, 2535, 14201, 27.08, 0, 0x0000000000000000
2026/09/26 03:11:09.117, P0, 2535, 14201, 27.08, 0, 0x0000000000000000
2026/09/26 03:11:09.179, P0, 2535, 14201, 27.08, 0, 0x0000000000000000
2026/09/26 03:11:09.242, P0, 2535, 14201, 27.08, 0, 0x0000000000000000
2026/09/26 03:11:09.304, P0, 2535, 14201, 27.08, 0, 0x0000000000000000
2026/09/26 03:11:09.366, P0, 2535, 14201, 27.08, 0, 0x0000000000000000
2026/09/26 03:11:09.429, P0, 2535, 14201, 26.44, 0, 0x0000000000000000
2026/09/26 03:11:09.493, P0, 2535, 14201, 26.44, 0, 0x0000000000000000
2026/09/26 03:11:09.555, P0, 2535, 14201, 26.44, 0, 0x0000000000000000
2026/09/26 03:11:09.617, P0, 2535, 14201, 26.44, 0, 0x0000000000000000
2026/09/26 03:11:09.679, P0, 2535, 14201, 26.44, 0, 0x0000000000000000
2026/09/26 03:11:09.741, P0, 2535, 14201, 26.44, 0, 0x0000000000000000
2026/09/26 03:11:09.803, P0, 2535, 14201, 26.44, 0, 0x0000000000000000
2026/09/26 03:11:09.866, P0, 2535, 14201, 26.44, 0, 0x0000000000000000
2026/09/26 03:11:09.927, P0, 2535, 14201, 26.37, 0, 0x0000000000000000
2026/09/26 03:11:09.990, P0, 2535, 14201, 26.37, 0, 0x0000000000000000
2026/09/26 03:11:10.052, P0, 2535, 14201, 26.37, 0, 0x0000000000000000
2026/09/26 03:11:10.115, P0, 2535, 14201, 26.37, 0, 0x0000000000000000
2026/09/26 03:11:10.178, P0, 2535, 14201, 26.37, 0, 0x0000000000000000
2026/09/26 03:11:10.239, P0, 2535, 14201, 26.37, 0, 0x0000000000000000
2026/09/26 03:11:10.302, P0, 2535, 14201, 26.37, 0, 0x0000000000000000
2026/09/26 03:11:10.364, P0, 2535, 14201, 26.37, 0, 0x0000000000000000
2026/09/26 03:11:10.425, P0, 2535, 14201, 26.31, 0, 0x0000000000000000
2026/09/26 03:11:10.488, P0, 2535, 14201, 26.31, 0, 0x0000000000000000
2026/09/26 03:11:10.550, P0, 2535, 14201, 26.31, 0, 0x0000000000000000
2026/09/26 03:11:10.613, P0, 2535, 14201, 26.31, 0, 0x0000000000000000
2026/09/26 03:11:10.675, P0, 2535, 14201, 26.31, 0, 0x0000000000000000
2026/09/26 03:11:10.738, P0, 2535, 14201, 26.31, 0, 0x0000000000000000
2026/09/26 03:11:10.799, P0, 2535, 14201, 26.31, 0, 0x0000000000000000
2026/09/26 03:11:10.863, P0, 2535, 14201, 26.31, 0, 0x0000000000000000
2026/09/26 03:11:10.925, P3, 2535, 7001, 24.48, 0, 0x0000000000000000
2026/09/26 03:11:10.988, P3, 2535, 7001, 24.48, 0, 0x0000000000000000
2026/09/26 03:11:11.050, P3, 2535, 7001, 24.48, 0, 0x0000000000000000
2026/09/26 03:11:11.111, P3, 2535, 7001, 24.48, 0, 0x0000000000000000
2026/09/26 03:11:11.175, P3, 2535, 7001, 24.48, 0, 0x0000000000000000
2026/09/26 03:11:11.237, P3, 2535, 7001, 24.48, 0, 0x0000000000000000
2026/09/26 03:11:11.301, P3, 2535, 7001, 24.48, 0, 0x0000000000000000
2026/09/26 03:11:11.364, P3, 2535, 7001, 24.48, 0, 0x0000000000000000
2026/09/26 03:11:11.426, P0, 1470, 14201, 23.72, 3, 0x0000000000000000
2026/09/26 03:11:11.488, P0, 1470, 14201, 23.72, 3, 0x0000000000000000
2026/09/26 03:11:11.551, P0, 1470, 14201, 23.72, 3, 0x0000000000000000
2026/09/26 03:11:11.613, P0, 1470, 14201, 23.72, 3, 0x0000000000000000
2026/09/26 03:11:11.674, P0, 1470, 14201, 23.72, 3, 0x0000000000000000
2026/09/26 03:11:11.737, P0, 1470, 14201, 23.72, 3, 0x0000000000000000
2026/09/26 03:11:11.801, P0, 1470, 14201, 23.72, 3, 0x0000000000000000
2026/09/26 03:11:11.862, P0, 1470, 14201, 23.72, 3, 0x0000000000000000
2026/09/26 03:11:11.924, P1, 2827, 14001, 30.66, 22, 0x0000000000000000
2026/09/26 03:11:11.987, P1, 2827, 14001, 30.66, 22, 0x0000000000000000
2026/09/26 03:11:12.050, P1, 2827, 14001, 30.66, 22, 0x0000000000000000
2026/09/26 03:11:12.112, P1, 2827, 14001, 30.66, 22, 0x0000000000000000
2026/09/26 03:11:12.175, P1, 2827, 14001, 30.66, 22, 0x0000000000000000
2026/09/26 03:11:12.238, P1, 2827, 14001, 30.66, 22, 0x0000000000000000
2026/09/26 03:11:12.300, P1, 2827, 14001, 30.66, 22, 0x0000000000000000
2026/09/26 03:11:12.362, P1, 2827, 14001, 30.66, 22, 0x0000000000000000
2026/09/26 03:11:12.426, P1, 2625, 14001, 35.35, 7, 0x0000000000000000
2026/09/26 03:11:12.488, P1, 2625, 14001, 35.35, 7, 0x0000000000000000
2026/09/26 03:11:12.549, P1, 2625, 14001, 35.35, 7, 0x0000000000000000
2026/09/26 03:11:12.612, P1, 2625, 14001, 35.35, 7, 0x0000000000000000
2026/09/26 03:11:12.673, P1, 2625, 14001, 35.35, 7, 0x0000000000000000
2026/09/26 03:11:12.734, P1, 2625, 14001, 35.35, 7, 0x0000000000000000
2026/09/26 03:11:12.798, P1, 2625, 14001, 35.35, 7, 0x0000000000000000
2026/09/26 03:11:12.859, P1, 2625, 14001, 35.35, 7, 0x0000000000000000
2026/09/26 03:11:12.922, P0, 2970, 14201, 36.94, 9, 0x0000000000000000
2026/09/26 03:11:12.984, P0, 2970, 14201, 36.94, 9, 0x0000000000000000
2026/09/26 03:11:13.046, P0, 2970, 14201, 36.94, 9, 0x0000000000000000
2026/09/26 03:11:13.109, P0, 2970, 14201, 36.94, 9, 0x0000000000000000
2026/09/26 03:11:13.172, P0, 2970, 14201, 36.94, 9, 0x0000000000000000
2026/09/26 03:11:13.233, P0, 2970, 14201, 36.94, 9, 0x0000000000000000
2026/09/26 03:11:13.295, P0, 2970, 14201, 36.94, 9, 0x0000000000000000
2026/09/26 03:11:13.358, P0, 2970, 14201, 36.94, 9, 0x0000000000000000
2026/09/26 03:11:13.419, P0, 2535, 14201, 33.75, 0, 0x0000000000000000
2026/09/26 03:11:13.481, P0, 2535, 14201, 33.75, 0, 0x0000000000000000
2026/09/26 03:11:13.543, P0, 2535, 14201, 33.75, 0, 0x0000000000000000
2026/09/26 03:11:13.605, P0, 2535, 14201, 33.75, 0, 0x0000000000000000
2026/09/26 03:11:13.666, P0, 2535, 14201, 33.75, 0, 0x0000000000000000
2026/09/26 03:11:13.729, P0, 2535, 14201, 33.75, 0, 0x0000000000000000
2026/09/26 03:11:13.791, P0, 2535, 14201, 33.75, 0, 0x0000000000000000
2026/09/26 03:11:13.853, P0, 2535, 14201, 33.75, 0, 0x0000000000000000
2026/09/26 03:11:13.916, P0, 2535, 14201, 27.01, 0, 0x0000000000000000
2026/09/26 03:11:13.979, P0, 2535, 14201, 27.01, 0, 0x0000000000000000
2026/09/26 03:11:14.041, P0, 2535, 14201, 27.01, 0, 0x0000000000000000
2026/09/26 03:11:14.104, P0, 2535, 14201, 27.01, 0, 0x0000000000000000
2026/09/26 03:11:14.166, P0, 2535, 14201, 27.01, 0, 0x0000000000000000
2026/09/26 03:11:14.227, P0, 2535, 14201, 27.01, 0, 0x0000000000000000
2026/09/26 03:11:14.290, P0, 2535, 14201, 27.01, 0, 0x0000000000000000
2026/09/26 03:11:14.353, P0, 2535, 14201, 27.01, 0, 0x0000000000000000
2026/09/26 03:11:14.415, P0, 2535, 14201, 26.25, 0, 0x0000000000000000
2026/09/26 03:11:14.476, P0, 2535, 14201, 26.25, 0, 0x0000000000000000
2026/09/26 03:11:14.539, P0, 2535, 14201, 26.25, 0, 0x0000000000000000
2026/09/26 03:11:14.602, P0, 2535, 14201, 26.25, 0, 0x0000000000000000
2026/09/26 03:11:14.664, P0, 2535, 14201, 26.25, 0, 0x0000000000000000
2026/09/26 03:11:14.726, P0, 2535, 14201, 26.25, 0, 0x0000000000000000
2026/09/26 03:11:14.789, P0, 2535, 14201, 26.25, 0, 0x0000000000000000
2026/09/26 03:11:14.850, P0, 2535, 14201, 26.25, 0, 0x0000000000000000
2026/09/26 03:11:14.912, P3, 2535, 7001, 24.46, 0, 0x0000000000000000
2026/09/26 03:11:14.973, P3, 2535, 7001, 24.46, 0, 0x0000000000000000
2026/09/26 03:11:15.036, P3, 2535, 7001, 24.46, 0, 0x0000000000000000
2026/09/26 03:11:15.098, P3, 2535, 7001, 24.46, 0, 0x0000000000000000
2026/09/26 03:11:15.161, P3, 2535, 7001, 24.46, 0, 0x0000000000000000
2026/09/26 03:11:15.223, P3, 2535, 7001, 24.46, 0, 0x0000000000000000
2026/09/26 03:11:15.286, P3, 2535, 7001, 24.46, 0, 0x0000000000000000
2026/09/26 03:11:15.349, P3, 2535, 7001, 24.46, 0, 0x0000000000000000
2026/09/26 03:11:15.413, P3, 1020, 7001, 19.19, 0, 0x0000000000000000
2026/09/26 03:11:15.476, P3, 1020, 7001, 19.19, 0, 0x0000000000000000
2026/09/26 03:11:15.537, P3, 1020, 7001, 19.19, 0, 0x0000000000000000
2026/09/26 03:11:15.600, P3, 1020, 7001, 19.19, 0, 0x0000000000000000
2026/09/26 03:11:15.663, P3, 1020, 7001, 19.19, 0, 0x0000000000000000
2026/09/26 03:11:15.725, P3, 1020, 7001, 19.19, 0, 0x0000000000000000
2026/09/26 03:11:15.788, P3, 1020, 7001, 19.19, 0, 0x0000000000000000
2026/09/26 03:11:15.851, P3, 1020, 7001, 19.19, 0, 0x0000000000000000
2026/09/26 03:11:15.914, P0, 870, 14201, 15.93, 0, 0x0000000000000000
2026/09/26 03:11:15.977, P0, 870, 14201, 15.93, 0, 0x0000000000000000
2026/09/26 03:11:16.038, P0, 870, 14201, 15.93, 0, 0x0000000000000000
2026/09/26 03:11:16.100, P0, 870, 14201, 15.93, 0, 0x0000000000000000
2026/09/26 03:11:16.163, P0, 870, 14201, 15.93, 0, 0x0000000000000000
2026/09/26 03:11:16.227, P0, 870, 14201, 15.93, 0, 0x0000000000000000
2026/09/26 03:11:16.290, P0, 870, 14201, 15.93, 0, 0x0000000000000000
2026/09/26 03:11:16.351, P0, 870, 14201, 15.93, 0, 0x0000000000000000
2026/09/26 03:11:16.413, P1, 2625, 14201, 23.21, 4, 0x0000000000000000
2026/09/26 03:11:16.475, P1, 2625, 14201, 23.21, 4, 0x0000000000000000
2026/09/26 03:11:16.537, P1, 2625, 14201, 23.21, 4, 0x0000000000000000
2026/09/26 03:11:16.599, P1, 2625, 14201, 23.21, 4, 0x0000000000000000
2026/09/26 03:11:16.661, P1, 2625, 14201, 23.21, 4, 0x0000000000000000
2026/09/26 03:11:16.724, P1, 2625, 14201, 23.21, 4, 0x0000000000000000
2026/09/26 03:11:16.787, P1, 2625, 14201, 23.21, 4, 0x0000000000000000
2026/09/26 03:11:16.850, P1, 2625, 14201, 23.21, 4, 0x0000000000000000
2026/09/26 03:11:16.913, P1, 2797, 14001, 33.18, 21, 0x0000000000000000
2026/09/26 03:11:16.977, P1, 2797, 14001, 33.18, 21, 0x0000000000000000
2026/09/26 03:11:17.040, P1, 2797, 14001, 33.18, 21, 0x0000000000000000
2026/09/26 03:11:17.102, P1, 2797, 14001, 33.18, 21, 0x0000000000000000
2026/09/26 03:11:17.164, P1, 2797, 14001, 33.18, 21, 0x0000000000000000
2026/09/26 03:11:17.227, P1, 2797, 14001, 33.18, 21, 0x0000000000000000
2026/09/26 03:11:17.289, P1, 2797, 14001, 33.18, 21, 0x0000000000000000
2026/09/26 03:11:17.351, P1, 2797, 14001, 33.18, 21, 0x0000000000000000
2026/09/26 03:11:17.414, P0, 2797, 14201, 35.97, 0, 0x0000000000000000
2026/09/26 03:11:17.476, P0, 2797, 14201, 35.97, 0, 0x0000000000000000
2026/09/26 03:11:17.539, P0, 2797, 14201, 35.97, 0, 0x0000000000000000
2026/09/26 03:11:17.601, P0, 2797, 14201, 35.97, 0, 0x0000000000000000
2026/09/26 03:11:17.665, P0, 2797, 14201, 35.97, 0, 0x0000000000000000
2026/09/26 03:11:17.727, P0, 2797, 14201, 35.97, 0, 0x0000000000000000
2026/09/26 03:11:17.789, P0, 2797, 14201, 35.97, 0, 0x0000000000000000
2026/09/26 03:11:17.851, P0, 2797, 14201, 35.97, 0, 0x0000000000000000
2026/09/26 03:11:17.914, P0, 2535, 14201, 30.33, 0, 0x0000000000000000
2026/09/26 03:11:17.976, P0, 2535, 14201, 30.33, 0, 0x0000000000000000
2026/09/26 03:11:18.038, P0, 2535, 14201, 30.33, 0, 0x0000000000000000
2026/09/26 03:11:18.101, P0, 2535, 14201, 30.33, 0, 0x0000000000000000
2026/09/26 03:11:18.163, P0, 2535, 14201, 30.33, 0, 0x0000000000000000
2026/09/26 03:11:18.227, P0, 2535, 14201, 30.33, 0, 0x0000000000000000
2026/09/26 03:11:18.289, P0, 2535, 14201, 30.33, 0, 0x0000000000000000
2026/09/26 03:11:18.352, P0, 2535, 14201, 30.33, 0, 0x0000000000000000
2026/09/26 03:11:18.414, P0, 2535, 14201, 26.24, 0, 0x0000000000000000
2026/09/26 03:11:18.476, P0, 2535, 14201, 26.24, 0, 0x0000000000000000
2026/09/26 03:11:18.537, P0, 2535, 14201, 26.24, 0, 0x0000000000000000
2026/09/26 03:11:18.600, P0, 2535, 14201, 26.24, 0, 0x0000000000000000
2026/09/26 03:11:18.664, P0, 2535, 14201, 26.24, 0, 0x0000000000000000
2026/09/26 03:11:18.726, P0, 2535, 14201, 26.24, 0, 0x0000000000000000
2026/09/26 03:11:18.789, P0, 2535, 14201, 26.24, 0, 0x0000000000000000
2026/09/26 03:11:18.851, P0, 2535, 14201, 26.24, 0, 0x0000000000000000
2026/09/26 03:11:18.912, P0, 2535, 14201, 26.17, 0, 0x0000000000000000
2026/09/26 03:11:18.974, P0, 2535, 14201, 26.17, 0, 0x0000000000000000
2026/09/26 03:11:19.037, P0, 2535, 14201, 26.17, 0, 0x0000000000000000
2026/09/26 03:11:19.099, P0, 2535, 14201, 26.17, 0, 0x0000000000000000
2026/09/26 03:11:19.163, P0, 2535, 14201, 26.17, 0, 0x0000000000000000
2026/09/26 03:11:19.225, P0, 2535, 14201, 26.17, 0, 0x0000000000000000
2026/09/26 03:11:19.287, P0, 2535, 14201, 26.17, 0, 0x0000000000000000
2026/09/26 03:11:19.349, P0, 2535, 14201, 26.17, 0, 0x0000000000000000
2026/09/26 03:11:19.412, P0, 2535, 14201, 26.23, 0, 0x0000000000000000
2026/09/26 03:11:19.475, P0, 2535, 14201, 26.23, 0, 0x0000000000000000
2026/09/26 03:11:19.537, P0, 2535, 14201, 26.23, 0, 0x0000000000000000
2026/09/26 03:11:19.601, P0, 2535, 14201, 26.23, 0, 0x0000000000000000
2026/09/26 03:11:19.664, P0, 2535, 14201, 26.23, 0, 0x0000000000000000
2026/09/26 03:11:19.727, P0, 2535, 14201, 26.23, 0, 0x0000000000000000
2026/09/26 03:11:19.790, P0, 2535, 14201, 26.23, 0, 0x0000000000000000
2026/09/26 03:11:19.852, P0, 2535, 14201, 26.23, 0, 0x0000000000000000
2026/09/26 03:11:19.914, P3, 2535, 7001, 24.27, 0, 0x0000000000000000
2026/09/26 03:11:19.976, P3, 2535, 7001, 24.27, 0, 0x0000000000000000
2026/09/26 03:11:20.039, P3, 2535, 7001, 24.27, 0, 0x0000000000000000
2026/09/26 03:11:20.101, P3, 2535, 7001, 24.27, 0, 0x0000000000000000
2026/09/26 03:11:20.164, P3, 2535, 7001, 24.27, 0, 0x0000000000000000
2026/09/26 03:11:20.226, P3, 2535, 7001, 24.27, 0, 0x0000000000000000
2026/09/26 03:11:20.287, P3, 2535, 7001, 24.27, 0, 0x0000000000000000
2026/09/26 03:11:20.349, P3, 2535, 7001, 24.27, 0, 0x0000000000000000
2026/09/26 03:11:20.411, P0, 885, 14201, 20.79, 6, 0x0000000000000000
2026/09/26 03:11:20.474, P0, 885, 14201, 20.79, 6, 0x0000000000000000
2026/09/26 03:11:20.535, P0, 885, 14201, 20.79, 6, 0x0000000000000000
2026/09/26 03:11:20.599, P0, 885, 14201, 20.79, 6, 0x0000000000000000
2026/09/26 03:11:20.663, P0, 885, 14201, 20.79, 6, 0x0000000000000000
2026/09/26 03:11:20.725, P0, 885, 14201, 20.79, 6, 0x0000000000000000
2026/09/26 03:11:20.788, P0, 885, 14201, 20.79, 6, 0x0000000000000000
2026/09/26 03:11:20.851, P0, 885, 14201, 20.79, 6, 0x0000000000000000
2026/09/26 03:11:20.913, P1, 2782, 14001, 26.70, 20, 0x0000000000000000
2026/09/26 03:11:20.975, P1, 2782, 14001, 26.70, 20, 0x0000000000000000
2026/09/26 03:11:21.037, P1, 2782, 14001, 26.70, 20, 0x0000000000000000
2026/09/26 03:11:21.100, P1, 2782, 14001, 26.70, 20, 0x0000000000000000
2026/09/26 03:11:21.162, P1, 2782, 14001, 26.70, 20, 0x0000000000000000
2026/09/26 03:11:21.224, P1, 2782, 14001, 26.70, 20, 0x0000000000000000
2026/09/26 03:11:21.287, P1, 2782, 14001, 26.70, 20, 0x0000000000000000
2026/09/26 03:11:21.348, P1, 2782, 14001, 26.70, 20, 0x0000000000000000
2026/09/26 03:11:21.410, P0, 2790, 14201, 36.33, 0, 0x0000000000000000
2026/09/26 03:11:21.472, P0, 2790, 14201, 36.33, 0, 0x0000000000000000
2026/09/26 03:11:21.534, P0, 2790, 14201, 36.33, 0, 0x0000000000000000
2026/09/26 03:11:21.596, P0, 2790, 14201, 36.33, 0, 0x0000000000000000
2026/09/26 03:11:21.659, P0, 2790, 14201, 36.33, 0, 0x0000000000000000
2026/09/26 03:11:21.720, P0, 2790, 14201, 36.33, 0, 0x0000000000000000
2026/09/26 03:11:21.782, P0, 2790, 14201, 36.33, 0, 0x0000000000000000
2026/09/26 03:11:21.845, P0, 2790, 14201, 36.33, 0, 0x0000000000000000
2026/09/26 03:11:21.907, P0, 2535, 14201, 31.93, 0, 0x0000000000000000
2026/09/26 03:11:21.970, P0, 2535, 14201, 31.93, 0, 0x0000000000000000
2026/09/26 03:11:22.033, P0, 2535, 14201, 31.93, 0, 0x0000000000000000
2026/09/26 03:11:22.095, P0, 2535, 14201, 31.93, 0, 0x0000000000000000
2026/09/26 03:11:22.158, P0, 2535, 14201, 31.93, 0, 0x0000000000000000
2026/09/26 03:11:22.221, P0, 2535, 14201, 31.93, 0, 0x0000000000000000
2026/09/26 03:11:22.283, P0, 2535, 14201, 31.93, 0, 0x0000000000000000
2026/09/26 03:11:22.345, P0, 2535, 14201, 31.93, 0, 0x0000000000000000
2026/09/26 03:11:22.407, P0, 2535, 14201, 26.35, 0, 0x0000000000000000
2026/09/26 03:11:22.469, P0, 2535, 14201, 26.35, 0, 0x0000000000000000
2026/09/26 03:11:22.532, P0, 2535, 14201, 26.35, 0, 0x0000000000000000
2026/09/26 03:11:22.594, P0, 2535, 14201, 26.35, 0, 0x0000000000000000
2026/09/26 03:11:22.657, P0, 2535, 14201, 26.35, 0, 0x0000000000000000
2026/09/26 03:11:22.719, P0, 2535, 14201, 26.35, 0, 0x0000000000000000
2026/09/26 03:11:22.782, P0, 2535, 14201, 26.35, 0, 0x0000000000000000
2026/09/26 03:11:22.844, P0, 2535, 14201, 26.35, 0, 0x0000000000000000
2026/09/26 03:11:22.907, P0, 2535, 14201, 26.39, 0, 0x0000000000000000
2026/09/26 03:11:22.969, P0, 2535, 14201, 26.39, 0, 0x0000000000000000
2026/09/26 03:11:23.031, P0, 2535, 14201, 26.39, 0, 0x0000000000000000
2026/09/26 03:11:23.094, P0, 2535, 14201, 26.39, 0, 0x0000000000000000
2026/09/26 03:11:23.157, P0, 2535, 14201, 26.39, 0, 0x0000000000000000
2026/09/26 03:11:23.219, P0, 2535, 14201, 26.39, 0, 0x0000000000000000
2026/09/26 03:11:23.280, P0, 2535, 14201, 26.39, 0, 0x0000000000000000
2026/09/26 03:11:23.343, P0, 2535, 14201, 26.39, 0, 0x0000000000000000
2026/09/26 03:11:23.405, P0, 2535, 14201, 26.40, 0, 0x0000000000000000
2026/09/26 03:11:23.469, P0, 2535, 14201, 26.40, 0, 0x0000000000000000
2026/09/26 03:11:23.532, P0, 2535, 14201, 26.40, 0, 0x0000000000000000
2026/09/26 03:11:23.594, P0, 2535, 14201, 26.40, 0, 0x0000000000000000
2026/09/26 03:11:23.656, P0, 2535, 14201, 26.40, 0, 0x0000000000000000
2026/09/26 03:11:23.720, P0, 2535, 14201, 26.40, 0, 0x0000000000000000
2026/09/26 03:11:23.781, P0, 2535, 14201, 26.40, 0, 0x0000000000000000
2026/09/26 03:11:23.844, P0, 2535, 14201, 26.40, 0, 0x0000000000000000
2026/09/26 03:11:23.906, P3, 2535, 7001, 24.59, 0, 0x0000000000000000
2026/09/26 03:11:23.969, P3, 2535, 7001, 24.59, 0, 0x0000000000000000
2026/09/26 03:11:24.031, P3, 2535, 7001, 24.59, 0, 0x0000000000000000
2026/09/26 03:11:24.095, P3, 2535, 7001, 24.59, 0, 0x0000000000000000
2026/09/26 03:11:24.157, P3, 2535, 7001, 24.59, 0, 0x0000000000000000
2026/09/26 03:11:24.218, P3, 2535, 7001, 24.59, 0, 0x0000000000000000
2026/09/26 03:11:24.280, P3, 2535, 7001, 24.59, 0, 0x0000000000000000
2026/09/26 03:11:24.342, P3, 2535, 7001, 24.59, 0, 0x0000000000000000
2026/09/26 03:11:24.404, P0, 855, 14201, 20.38, 6, 0x0000000000000000
2026/09/26 03:11:24.466, P0, 855, 14201, 20.38, 6, 0x0000000000000000
2026/09/26 03:11:24.528, P0, 855, 14201, 20.38, 6, 0x0000000000000000
2026/09/26 03:11:24.591, P0, 855, 14201, 20.38, 6, 0x0000000000000000
2026/09/26 03:11:24.653, P0, 855, 14201, 20.38, 6, 0x0000000000000000
2026/09/26 03:11:24.716, P0, 855, 14201, 20.38, 6, 0x0000000000000000
2026/09/26 03:11:24.778, P0, 855, 14201, 20.38, 6, 0x0000000000000000
2026/09/26 03:11:24.841, P0, 855, 14201, 20.38, 6, 0x0000000000000000
2026/09/26 03:11:24.903, P0, 2640, 14201, 22.30, 0, 0x0000000000000000
2026/09/26 03:11:24.966, P0, 2640, 14201, 22.30, 0, 0x0000000000000000
2026/09/26 03:11:25.028, P0, 2640, 14201, 22.30, 0, 0x0000000000000000
2026/09/26 03:11:25.089, P0, 2640, 14201, 22.30, 0, 0x0000000000000000
2026/09/26 03:11:25.152, P0, 2640, 14201, 22.30, 0, 0x0000000000000000
2026/09/26 03:11:25.215, P0, 2640, 14201, 22.30, 0, 0x0000000000000000
2026/09/26 03:11:25.277, P0, 2640, 14201, 22.30, 0, 0x0000000000000000
2026/09/26 03:11:25.339, P0, 2640, 14201, 22.30, 0, 0x0000000000000000
2026/09/26 03:11:25.402, P0, 2640, 14201, 22.30, 0, 0x0000000000000000
2026/09/26 03:11:25.463, P0, 2535, 14201, 27.46, 0, 0x0000000000000000
2026/09/26 03:11:25.525, P0, 2535, 14201, 27.46, 0, 0x0000000000000000
2026/09/26 03:11:25.587, P0, 2535, 14201, 27.46, 0, 0x0000000000000000
2026/09/26 03:11:25.649, P0, 2535, 14201, 27.46, 0, 0x0000000000000000
2026/09/26 03:11:25.711, P0, 2535, 14201, 27.46, 0, 0x0000000000000000
2026/09/26 03:11:25.773, P0, 2535, 14201, 27.46, 0, 0x0000000000000000
2026/09/26 03:11:25.835, P0, 2535, 14201, 27.46, 0, 0x0000000000000000
2026/09/26 03:11:25.897, P0, 2535, 14201, 27.46, 0, 0x0000000000000000
2026/09/26 03:11:25.959, P0, 2535, 14201, 26.24, 0, 0x0000000000000000
2026/09/26 03:11:26.022, P0, 2535, 14201, 26.24, 0, 0x0000000000000000
2026/09/26 03:11:26.084, P0, 2535, 14201, 26.24, 0, 0x0000000000000000
2026/09/26 03:11:26.145, P0, 2535, 14201, 26.24, 0, 0x0000000000000000
2026/09/26 03:11:26.207, P0, 2535, 14201, 26.24, 0, 0x0000000000000000
2026/09/26 03:11:26.270, P0, 2535, 14201, 26.24, 0, 0x0000000000000000
2026/09/26 03:11:26.333, P0, 2535, 14201, 26.24, 0, 0x0000000000000000
2026/09/26 03:11:26.395, P0, 2535, 14201, 26.24, 0, 0x0000000000000000
2026/09/26 03:11:26.458, P0, 2535, 14201, 26.21, 0, 0x0000000000000000
2026/09/26 03:11:26.519, P0, 2535, 14201, 26.21, 0, 0x0000000000000000
2026/09/26 03:11:26.582, P0, 2535, 14201, 26.21, 0, 0x0000000000000000
2026/09/26 03:11:26.646, P0, 2535, 14201, 26.21, 0, 0x0000000000000000
2026/09/26 03:11:26.709, P0, 2535, 14201, 26.21, 0, 0x0000000000000000
2026/09/26 03:11:26.771, P0, 2535, 14201, 26.21, 0, 0x0000000000000000
2026/09/26 03:11:26.833, P0, 2535, 14201, 26.21, 0, 0x0000000000000000
2026/09/26 03:11:26.895, P0, 2535, 14201, 26.21, 0, 0x0000000000000000
2026/09/26 03:11:26.958, P3, 742, 7001, 24.30, 0, 0x0000000000000000
2026/09/26 03:11:27.020, P3, 742, 7001, 24.30, 0, 0x0000000000000000
2026/09/26 03:11:27.083, P3, 742, 7001, 24.30, 0, 0x0000000000000000
2026/09/26 03:11:27.146, P3, 742, 7001, 24.30, 0, 0x0000000000000000
2026/09/26 03:11:27.208, P3, 742, 7001, 24.30, 0, 0x0000000000000000
2026/09/26 03:11:27.271, P3, 742, 7001, 24.30, 0, 0x0000000000000000
2026/09/26 03:11:27.334, P3, 742, 7001, 24.30, 0, 0x0000000000000000
2026/09/26 03:11:27.396, P3, 742, 7001, 24.30, 0, 0x0000000000000000
2026/09/26 03:11:27.459, P3, 637, 7001, 19.15, 0, 0x0000000000000000
2026/09/26 03:11:27.522, P3, 637, 7001, 19.15, 0, 0x0000000000000000
2026/09/26 03:11:27.583, P3, 637, 7001, 19.15, 0, 0x0000000000000000
2026/09/26 03:11:27.646, P3, 637, 7001, 19.15, 0, 0x0000000000000000
2026/09/26 03:11:27.707, P3, 637, 7001, 19.15, 0, 0x0000000000000000
2026/09/26 03:11:27.769, P3, 637, 7001, 19.15, 0, 0x0000000000000000
2026/09/26 03:11:27.833, P3, 637, 7001, 19.15, 0, 0x0000000000000000
2026/09/26 03:11:27.896, P3, 637, 7001, 19.15, 0, 0x0000000000000000
2026/09/26 03:11:27.959, P1, 2377, 14001, 18.07, 4, 0x0000000000000000
2026/09/26 03:11:28.023, P1, 2377, 14001, 18.07, 4, 0x0000000000000000
2026/09/26 03:11:28.086, P1, 2377, 14001, 18.07, 4, 0x0000000000000000
2026/09/26 03:11:28.150, P1, 2377, 14001, 18.07, 4, 0x0000000000000000
2026/09/26 03:11:28.212, P1, 2377, 14001, 18.07, 4, 0x0000000000000000
2026/09/26 03:11:28.275, P1, 2377, 14001, 18.07, 4, 0x0000000000000000
2026/09/26 03:11:28.338, P1, 2377, 14001, 18.07, 4, 0x0000000000000000
2026/09/26 03:11:28.402, P1, 2377, 14001, 18.07, 4, 0x0000000000000000
2026/09/26 03:11:28.464, P1, 2797, 14001, 30.14, 3, 0x0000000000000000
2026/09/26 03:11:28.527, P1, 2797, 14001, 30.14, 3, 0x0000000000000000
2026/09/26 03:11:28.591, P1, 2797, 14001, 30.14, 3, 0x0000000000000000
2026/09/26 03:11:28.654, P1, 2797, 14001, 30.14, 3, 0x0000000000000000
2026/09/26 03:11:28.715, P1, 2797, 14001, 30.14, 3, 0x0000000000000000
2026/09/26 03:11:28.778, P1, 2797, 14001, 30.14, 3, 0x0000000000000000
2026/09/26 03:11:28.840, P1, 2797, 14001, 30.14, 3, 0x0000000000000000
2026/09/26 03:11:28.902, P1, 2797, 14001, 30.14, 3, 0x0000000000000000
2026/09/26 03:11:28.962, P0, 2580, 14201, 35.03, 0, 0x0000000000000000
2026/09/26 03:11:29.025, P0, 2580, 14201, 35.03, 0, 0x0000000000000000
2026/09/26 03:11:29.088, P0, 2580, 14201, 35.03, 0, 0x0000000000000000
2026/09/26 03:11:29.150, P0, 2580, 14201, 35.03, 0, 0x0000000000000000
2026/09/26 03:11:29.212, P0, 2580, 14201, 35.03, 0, 0x0000000000000000
2026/09/26 03:11:29.274, P0, 2580, 14201, 35.03, 0, 0x0000000000000000
2026/09/26 03:11:29.336, P0, 2580, 14201, 35.03, 0, 0x0000000000000000
2026/09/26 03:11:29.399, P0, 2580, 14201, 35.03, 0, 0x0000000000000000
2026/09/26 03:11:29.462, P0, 2535, 14201, 28.83, 0, 0x0000000000000000
2026/09/26 03:11:29.525, P0, 2535, 14201, 28.83, 0, 0x0000000000000000
2026/09/26 03:11:29.588, P0, 2535, 14201, 28.83, 0, 0x0000000000000000
2026/09/26 03:11:29.650, P0, 2535, 14201, 28.83, 0, 0x0000000000000000
2026/09/26 03:11:29.712, P0, 2535, 14201, 28.83, 0, 0x0000000000000000
2026/09/26 03:11:29.775, P0, 2535, 14201, 28.83, 0, 0x0000000000000000
2026/09/26 03:11:29.837, P0, 2535, 14201, 28.83, 0, 0x0000000000000000
2026/09/26 03:11:29.900, P0, 2535, 14201, 28.83, 0, 0x0000000000000000
2026/09/26 03:11:29.963, P0, 2535, 14201, 26.38, 0, 0x0000000000000000
2026/09/26 03:11:30.025, P0, 2535, 14201, 26.38, 0, 0x0000000000000000
2026/09/26 03:11:30.088, P0, 2535, 14201, 26.38, 0, 0x0000000000000000
2026/09/26 03:11:30.150, P0, 2535, 14201, 26.38, 0, 0x0000000000000000
2026/09/26 03:11:30.213, P0, 2535, 14201, 26.38, 0, 0x0000000000000000
2026/09/26 03:11:30.275, P0, 2535, 14201, 26.38, 0, 0x0000000000000000
2026/09/26 03:11:30.339, P0, 2535, 14201, 26.38, 0, 0x0000000000000000
2026/09/26 03:11:30.400, P0, 2535, 14201, 26.38, 0, 0x0000000000000000
2026/09/26 03:11:30.463, P0, 2535, 14201, 26.46, 0, 0x0000000000000000
2026/09/26 03:11:30.524, P0, 2535, 14201, 26.46, 0, 0x0000000000000000
2026/09/26 03:11:30.587, P0, 2535, 14201, 26.46, 0, 0x0000000000000000
2026/09/26 03:11:30.649, P0, 2535, 14201, 26.46, 0, 0x0000000000000000
2026/09/26 03:11:30.711, P0, 2535, 14201, 26.46, 0, 0x0000000000000000
2026/09/26 03:11:30.774, P0, 2535, 14201, 26.46, 0, 0x0000000000000000
2026/09/26 03:11:30.838, P0, 2535, 14201, 26.46, 0, 0x0000000000000000
2026/09/26 03:11:30.900, P0, 2535, 14201, 26.46, 0, 0x0000000000000000
2026/09/26 03:11:30.964, P0, 2527, 14201, 26.39, 0, 0x0000000000000000
2026/09/26 03:11:31.027, P0, 2527, 14201, 26.39, 0, 0x0000000000000000
2026/09/26 03:11:31.089, P0, 2527, 14201, 26.39, 0, 0x0000000000000000
2026/09/26 03:11:31.152, P0, 2527, 14201, 26.39, 0, 0x0000000000000000
2026/09/26 03:11:31.214, P0, 2527, 14201, 26.39, 0, 0x0000000000000000
2026/09/26 03:11:31.277, P0, 2527, 14201, 26.39, 0, 0x0000000000000000
2026/09/26 03:11:31.339, P0, 2527, 14201, 26.39, 0, 0x0000000000000000
2026/09/26 03:11:31.400, P0, 2527, 14201, 26.39, 0, 0x0000000000000000
2026/09/26 03:11:31.462, P0, 2535, 14201, 26.28, 0, 0x0000000000000000
2026/09/26 03:11:31.524, P0, 2535, 14201, 26.28, 0, 0x0000000000000000
2026/09/26 03:11:31.587, P0, 2535, 14201, 26.28, 0, 0x0000000000000000
2026/09/26 03:11:31.649, P0, 2535, 14201, 26.28, 0, 0x0000000000000000
2026/09/26 03:11:31.712, P0, 2535, 14201, 26.28, 0, 0x0000000000000000
2026/09/26 03:11:31.774, P0, 2535, 14201, 26.28, 0, 0x0000000000000000
2026/09/26 03:11:31.837, P0, 2535, 14201, 26.28, 0, 0x0000000000000000
2026/09/26 03:11:31.900, P0, 2535, 14201, 26.28, 0, 0x0000000000000000
2026/09/26 03:11:31.962, P0, 1672, 14201, 25.35, 7, 0x0000000000000000
2026/09/26 03:11:32.023, P0, 1672, 14201, 25.35, 7, 0x0000000000000000
2026/09/26 03:11:32.085, P0, 1672, 14201, 25.35, 7, 0x0000000000000000
2026/09/26 03:11:32.148, P0, 1672, 14201, 25.35, 7, 0x0000000000000000
2026/09/26 03:11:32.210, P0, 1672, 14201, 25.35, 7, 0x0000000000000000
2026/09/26 03:11:32.273, P0, 1672, 14201, 25.35, 7, 0x0000000000000000
2026/09/26 03:11:32.336, P0, 1672, 14201, 25.35, 7, 0x0000000000000000
2026/09/26 03:11:32.398, P0, 1672, 14201, 25.35, 7, 0x0000000000000000
2026/09/26 03:11:32.460, P1, 2685, 14001, 28.80, 9, 0x0000000000000000
2026/09/26 03:11:32.522, P1, 2685, 14001, 28.80, 9, 0x0000000000000000
2026/09/26 03:11:32.585, P1, 2685, 14001, 28.80, 9, 0x0000000000000000
2026/09/26 03:11:32.648, P1, 2685, 14001, 28.80, 9, 0x0000000000000000
2026/09/26 03:11:32.710, P1, 2685, 14001, 28.80, 9, 0x0000000000000000
2026/09/26 03:11:32.773, P1, 2685, 14001, 28.80, 9, 0x0000000000000000
2026/09/26 03:11:32.836, P1, 2685, 14001, 28.80, 9, 0x0000000000000000
2026/09/26 03:11:32.899, P1, 2685, 14001, 28.80, 9, 0x0000000000000000
2026/09/26 03:11:32.961, P0, 2970, 14201, 36.58, 5, 0x0000000000000000
2026/09/26 03:11:33.023, P0, 2970, 14201, 36.58, 5, 0x0000000000000000
2026/09/26 03:11:33.085, P0, 2970, 14201, 36.58, 5, 0x0000000000000000
2026/09/26 03:11:33.148, P0, 2970, 14201, 36.58, 5, 0x0000000000000000
2026/09/26 03:11:33.211, P0, 2970, 14201, 36.58, 5, 0x0000000000000000
2026/09/26 03:11:33.273, P0, 2970, 14201, 36.58, 5, 0x0000000000000000
2026/09/26 03:11:33.336, P0, 2970, 14201, 36.58, 5, 0x0000000000000000
2026/09/26 03:11:33.397, P0, 2970, 14201, 36.58, 5, 0x0000000000000000
2026/09/26 03:11:33.459, P1, 2887, 14001, 38.33, 12, 0x0000000000000000
2026/09/26 03:11:33.522, P1, 2887, 14001, 38.33, 12, 0x0000000000000000
2026/09/26 03:11:33.583, P1, 2887, 14001, 38.33, 12, 0x0000000000000000
2026/09/26 03:11:33.645, P1, 2887, 14001, 38.33, 12, 0x0000000000000000
2026/09/26 03:11:33.709, P1, 2887, 14001, 38.33, 12, 0x0000000000000000
2026/09/26 03:11:33.772, P1, 2887, 14001, 38.33, 12, 0x0000000000000000
2026/09/26 03:11:33.834, P1, 2887, 14001, 38.33, 12, 0x0000000000000000
2026/09/26 03:11:33.897, P1, 2887, 14001, 38.33, 12, 0x0000000000000000
2026/09/26 03:11:33.960, P0, 2670, 14201, 37.78, 6, 0x0000000000000000
2026/09/26 03:11:34.023, P0, 2670, 14201, 37.78, 6, 0x0000000000000000
2026/09/26 03:11:34.085, P0, 2670, 14201, 37.78, 6, 0x0000000000000000
2026/09/26 03:11:34.148, P0, 2670, 14201, 37.78, 6, 0x0000000000000000
2026/09/26 03:11:34.210, P0, 2670, 14201, 37.78, 6, 0x0000000000000000
2026/09/26 03:11:34.271, P0, 2670, 14201, 37.78, 6, 0x0000000000000000
2026/09/26 03:11:34.334, P0, 2670, 14201, 37.78, 6, 0x0000000000000000
2026/09/26 03:11:34.396, P0, 2670, 14201, 37.78, 6, 0x0000000000000000
2026/09/26 03:11:34.459, P0, 2535, 14201, 33.17, 0, 0x0000000000000000
2026/09/26 03:11:34.521, P0, 2535, 14201, 33.17, 0, 0x0000000000000000
2026/09/26 03:11:34.584, P0, 2535, 14201, 33.17, 0, 0x0000000000000000
2026/09/26 03:11:34.647, P0, 2535, 14201, 33.17, 0, 0x0000000000000000
2026/09/26 03:11:34.710, P0, 2535, 14201, 33.17, 0, 0x0000000000000000
2026/09/26 03:11:34.773, P0, 2535, 14201, 33.17, 0, 0x0000000000000000
2026/09/26 03:11:34.837, P0, 2535, 14201, 33.17, 0, 0x0000000000000000
2026/09/26 03:11:34.899, P0, 2535, 14201, 33.17, 0, 0x0000000000000000
2026/09/26 03:11:34.961, P0, 2535, 14201, 26.94, 0, 0x0000000000000000
2026/09/26 03:11:35.024, P0, 2535, 14201, 26.94, 0, 0x0000000000000000
2026/09/26 03:11:35.086, P0, 2535, 14201, 26.94, 0, 0x0000000000000000
2026/09/26 03:11:35.147, P0, 2535, 14201, 26.94, 0, 0x0000000000000000
2026/09/26 03:11:35.210, P0, 2535, 14201, 26.94, 0, 0x0000000000000000
2026/09/26 03:11:35.271, P0, 2535, 14201, 26.94, 0, 0x0000000000000000
2026/09/26 03:11:35.335, P0, 2535, 14201, 26.94, 0, 0x0000000000000000
2026/09/26 03:11:35.397, P0, 2535, 14201, 26.94, 0, 0x0000000000000000
2026/09/26 03:11:35.459, P0, 2535, 14201, 26.50, 0, 0x0000000000000000
2026/09/26 03:11:35.523, P0, 2535, 14201, 26.50, 0, 0x0000000000000000
2026/09/26 03:11:35.585, P0, 2535, 14201, 26.50, 0, 0x0000000000000000
2026/09/26 03:11:35.647, P0, 2535, 14201, 26.50, 0, 0x0000000000000000
2026/09/26 03:11:35.710, P0, 2535, 14201, 26.50, 0, 0x0000000000000000
2026/09/26 03:11:35.773, P0, 2535, 14201, 26.50, 0, 0x0000000000000000
2026/09/26 03:11:35.836, P0, 2535, 14201, 26.50, 0, 0x0000000000000000
2026/09/26 03:11:35.898, P0, 2535, 14201, 26.50, 0, 0x0000000000000000
2026/09/26 03:11:35.962, P0, 2535, 14201, 26.51, 0, 0x0000000000000000
2026/09/26 03:11:36.025, P0, 2535, 14201, 26.51, 0, 0x0000000000000000
2026/09/26 03:11:36.087, P0, 2535, 14201, 26.51, 0, 0x0000000000000000
2026/09/26 03:11:36.149, P0, 2535, 14201, 26.51, 0, 0x0000000000000000
2026/09/26 03:11:36.211, P0, 2535, 14201, 26.51, 0, 0x0000000000000000
2026/09/26 03:11:36.273, P0, 2535, 14201, 26.51, 0, 0x0000000000000000
2026/09/26 03:11:36.336, P0, 2535, 14201, 26.51, 0, 0x0000000000000000
2026/09/26 03:11:36.397, P0, 2535, 14201, 26.51, 0, 0x0000000000000000
2026/09/26 03:11:36.462, P0, 2535, 14201, 26.48, 0, 0x0000000000000000
2026/09/26 03:11:36.524, P0, 2535, 14201, 26.48, 0, 0x0000000000000000
2026/09/26 03:11:36.585, P0, 2535, 14201, 26.48, 0, 0x0000000000000000
2026/09/26 03:11:36.647, P0, 2535, 14201, 26.48, 0, 0x0000000000000000
2026/09/26 03:11:36.709, P0, 2535, 14201, 26.48, 0, 0x0000000000000000
2026/09/26 03:11:36.771, P0, 2535, 14201, 26.48, 0, 0x0000000000000000
2026/09/26 03:11:36.835, P0, 2535, 14201, 26.48, 0, 0x0000000000000000
2026/09/26 03:11:36.898, P0, 2535, 14201, 26.48, 0, 0x0000000000000000
2026/09/26 03:11:36.960, P3, 877, 7001, 24.48, 0, 0x0000000000000000
2026/09/26 03:11:37.021, P3, 877, 7001, 24.48, 0, 0x0000000000000000
2026/09/26 03:11:37.084, P3, 877, 7001, 24.48, 0, 0x0000000000000000
2026/09/26 03:11:37.146, P3, 877, 7001, 24.48, 0, 0x0000000000000000
2026/09/26 03:11:37.209, P3, 877, 7001, 24.48, 0, 0x0000000000000000
2026/09/26 03:11:37.271, P3, 877, 7001, 24.48, 0, 0x0000000000000000
2026/09/26 03:11:37.333, P3, 877, 7001, 24.48, 0, 0x0000000000000000
2026/09/26 03:11:37.394, P3, 877, 7001, 24.48, 0, 0x0000000000000000
2026/09/26 03:11:37.458, P0, 2670, 14001, 25.71, 7, 0x0000000000000000
2026/09/26 03:11:37.520, P0, 2670, 14001, 25.71, 7, 0x0000000000000000
2026/09/26 03:11:37.583, P0, 2670, 14001, 25.71, 7, 0x0000000000000000
2026/09/26 03:11:37.646, P0, 2670, 14001, 25.71, 7, 0x0000000000000000
2026/09/26 03:11:37.707, P0, 2670, 14001, 25.71, 7, 0x0000000000000000
2026/09/26 03:11:37.771, P0, 2670, 14001, 25.71, 7, 0x0000000000000000
2026/09/26 03:11:37.833, P0, 2670, 14001, 25.71, 7, 0x0000000000000000
2026/09/26 03:11:37.895, P0, 2670, 14001, 25.71, 7, 0x0000000000000000
2026/09/26 03:11:37.958, P1, 2962, 14001, 31.88, 20, 0x0000000000000000
2026/09/26 03:11:38.020, P1, 2962, 14001, 31.88, 20, 0x0000000000000000
2026/09/26 03:11:38.081, P1, 2962, 14001, 31.88, 20, 0x0000000000000000
2026/09/26 03:11:38.145, P1, 2962, 14001, 31.88, 20, 0x0000000000000000
2026/09/26 03:11:38.207, P1, 2962, 14001, 31.88, 20, 0x0000000000000000
2026/09/26 03:11:38.269, P1, 2962, 14001, 31.88, 20, 0x0000000000000000
2026/09/26 03:11:38.330, P1, 2962, 14001, 31.88, 20, 0x0000000000000000
2026/09/26 03:11:38.393, P1, 2962, 14001, 31.88, 20, 0x0000000000000000
2026/09/26 03:11:38.455, P0, 2550, 14201, 36.12, 0, 0x0000000000000000
2026/09/26 03:11:38.518, P0, 2550, 14201, 36.12, 0, 0x0000000000000000
2026/09/26 03:11:38.580, P0, 2550, 14201, 36.12, 0, 0x0000000000000000
2026/09/26 03:11:38.641, P0, 2550, 14201, 36.12, 0, 0x0000000000000000
2026/09/26 03:11:38.704, P0, 2550, 14201, 36.12, 0, 0x0000000000000000
2026/09/26 03:11:38.766, P0, 2550, 14201, 36.12, 0, 0x0000000000000000
2026/09/26 03:11:38.829, P0, 2550, 14201, 36.12, 0, 0x0000000000000000
2026/09/26 03:11:38.890, P0, 2550, 14201, 36.12, 0, 0x0000000000000000
2026/09/26 03:11:38.953, P0, 2535, 14201, 32.88, 0, 0x0000000000000000
2026/09/26 03:11:39.016, P0, 2535, 14201, 32.88, 0, 0x0000000000000000
2026/09/26 03:11:39.078, P0, 2535, 14201, 32.88, 0, 0x0000000000000000
2026/09/26 03:11:39.140, P0, 2535, 14201, 32.88, 0, 0x0000000000000000
2026/09/26 03:11:39.201, P0, 2535, 14201, 32.88, 0, 0x0000000000000000
2026/09/26 03:11:39.263, P0, 2535, 14201, 32.88, 0, 0x0000000000000000
2026/09/26 03:11:39.325, P0, 2535, 14201, 32.88, 0, 0x0000000000000000
2026/09/26 03:11:39.387, P0, 2535, 14201, 32.88, 0, 0x0000000000000000
2026/09/26 03:11:39.449, P0, 2535, 14201, 26.51, 0, 0x0000000000000000
2026/09/26 03:11:39.512, P0, 2535, 14201, 26.51, 0, 0x0000000000000000
2026/09/26 03:11:39.573, P0, 2535, 14201, 26.51, 0, 0x0000000000000000
2026/09/26 03:11:39.636, P0, 2535, 14201, 26.51, 0, 0x0000000000000000
2026/09/26 03:11:39.698, P0, 2535, 14201, 26.51, 0, 0x0000000000000000
2026/09/26 03:11:39.760, P0, 2535, 14201, 26.51, 0, 0x0000000000000000
2026/09/26 03:11:39.821, P0, 2535, 14201, 26.51, 0, 0x0000000000000000
2026/09/26 03:11:39.883, P0, 2535, 14201, 26.51, 0, 0x0000000000000000
2026/09/26 03:11:39.944, P3, 1185, 7001, 24.50, 0, 0x0000000000000000
2026/09/26 03:11:40.006, P3, 1185, 7001, 24.50, 0, 0x0000000000000000
2026/09/26 03:11:40.067, P3, 1185, 7001, 24.50, 0, 0x0000000000000000
2026/09/26 03:11:40.129, P3, 1185, 7001, 24.50, 0, 0x0000000000000000
2026/09/26 03:11:40.192, P3, 1185, 7001, 24.50, 0, 0x0000000000000000
2026/09/26 03:11:40.254, P3, 1185, 7001, 24.50, 0, 0x0000000000000000
2026/09/26 03:11:40.317, P3, 1185, 7001, 24.50, 0, 0x0000000000000000
2026/09/26 03:11:40.379, P3, 1185, 7001, 24.50, 0, 0x0000000000000000
2026/09/26 03:11:40.442, P3, 1005, 7001, 19.27, 0, 0x0000000000000000
2026/09/26 03:11:40.504, P3, 1005, 7001, 19.27, 0, 0x0000000000000000
2026/09/26 03:11:40.566, P3, 1005, 7001, 19.27, 0, 0x0000000000000000
2026/09/26 03:11:40.630, P3, 1005, 7001, 19.27, 0, 0x0000000000000000
2026/09/26 03:11:40.692, P3, 1005, 7001, 19.27, 0, 0x0000000000000000
2026/09/26 03:11:40.755, P3, 1005, 7001, 19.27, 0, 0x0000000000000000
2026/09/26 03:11:40.816, P3, 1005, 7001, 19.27, 0, 0x0000000000000000
2026/09/26 03:11:40.879, P3, 1005, 7001, 19.27, 0, 0x0000000000000000
2026/09/26 03:11:40.942, P3, 832, 7001, 16.05, 0, 0x0000000000000000
2026/09/26 03:11:41.003, P3, 832, 7001, 16.05, 0, 0x0000000000000000
2026/09/26 03:11:41.065, P3, 832, 7001, 16.05, 0, 0x0000000000000000
2026/09/26 03:11:41.128, P3, 832, 7001, 16.05, 0, 0x0000000000000000
2026/09/26 03:11:41.189, P3, 832, 7001, 16.05, 0, 0x0000000000000000
2026/09/26 03:11:41.252, P3, 832, 7001, 16.05, 0, 0x0000000000000000
2026/09/26 03:11:41.315, P3, 832, 7001, 16.05, 0, 0x0000000000000000
2026/09/26 03:11:41.377, P3, 832, 7001, 16.05, 0, 0x0000000000000000
2026/09/26 03:11:41.440, P1, 1762, 14001, 17.16, 5, 0x0000000000000000
2026/09/26 03:11:41.502, P1, 1762, 14001, 17.16, 5, 0x0000000000000000
2026/09/26 03:11:41.564, P1, 1762, 14001, 17.16, 5, 0x0000000000000000
2026/09/26 03:11:41.626, P1, 1762, 14001, 17.16, 5, 0x0000000000000000
2026/09/26 03:11:41.688, P1, 1762, 14001, 17.16, 5, 0x0000000000000000
2026/09/26 03:11:41.751, P1, 1762, 14001, 17.16, 5, 0x0000000000000000
2026/09/26 03:11:41.813, P1, 1762, 14001, 17.16, 5, 0x0000000000000000
2026/09/26 03:11:41.875, P1, 1762, 14001, 17.16, 5, 0x0000000000000000
2026/09/26 03:11:41.937, P0, 2535, 14201, 23.55, 0, 0x0000000000000000
2026/09/26 03:11:42.000, P0, 2535, 14201, 23.55, 0, 0x0000000000000000
2026/09/26 03:11:42.061, P0, 2535, 14201, 23.55, 0, 0x0000000000000000
2026/09/26 03:11:42.124, P0, 2535, 14201, 23.55, 0, 0x0000000000000000
2026/09/26 03:11:42.188, P0, 2535, 14201, 23.55, 0, 0x0000000000000000
2026/09/26 03:11:42.251, P0, 2535, 14201, 23.55, 0, 0x0000000000000000
2026/09/26 03:11:42.313, P0, 2535, 14201, 23.55, 0, 0x0000000000000000
2026/09/26 03:11:42.375, P0, 2535, 14201, 23.55, 0, 0x0000000000000000
2026/09/26 03:11:42.437, P0, 2535, 14201, 28.28, 0, 0x0000000000000000
2026/09/26 03:11:42.499, P0, 2535, 14201, 28.28, 0, 0x0000000000000000
2026/09/26 03:11:42.563, P0, 2535, 14201, 28.28, 0, 0x0000000000000000
2026/09/26 03:11:42.625, P0, 2535, 14201, 28.28, 0, 0x0000000000000000
2026/09/26 03:11:42.687, P0, 2535, 14201, 28.28, 0, 0x0000000000000000
2026/09/26 03:11:42.750, P0, 2535, 14201, 28.28, 0, 0x0000000000000000
2026/09/26 03:11:42.812, P0, 2535, 14201, 28.28, 0, 0x0000000000000000
2026/09/26 03:11:42.875, P0, 2535, 14201, 28.28, 0, 0x0000000000000000
2026/09/26 03:11:42.937, P0, 2527, 14201, 26.42, 0, 0x0000000000000000
2026/09/26 03:11:43.001, P0, 2527, 14201, 26.42, 0, 0x0000000000000000
2026/09/26 03:11:43.064, P0, 2527, 14201, 26.42, 0, 0x0000000000000000
2026/09/26 03:11:43.127, P0, 2527, 14201, 26.42, 0, 0x0000000000000000
2026/09/26 03:11:43.189, P0, 2527, 14201, 26.42, 0, 0x0000000000000000
2026/09/26 03:11:43.252, P0, 2527, 14201, 26.42, 0, 0x0000000000000000
2026/09/26 03:11:43.314, P0, 2527, 14201, 26.42, 0, 0x0000000000000000
2026/09/26 03:11:43.375, P0, 2527, 14201, 26.42, 0, 0x0000000000000000
2026/09/26 03:11:43.437, P0, 2535, 14201, 26.38, 0, 0x0000000000000000
2026/09/26 03:11:43.499, P0, 2535, 14201, 26.38, 0, 0x0000000000000000
2026/09/26 03:11:43.562, P0, 2535, 14201, 26.38, 0, 0x0000000000000000
2026/09/26 03:11:43.624, P0, 2535, 14201, 26.38, 0, 0x0000000000000000
2026/09/26 03:11:43.685, P0, 2535, 14201, 26.38, 0, 0x0000000000000000
2026/09/26 03:11:43.747, P0, 2535, 14201, 26.38, 0, 0x0000000000000000
2026/09/26 03:11:43.809, P0, 2535, 14201, 26.38, 0, 0x0000000000000000
2026/09/26 03:11:43.871, P0, 2535, 14201, 26.38, 0, 0x0000000000000000
2026/09/26 03:11:43.935, P3, 802, 7001, 24.46, 0, 0x0000000000000000
2026/09/26 03:11:43.996, P3, 802, 7001, 24.46, 0, 0x0000000000000000
2026/09/26 03:11:44.058, P3, 802, 7001, 24.46, 0, 0x0000000000000000
2026/09/26 03:11:44.119, P3, 802, 7001, 24.46, 0, 0x0000000000000000
2026/09/26 03:11:44.182, P3, 802, 7001, 24.46, 0, 0x0000000000000000
2026/09/26 03:11:44.244, P3, 802, 7001, 24.46, 0, 0x0000000000000000
2026/09/26 03:11:44.306, P3, 802, 7001, 24.46, 0, 0x0000000000000000
2026/09/26 03:11:44.368, P3, 802, 7001, 24.46, 0, 0x0000000000000000
2026/09/26 03:11:44.431, P3, 675, 7001, 19.27, 0, 0x0000000000000000
2026/09/26 03:11:44.494, P3, 675, 7001, 19.27, 0, 0x0000000000000000
2026/09/26 03:11:44.557, P3, 675, 7001, 19.27, 0, 0x0000000000000000
2026/09/26 03:11:44.618, P3, 675, 7001, 19.27, 0, 0x0000000000000000
2026/09/26 03:11:44.680, P3, 675, 7001, 19.27, 0, 0x0000000000000000
2026/09/26 03:11:44.743, P3, 675, 7001, 19.27, 0, 0x0000000000000000
2026/09/26 03:11:44.807, P3, 675, 7001, 19.27, 0, 0x0000000000000000
2026/09/26 03:11:44.870, P3, 675, 7001, 19.27, 0, 0x0000000000000000
2026/09/26 03:11:44.932, P0, 630, 14001, 17.59, 5, 0x0000000000000000
2026/09/26 03:11:44.994, P0, 630, 14001, 17.59, 5, 0x0000000000000000
2026/09/26 03:11:45.058, P0, 630, 14001, 17.59, 5, 0x0000000000000000
2026/09/26 03:11:45.119, P0, 630, 14001, 17.59, 5, 0x0000000000000000
2026/09/26 03:11:45.181, P0, 630, 14001, 17.59, 5, 0x0000000000000000
2026/09/26 03:11:45.243, P0, 630, 14001, 17.59, 5, 0x0000000000000000
2026/09/26 03:11:45.306, P0, 630, 14001, 17.59, 5, 0x0000000000000000
2026/09/26 03:11:45.370, P0, 630, 14001, 17.59, 5, 0x0000000000000000
2026/09/26 03:11:45.433, P1, 2970, 14001, 27.69, 22, 0x0000000000000000
2026/09/26 03:11:45.496, P1, 2970, 14001, 27.69, 22, 0x0000000000000000
2026/09/26 03:11:45.558, P1, 2970, 14001, 27.69, 22, 0x0000000000000000
2026/09/26 03:11:45.620, P1, 2970, 14001, 27.69, 22, 0x0000000000000000
2026/09/26 03:11:45.682, P1, 2970, 14001, 27.69, 22, 0x0000000000000000
2026/09/26 03:11:45.745, P1, 2970, 14001, 27.69, 22, 0x0000000000000000
2026/09/26 03:11:45.809, P1, 2970, 14001, 27.69, 22, 0x0000000000000000
2026/09/26 03:11:45.871, P1, 2970, 14001, 27.69, 22, 0x0000000000000000
2026/09/26 03:11:45.933, P1, 2970, 14001, 39.02, 24, 0x0000000000000000
2026/09/26 03:11:45.996, P1, 2970, 14001, 39.02, 24, 0x0000000000000000
2026/09/26 03:11:46.059, P1, 2970, 14001, 39.02, 24, 0x0000000000000000
2026/09/26 03:11:46.119, P1, 2970, 14001, 39.02, 24, 0x0000000000000000
2026/09/26 03:11:46.182, P1, 2970, 14001, 39.02, 24, 0x0000000000000000
2026/09/26 03:11:46.243, P1, 2970, 14001, 39.02, 24, 0x0000000000000000
2026/09/26 03:11:46.306, P1, 2970, 14001, 39.02, 24, 0x0000000000000000
2026/09/26 03:11:46.368, P1, 2970, 14001, 39.02, 24, 0x0000000000000000
2026/09/26 03:11:46.430, P0, 2745, 14201, 38.43, 9, 0x0000000000000000
2026/09/26 03:11:46.493, P0, 2745, 14201, 38.43, 9, 0x0000000000000000
2026/09/26 03:11:46.557, P0, 2745, 14201, 38.43, 9, 0x0000000000000000
2026/09/26 03:11:46.619, P0, 2745, 14201, 38.43, 9, 0x0000000000000000
2026/09/26 03:11:46.681, P0, 2745, 14201, 38.43, 9, 0x0000000000000000
2026/09/26 03:11:46.743, P0, 2745, 14201, 38.43, 9, 0x0000000000000000
2026/09/26 03:11:46.806, P0, 2745, 14201, 38.43, 9, 0x0000000000000000
2026/09/26 03:11:46.869, P0, 2745, 14201, 38.43, 9, 0x0000000000000000
2026/09/26 03:11:46.933, P0, 2535, 14201, 31.36, 0, 0x0000000000000000
2026/09/26 03:11:46.995, P0, 2535, 14201, 31.36, 0, 0x0000000000000000
2026/09/26 03:11:47.056, P0, 2535, 14201, 31.36, 0, 0x0000000000000000
2026/09/26 03:11:47.119, P0, 2535, 14201, 31.36, 0, 0x0000000000000000
2026/09/26 03:11:47.181, P0, 2535, 14201, 31.36, 0, 0x0000000000000000
2026/09/26 03:11:47.242, P0, 2535, 14201, 31.36, 0, 0x0000000000000000
2026/09/26 03:11:47.304, P0, 2535, 14201, 31.36, 0, 0x0000000000000000
2026/09/26 03:11:47.367, P0, 2535, 14201, 31.36, 0, 0x0000000000000000
2026/09/26 03:11:47.430, P0, 2535, 14201, 26.59, 0, 0x0000000000000000
2026/09/26 03:11:47.492, P0, 2535, 14201, 26.59, 0, 0x0000000000000000
2026/09/26 03:11:47.554, P0, 2535, 14201, 26.59, 0, 0x0000000000000000
2026/09/26 03:11:47.617, P0, 2535, 14201, 26.59, 0, 0x0000000000000000
2026/09/26 03:11:47.681, P0, 2535, 14201, 26.59, 0, 0x0000000000000000
2026/09/26 03:11:47.744, P0, 2535, 14201, 26.59, 0, 0x0000000000000000
2026/09/26 03:11:47.807, P0, 2535, 14201, 26.59, 0, 0x0000000000000000
2026/09/26 03:11:47.870, P0, 2535, 14201, 26.59, 0, 0x0000000000000000
2026/09/26 03:11:47.931, P0, 2535, 14201, 26.48, 0, 0x0000000000000000
2026/09/26 03:11:47.994, P0, 2535, 14201, 26.48, 0, 0x0000000000000000
2026/09/26 03:11:48.057, P0, 2535, 14201, 26.48, 0, 0x0000000000000000
2026/09/26 03:11:48.119, P0, 2535, 14201, 26.48, 0, 0x0000000000000000
2026/09/26 03:11:48.181, P0, 2535, 14201, 26.48, 0, 0x0000000000000000
2026/09/26 03:11:48.244, P0, 2535, 14201, 26.48, 0, 0x0000000000000000
2026/09/26 03:11:48.306, P0, 2535, 14201, 26.48, 0, 0x0000000000000000
2026/09/26 03:11:48.369, P0, 2535, 14201, 26.48, 0, 0x0000000000000000
2026/09/26 03:11:48.431, P0, 2535, 14201, 26.43, 0, 0x0000000000000000
2026/09/26 03:11:48.494, P0, 2535, 14201, 26.43, 0, 0x0000000000000000
2026/09/26 03:11:48.557, P0, 2535, 14201, 26.43, 0, 0x0000000000000000
2026/09/26 03:11:48.619, P0, 2535, 14201, 26.43, 0, 0x0000000000000000
2026/09/26 03:11:48.681, P0, 2535, 14201, 26.43, 0, 0x0000000000000000
2026/09/26 03:11:48.742, P0, 2535, 14201, 26.43, 0, 0x0000000000000000
2026/09/26 03:11:48.804, P0, 2535, 14201, 26.43, 0, 0x0000000000000000
2026/09/26 03:11:48.866, P0, 2535, 14201, 26.43, 0, 0x0000000000000000
2026/09/26 03:11:48.928, P3, 930, 7001, 24.41, 0, 0x0000000000000000
2026/09/26 03:11:48.990, P3, 930, 7001, 24.41, 0, 0x0000000000000000
2026/09/26 03:11:49.053, P3, 930, 7001, 24.41, 0, 0x0000000000000000
2026/09/26 03:11:49.115, P3, 930, 7001, 24.41, 0, 0x0000000000000000
2026/09/26 03:11:49.178, P3, 930, 7001, 24.41, 0, 0x0000000000000000
2026/09/26 03:11:49.240, P3, 930, 7001, 24.41, 0, 0x0000000000000000
2026/09/26 03:11:49.303, P3, 930, 7001, 24.41, 0, 0x0000000000000000
2026/09/26 03:11:49.365, P3, 930, 7001, 24.41, 0, 0x0000000000000000
2026/09/26 03:11:49.428, P0, 802, 7001, 19.19, 0, 0x0000000000000000
2026/09/26 03:11:49.490, P0, 802, 7001, 19.19, 0, 0x0000000000000000
2026/09/26 03:11:49.552, P0, 802, 7001, 19.19, 0, 0x0000000000000000
2026/09/26 03:11:49.614, P0, 802, 7001, 19.19, 0, 0x0000000000000000
2026/09/26 03:11:49.676, P0, 802, 7001, 19.19, 0, 0x0000000000000000
2026/09/26 03:11:49.739, P0, 802, 7001, 19.19, 0, 0x0000000000000000
2026/09/26 03:11:49.801, P0, 802, 7001, 19.19, 0, 0x0000000000000000
2026/09/26 03:11:49.862, P0, 802, 7001, 19.19, 0, 0x0000000000000000
2026/09/26 03:11:49.925, P0, 2625, 14201, 22.03, 5, 0x0000000000000000
2026/09/26 03:11:49.986, P0, 2625, 14201, 22.03, 5, 0x0000000000000000
2026/09/26 03:11:50.048, P0, 2625, 14201, 22.03, 5, 0x0000000000000000
2026/09/26 03:11:50.110, P0, 2625, 14201, 22.03, 5, 0x0000000000000000
2026/09/26 03:11:50.173, P0, 2625, 14201, 22.03, 5, 0x0000000000000000
2026/09/26 03:11:50.235, P0, 2625, 14201, 22.03, 5, 0x0000000000000000
2026/09/26 03:11:50.297, P0, 2625, 14201, 22.03, 5, 0x0000000000000000
2026/09/26 03:11:50.360, P0, 2625, 14201, 22.03, 5, 0x0000000000000000
2026/09/26 03:11:50.422, P0, 2925, 14201, 33.95, 23, 0x0000000000000000
2026/09/26 03:11:50.484, P0, 2925, 14201, 33.95, 23, 0x0000000000000000
2026/09/26 03:11:50.547, P0, 2925, 14201, 33.95, 23, 0x0000000000000000
2026/09/26 03:11:50.610, P0, 2925, 14201, 33.95, 23, 0x0000000000000000
2026/09/26 03:11:50.672, P0, 2925, 14201, 33.95, 23, 0x0000000000000000
2026/09/26 03:11:50.735, P0, 2925, 14201, 33.95, 23, 0x0000000000000000
2026/09/26 03:11:50.798, P0, 2925, 14201, 33.95, 23, 0x0000000000000000
2026/09/26 03:11:50.860, P0, 2925, 14201, 33.95, 23, 0x0000000000000000
2026/09/26 03:11:50.922, P0, 2535, 14201, 33.86, 0, 0x0000000000000000
2026/09/26 03:11:50.983, P0, 2535, 14201, 33.86, 0, 0x0000000000000000
2026/09/26 03:11:51.047, P0, 2535, 14201, 33.86, 0, 0x0000000000000000
2026/09/26 03:11:51.110, P0, 2535, 14201, 33.86, 0, 0x0000000000000000
2026/09/26 03:11:51.172, P0, 2535, 14201, 33.86, 0, 0x0000000000000000
2026/09/26 03:11:51.234, P0, 2535, 14201, 33.86, 0, 0x0000000000000000
2026/09/26 03:11:51.297, P0, 2535, 14201, 33.86, 0, 0x0000000000000000
2026/09/26 03:11:51.359, P0, 2535, 14201, 33.86, 0, 0x0000000000000000
2026/09/26 03:11:51.422, P0, 2535, 14201, 27.28, 0, 0x0000000000000000
2026/09/26 03:11:51.485, P0, 2535, 14201, 27.28, 0, 0x0000000000000000
2026/09/26 03:11:51.549, P0, 2535, 14201, 27.28, 0, 0x0000000000000000
2026/09/26 03:11:51.612, P0, 2535, 14201, 27.28, 0, 0x0000000000000000
2026/09/26 03:11:51.674, P0, 2535, 14201, 27.28, 0, 0x0000000000000000
2026/09/26 03:11:51.736, P0, 2535, 14201, 27.28, 0, 0x0000000000000000
2026/09/26 03:11:51.798, P0, 2535, 14201, 27.28, 0, 0x0000000000000000
2026/09/26 03:11:51.859, P0, 2535, 14201, 27.28, 0, 0x0000000000000000
2026/09/26 03:11:51.921, P0, 2527, 14201, 26.62, 0, 0x0000000000000000
2026/09/26 03:11:51.983, P0, 2527, 14201, 26.62, 0, 0x0000000000000000
2026/09/26 03:11:52.044, P0, 2527, 14201, 26.62, 0, 0x0000000000000000
2026/09/26 03:11:52.106, P0, 2527, 14201, 26.62, 0, 0x0000000000000000
2026/09/26 03:11:52.168, P0, 2527, 14201, 26.62, 0, 0x0000000000000000
2026/09/26 03:11:52.230, P0, 2527, 14201, 26.62, 0, 0x0000000000000000
2026/09/26 03:11:52.293, P0, 2527, 14201, 26.62, 0, 0x0000000000000000
2026/09/26 03:11:52.355, P0, 2527, 14201, 26.62, 0, 0x0000000000000000
2026/09/26 03:11:52.416, P0, 2535, 14201, 26.59, 0, 0x0000000000000000
2026/09/26 03:11:52.480, P0, 2535, 14201, 26.59, 0, 0x0000000000000000
2026/09/26 03:11:52.542, P0, 2535, 14201, 26.59, 0, 0x0000000000000000
2026/09/26 03:11:52.605, P0, 2535, 14201, 26.59, 0, 0x0000000000000000
2026/09/26 03:11:52.668, P0, 2535, 14201, 26.59, 0, 0x0000000000000000
2026/09/26 03:11:52.731, P0, 2535, 14201, 26.59, 0, 0x0000000000000000
2026/09/26 03:11:52.792, P0, 2535, 14201, 26.59, 0, 0x0000000000000000
2026/09/26 03:11:52.855, P0, 2535, 14201, 26.59, 0, 0x0000000000000000
2026/09/26 03:11:52.917, P3, 1050, 7001, 24.70, 0, 0x0000000000000000
2026/09/26 03:11:52.980, P3, 1050, 7001, 24.70, 0, 0x0000000000000000
2026/09/26 03:11:53.041, P3, 1050, 7001, 24.70, 0, 0x0000000000000000
2026/09/26 03:11:53.103, P3, 1050, 7001, 24.70, 0, 0x0000000000000000
2026/09/26 03:11:53.167, P3, 1050, 7001, 24.70, 0, 0x0000000000000000
2026/09/26 03:11:53.229, P3, 1050, 7001, 24.70, 0, 0x0000000000000000
2026/09/26 03:11:53.292, P3, 1050, 7001, 24.70, 0, 0x0000000000000000
2026/09/26 03:11:53.355, P3, 1050, 7001, 24.70, 0, 0x0000000000000000
2026/09/26 03:11:53.419, P3, 862, 7001, 19.40, 0, 0x0000000000000000
2026/09/26 03:11:53.481, P3, 862, 7001, 19.40, 0, 0x0000000000000000
2026/09/26 03:11:53.543, P3, 862, 7001, 19.40, 0, 0x0000000000000000
2026/09/26 03:11:53.605, P3, 862, 7001, 19.40, 0, 0x0000000000000000
2026/09/26 03:11:53.668, P3, 862, 7001, 19.40, 0, 0x0000000000000000
2026/09/26 03:11:53.730, P3, 862, 7001, 19.40, 0, 0x0000000000000000
2026/09/26 03:11:53.792, P3, 862, 7001, 19.40, 0, 0x0000000000000000
2026/09/26 03:11:53.855, P3, 862, 7001, 19.40, 0, 0x0000000000000000
2026/09/26 03:11:53.917, P1, 2797, 14001, 22.11, 14, 0x0000000000000000
2026/09/26 03:11:53.981, P1, 2797, 14001, 22.11, 14, 0x0000000000000000
2026/09/26 03:11:54.043, P1, 2797, 14001, 22.11, 14, 0x0000000000000000
2026/09/26 03:11:54.105, P1, 2797, 14001, 22.11, 14, 0x0000000000000000
2026/09/26 03:11:54.167, P1, 2797, 14001, 22.11, 14, 0x0000000000000000
2026/09/26 03:11:54.230, P1, 2797, 14001, 22.11, 14, 0x0000000000000000
2026/09/26 03:11:54.292, P1, 2797, 14001, 22.11, 14, 0x0000000000000000
2026/09/26 03:11:54.356, P1, 2797, 14001, 22.11, 14, 0x0000000000000000
2026/09/26 03:11:54.418, P0, 2760, 14201, 33.01, 8, 0x0000000000000000
2026/09/26 03:11:54.481, P0, 2760, 14201, 33.01, 8, 0x0000000000000000
2026/09/26 03:11:54.543, P0, 2760, 14201, 33.01, 8, 0x0000000000000000
2026/09/26 03:11:54.605, P0, 2760, 14201, 33.01, 8, 0x0000000000000000
2026/09/26 03:11:54.669, P0, 2760, 14201, 33.01, 8, 0x0000000000000000
2026/09/26 03:11:54.731, P0, 2760, 14201, 33.01, 8, 0x0000000000000000
2026/09/26 03:11:54.793, P0, 2760, 14201, 33.01, 8, 0x0000000000000000
2026/09/26 03:11:54.855, P0, 2760, 14201, 33.01, 8, 0x0000000000000000
2026/09/26 03:11:54.918, P0, 2535, 14201, 33.98, 0, 0x0000000000000000
2026/09/26 03:11:54.981, P0, 2535, 14201, 33.98, 0, 0x0000000000000000
2026/09/26 03:11:55.043, P0, 2535, 14201, 33.98, 0, 0x0000000000000000
2026/09/26 03:11:55.105, P0, 2535, 14201, 33.98, 0, 0x0000000000000000
2026/09/26 03:11:55.167, P0, 2535, 14201, 33.98, 0, 0x0000000000000000
2026/09/26 03:11:55.229, P0, 2535, 14201, 33.98, 0, 0x0000000000000000
2026/09/26 03:11:55.291, P0, 2535, 14201, 33.98, 0, 0x0000000000000000
2026/09/26 03:11:55.353, P0, 2535, 14201, 33.98, 0, 0x0000000000000000
2026/09/26 03:11:55.415, P0, 2535, 14201, 27.60, 0, 0x0000000000000000
2026/09/26 03:11:55.477, P0, 2535, 14201, 27.60, 0, 0x0000000000000000
2026/09/26 03:11:55.539, P0, 2535, 14201, 27.60, 0, 0x0000000000000000
2026/09/26 03:11:55.601, P0, 2535, 14201, 27.60, 0, 0x0000000000000000
2026/09/26 03:11:55.663, P0, 2535, 14201, 27.60, 0, 0x0000000000000000
2026/09/26 03:11:55.726, P0, 2535, 14201, 27.60, 0, 0x0000000000000000
2026/09/26 03:11:55.789, P0, 2535, 14201, 27.60, 0, 0x0000000000000000
2026/09/26 03:11:55.852, P0, 2535, 14201, 27.60, 0, 0x0000000000000000
2026/09/26 03:11:55.914, P0, 2535, 14201, 26.53, 0, 0x0000000000000000
2026/09/26 03:11:55.977, P0, 2535, 14201, 26.53, 0, 0x0000000000000000
2026/09/26 03:11:56.039, P0, 2535, 14201, 26.53, 0, 0x0000000000000000
2026/09/26 03:11:56.102, P0, 2535, 14201, 26.53, 0, 0x0000000000000000
2026/09/26 03:11:56.163, P0, 2535, 14201, 26.53, 0, 0x0000000000000000
2026/09/26 03:11:56.225, P0, 2535, 14201, 26.53, 0, 0x0000000000000000
2026/09/26 03:11:56.287, P0, 2535, 14201, 26.53, 0, 0x0000000000000000
2026/09/26 03:11:56.350, P0, 2535, 14201, 26.53, 0, 0x0000000000000000
2026/09/26 03:11:56.413, P0, 2535, 14201, 26.56, 0, 0x0000000000000000
2026/09/26 03:11:56.476, P0, 2535, 14201, 26.56, 0, 0x0000000000000000
2026/09/26 03:11:56.538, P0, 2535, 14201, 26.56, 0, 0x0000000000000000
2026/09/26 03:11:56.602, P0, 2535, 14201, 26.56, 0, 0x0000000000000000
2026/09/26 03:11:56.664, P0, 2535, 14201, 26.56, 0, 0x0000000000000000
2026/09/26 03:11:56.725, P0, 2535, 14201, 26.56, 0, 0x0000000000000000
2026/09/26 03:11:56.788, P0, 2535, 14201, 26.56, 0, 0x0000000000000000
2026/09/26 03:11:56.851, P0, 2535, 14201, 26.56, 0, 0x0000000000000000
2026/09/26 03:11:56.913, P3, 1012, 7001, 24.66, 0, 0x0000000000000000
2026/09/26 03:11:56.976, P3, 1012, 7001, 24.66, 0, 0x0000000000000000
2026/09/26 03:11:57.038, P3, 1012, 7001, 24.66, 0, 0x0000000000000000
2026/09/26 03:11:57.101, P3, 1012, 7001, 24.66, 0, 0x0000000000000000
2026/09/26 03:11:57.165, P3, 1012, 7001, 24.66, 0, 0x0000000000000000
2026/09/26 03:11:57.227, P3, 1012, 7001, 24.66, 0, 0x0000000000000000
2026/09/26 03:11:57.290, P3, 1012, 7001, 24.66, 0, 0x0000000000000000
2026/09/26 03:11:57.353, P3, 1012, 7001, 24.66, 0, 0x0000000000000000
2026/09/26 03:11:57.416, P3, 825, 7001, 20.06, 0, 0x0000000000000000
2026/09/26 03:11:57.479, P3, 825, 7001, 20.06, 0, 0x0000000000000000
2026/09/26 03:11:57.540, P3, 825, 7001, 20.06, 0, 0x0000000000000000
2026/09/26 03:11:57.604, P3, 825, 7001, 20.06, 0, 0x0000000000000000
2026/09/26 03:11:57.666, P3, 825, 7001, 20.06, 0, 0x0000000000000000
2026/09/26 03:11:57.729, P3, 825, 7001, 20.06, 0, 0x0000000000000000
2026/09/26 03:11:57.791, P3, 825, 7001, 20.06, 0, 0x0000000000000000
2026/09/26 03:11:57.853, P3, 825, 7001, 20.06, 0, 0x0000000000000000
2026/09/26 03:11:57.915, P1, 2167, 14001, 21.02, 6, 0x0000000000000000
2026/09/26 03:11:57.978, P1, 2167, 14001, 21.02, 6, 0x0000000000000000
2026/09/26 03:11:58.041, P1, 2167, 14001, 21.02, 6, 0x0000000000000000
2026/09/26 03:11:58.102, P1, 2167, 14001, 21.02, 6, 0x0000000000000000
2026/09/26 03:11:58.164, P1, 2167, 14001, 21.02, 6, 0x0000000000000000
2026/09/26 03:11:58.228, P1, 2167, 14001, 21.02, 6, 0x0000000000000000
2026/09/26 03:11:58.290, P1, 2167, 14001, 21.02, 6, 0x0000000000000000
2026/09/26 03:11:58.351, P1, 2167, 14001, 21.02, 6, 0x0000000000000000
2026/09/26 03:11:58.414, P1, 2707, 14001, 28.12, 3, 0x0000000000000000
2026/09/26 03:11:58.477, P1, 2707, 14001, 28.12, 3, 0x0000000000000000
2026/09/26 03:11:58.540, P1, 2707, 14001, 28.12, 3, 0x0000000000000000
2026/09/26 03:11:58.603, P1, 2707, 14001, 28.12, 3, 0x0000000000000000
2026/09/26 03:11:58.666, P1, 2707, 14001, 28.12, 3, 0x0000000000000000
2026/09/26 03:11:58.729, P1, 2707, 14001, 28.12, 3, 0x0000000000000000
2026/09/26 03:11:58.791, P1, 2707, 14001, 28.12, 3, 0x0000000000000000
2026/09/26 03:11:58.853, P1, 2707, 14001, 28.12, 3, 0x0000000000000000
2026/09/26 03:11:58.915, P0, 2970, 14201, 36.32, 5, 0x0000000000000000
2026/09/26 03:11:58.976, P0, 2970, 14201, 36.32, 5, 0x0000000000000000
2026/09/26 03:11:59.038, P0, 2970, 14201, 36.32, 5, 0x0000000000000000
2026/09/26 03:11:59.101, P0, 2970, 14201, 36.32, 5, 0x0000000000000000
2026/09/26 03:11:59.163, P0, 2970, 14201, 36.32, 5, 0x0000000000000000
2026/09/26 03:11:59.226, P0, 2970, 14201, 36.32, 5, 0x0000000000000000
2026/09/26 03:11:59.287, P0, 2970, 14201, 36.32, 5, 0x0000000000000000
2026/09/26 03:11:59.350, P0, 2970, 14201, 36.32, 5, 0x0000000000000000
2026/09/26 03:11:59.413, P0, 2535, 14201, 33.32, 0, 0x0000000000000000
2026/09/26 03:11:59.475, P0, 2535, 14201, 33.32, 0, 0x0000000000000000
2026/09/26 03:11:59.537, P0, 2535, 14201, 33.32, 0, 0x0000000000000000
2026/09/26 03:11:59.600, P0, 2535, 14201, 33.32, 0, 0x0000000000000000
2026/09/26 03:11:59.663, P0, 2535, 14201, 33.32, 0, 0x0000000000000000
2026/09/26 03:11:59.726, P0, 2535, 14201, 33.32, 0, 0x0000000000000000
2026/09/26 03:11:59.790, P0, 2535, 14201, 33.32, 0, 0x0000000000000000
2026/09/26 03:11:59.852, P0, 2535, 14201, 33.32, 0, 0x0000000000000000
2026/09/26 03:11:59.916, P0, 2535, 14201, 27.14, 0, 0x0000000000000000
2026/09/26 03:11:59.978, P0, 2535, 14201, 27.14, 0, 0x0000000000000000
2026/09/26 03:12:00.041, P0, 2535, 14201, 27.14, 0, 0x0000000000000000
2026/09/26 03:12:00.102, P0, 2535, 14201, 27.14, 0, 0x0000000000000000
2026/09/26 03:12:00.165, P0, 2535, 14201, 27.14, 0, 0x0000000000000000
2026/09/26 03:12:00.228, P0, 2535, 14201, 27.14, 0, 0x0000000000000000
2026/09/26 03:12:00.290, P0, 2535, 14201, 27.14, 0, 0x0000000000000000
2026/09/26 03:12:00.352, P0, 2535, 14201, 27.14, 0, 0x0000000000000000
2026/09/26 03:12:00.414, P0, 2535, 14201, 26.47, 0, 0x0000000000000000
2026/09/26 03:12:00.476, P0, 2535, 14201, 26.47, 0, 0x0000000000000000
2026/09/26 03:12:00.538, P0, 2535, 14201, 26.47, 0, 0x0000000000000000
2026/09/26 03:12:00.601, P0, 2535, 14201, 26.47, 0, 0x0000000000000000
2026/09/26 03:12:00.663, P0, 2535, 14201, 26.47, 0, 0x0000000000000000
2026/09/26 03:12:00.726, P0, 2535, 14201, 26.47, 0, 0x0000000000000000
2026/09/26 03:12:00.788, P0, 2535, 14201, 26.47, 0, 0x0000000000000000
2026/09/26 03:12:00.849, P0, 2535, 14201, 26.47, 0, 0x0000000000000000
2026/09/26 03:12:00.911, P3, 1117, 7001, 24.48, 0, 0x0000000000000000
2026/09/26 03:12:00.972, P3, 1117, 7001, 24.48, 0, 0x0000000000000000
2026/09/26 03:12:01.034, P3, 1117, 7001, 24.48, 0, 0x0000000000000000
2026/09/26 03:12:01.097, P3, 1117, 7001, 24.48, 0, 0x0000000000000000
2026/09/26 03:12:01.161, P3, 1117, 7001, 24.48, 0, 0x0000000000000000
2026/09/26 03:12:01.223, P3, 1117, 7001, 24.48, 0, 0x0000000000000000
2026/09/26 03:12:01.285, P3, 1117, 7001, 24.48, 0, 0x0000000000000000
2026/09/26 03:12:01.347, P3, 1117, 7001, 24.48, 0, 0x0000000000000000
2026/09/26 03:12:01.409, P3, 1117, 7001, 24.48, 0, 0x0000000000000000
2026/09/26 03:12:01.471, P3, 930, 7001, 19.35, 0, 0x0000000000000000
2026/09/26 03:12:01.534, P3, 930, 7001, 19.35, 0, 0x0000000000000000
2026/09/26 03:12:01.596, P3, 930, 7001, 19.35, 0, 0x0000000000000000
2026/09/26 03:12:01.659, P3, 930, 7001, 19.35, 0, 0x0000000000000000
2026/09/26 03:12:01.723, P3, 930, 7001, 19.35, 0, 0x0000000000000000
2026/09/26 03:12:01.784, P3, 930, 7001, 19.35, 0, 0x0000000000000000
2026/09/26 03:12:01.847, P3, 930, 7001, 19.35, 0, 0x0000000000000000
2026/09/26 03:12:01.911, P0, 1027, 14001, 16.06, 2, 0x0000000000000000
2026/09/26 03:12:01.974, P0, 1027, 14001, 16.06, 2, 0x0000000000000000
2026/09/26 03:12:02.039, P0, 1027, 14001, 16.06, 2, 0x0000000000000000
2026/09/26 03:12:02.101, P0, 1027, 14001, 16.06, 2, 0x0000000000000000
2026/09/26 03:12:02.163, P0, 1027, 14001, 16.06, 2, 0x0000000000000000
2026/09/26 03:12:02.226, P0, 1027, 14001, 16.06, 2, 0x0000000000000000
2026/09/26 03:12:02.289, P0, 1027, 14001, 16.06, 2, 0x0000000000000000
2026/09/26 03:12:02.352, P0, 1027, 14001, 16.06, 2, 0x0000000000000000
2026/09/26 03:12:02.414, P0, 2670, 14201, 22.71, 6, 0x0000000000000000
2026/09/26 03:12:02.476, P0, 2670, 14201, 22.71, 6, 0x0000000000000000
2026/09/26 03:12:02.538, P0, 2670, 14201, 22.71, 6, 0x0000000000000000
2026/09/26 03:12:02.601, P0, 2670, 14201, 22.71, 6, 0x0000000000000000
2026/09/26 03:12:02.665, P0, 2670, 14201, 22.71, 6, 0x0000000000000000
2026/09/26 03:12:02.727, P0, 2670, 14201, 22.71, 6, 0x0000000000000000
2026/09/26 03:12:02.789, P0, 2670, 14201, 22.71, 6, 0x0000000000000000
2026/09/26 03:12:02.852, P0, 2670, 14201, 22.71, 6, 0x0000000000000000
2026/09/26 03:12:02.914, P0, 2535, 14201, 27.47, 0, 0x0000000000000000
2026/09/26 03:12:02.978, P0, 2535, 14201, 27.47, 0, 0x0000000000000000
2026/09/26 03:12:03.039, P0, 2535, 14201, 27.47, 0, 0x0000000000000000
2026/09/26 03:12:03.103, P0, 2535, 14201, 27.47, 0, 0x0000000000000000
2026/09/26 03:12:03.166, P0, 2535, 14201, 27.47, 0, 0x0000000000000000
2026/09/26 03:12:03.228, P0, 2535, 14201, 27.47, 0, 0x0000000000000000
2026/09/26 03:12:03.291, P0, 2535, 14201, 27.47, 0, 0x0000000000000000
2026/09/26 03:12:03.356, P0, 2535, 14201, 27.47, 0, 0x0000000000000000
2026/09/26 03:12:03.419, P0, 2535, 14201, 26.46, 0, 0x0000000000000000
2026/09/26 03:12:03.481, P0, 2535, 14201, 26.46, 0, 0x0000000000000000
2026/09/26 03:12:03.543, P0, 2535, 14201, 26.46, 0, 0x0000000000000000
2026/09/26 03:12:03.606, P0, 2535, 14201, 26.46, 0, 0x0000000000000000
2026/09/26 03:12:03.668, P0, 2535, 14201, 26.46, 0, 0x0000000000000000
2026/09/26 03:12:03.732, P0, 2535, 14201, 26.46, 0, 0x0000000000000000
2026/09/26 03:12:03.793, P0, 2535, 14201, 26.46, 0, 0x0000000000000000
2026/09/26 03:12:03.855, P0, 2535, 14201, 26.46, 0, 0x0000000000000000
2026/09/26 03:12:03.917, P0, 2527, 14201, 26.37, 0, 0x0000000000000000
2026/09/26 03:12:03.980, P0, 2527, 14201, 26.37, 0, 0x0000000000000000
2026/09/26 03:12:04.041, P0, 2527, 14201, 26.37, 0, 0x0000000000000000
2026/09/26 03:12:04.104, P0, 2527, 14201, 26.37, 0, 0x0000000000000000
2026/09/26 03:12:04.166, P0, 2527, 14201, 26.37, 0, 0x0000000000000000
2026/09/26 03:12:04.228, P0, 2527, 14201, 26.37, 0, 0x0000000000000000
2026/09/26 03:12:04.291, P0, 2527, 14201, 26.37, 0, 0x0000000000000000
2026/09/26 03:12:04.354, P0, 2527, 14201, 26.37, 0, 0x0000000000000000
2026/09/26 03:12:04.417, P0, 2535, 14201, 26.33, 0, 0x0000000000000000
2026/09/26 03:12:04.479, P0, 2535, 14201, 26.33, 0, 0x0000000000000000
2026/09/26 03:12:04.542, P0, 2535, 14201, 26.33, 0, 0x0000000000000000
2026/09/26 03:12:04.604, P0, 2535, 14201, 26.33, 0, 0x0000000000000000
2026/09/26 03:12:04.666, P0, 2535, 14201, 26.33, 0, 0x0000000000000000
2026/09/26 03:12:04.728, P0, 2535, 14201, 26.33, 0, 0x0000000000000000
2026/09/26 03:12:04.791, P0, 2535, 14201, 26.33, 0, 0x0000000000000000
2026/09/26 03:12:04.853, P0, 2535, 14201, 26.33, 0, 0x0000000000000000
2026/09/26 03:12:04.915, P3, 802, 7001, 24.42, 0, 0x0000000000000000
2026/09/26 03:12:04.978, P3, 802, 7001, 24.42, 0, 0x0000000000000000
2026/09/26 03:12:05.041, P3, 802, 7001, 24.42, 0, 0x0000000000000000
2026/09/26 03:12:05.103, P3, 802, 7001, 24.42, 0, 0x0000000000000000
2026/09/26 03:12:05.165, P3, 802, 7001, 24.42, 0, 0x0000000000000000
2026/09/26 03:12:05.227, P3, 802, 7001, 24.42, 0, 0x0000000000000000
2026/09/26 03:12:05.289, P3, 802, 7001, 24.42, 0, 0x0000000000000000
2026/09/26 03:12:05.351, P3, 802, 7001, 24.42, 0, 0x0000000000000000
2026/09/26 03:12:05.415, P3, 652, 7001, 19.89, 0, 0x0000000000000000
2026/09/26 03:12:05.476, P3, 652, 7001, 19.89, 0, 0x0000000000000000
2026/09/26 03:12:05.539, P3, 652, 7001, 19.89, 0, 0x0000000000000000
2026/09/26 03:12:05.602, P3, 652, 7001, 19.89, 0, 0x0000000000000000
2026/09/26 03:12:05.664, P3, 652, 7001, 19.89, 0, 0x0000000000000000
2026/09/26 03:12:05.726, P3, 652, 7001, 19.89, 0, 0x0000000000000000
2026/09/26 03:12:05.789, P3, 652, 7001, 19.89, 0, 0x0000000000000000
2026/09/26 03:12:05.851, P3, 652, 7001, 19.89, 0, 0x0000000000000000
2026/09/26 03:12:05.913, P1, 2970, 14001, 24.43, 21, 0x0000000000000000
2026/09/26 03:12:05.975, P1, 2970, 14001, 24.43, 21, 0x0000000000000000
2026/09/26 03:12:06.037, P1, 2970, 14001, 24.43, 21, 0x0000000000000000
2026/09/26 03:12:06.099, P1, 2970, 14001, 24.43, 21, 0x0000000000000000
2026/09/26 03:12:06.162, P1, 2970, 14001, 24.43, 21, 0x0000000000000000
2026/09/26 03:12:06.224, P1, 2970, 14001, 24.43, 21, 0x0000000000000000
2026/09/26 03:12:06.287, P1, 2970, 14001, 24.43, 21, 0x0000000000000000
2026/09/26 03:12:06.349, P1, 2970, 14001, 24.43, 21, 0x0000000000000000
2026/09/26 03:12:06.412, P1, 2970, 14001, 35.20, 21, 0x0000000000000000
2026/09/26 03:12:06.474, P1, 2970, 14001, 35.20, 24, 0x0000000000000000
2026/09/26 03:12:06.538, P1, 2970, 14001, 35.20, 24, 0x0000000000000000
2026/09/26 03:12:06.601, P1, 2970, 14001, 35.20, 24, 0x0000000000000000
2026/09/26 03:12:06.663, P1, 2970, 14001, 35.20, 24, 0x0000000000000000
2026/09/26 03:12:06.727, P1, 2970, 14001, 35.20, 24, 0x0000000000000000
2026/09/26 03:12:06.787, P1, 2970, 14001, 35.20, 24, 0x0000000000000000
2026/09/26 03:12:06.851, P1, 2970, 14001, 35.20, 24, 0x0000000000000000
2026/09/26 03:12:06.913, P0, 2527, 14201, 37.71, 0, 0x0000000000000000
2026/09/26 03:12:06.976, P0, 2527, 14201, 37.71, 0, 0x0000000000000000
2026/09/26 03:12:07.038, P0, 2527, 14201, 37.71, 0, 0x0000000000000000
2026/09/26 03:12:07.100, P0, 2527, 14201, 37.71, 0, 0x0000000000000000
2026/09/26 03:12:07.162, P0, 2527, 14201, 37.71, 0, 0x0000000000000000
2026/09/26 03:12:07.224, P0, 2527, 14201, 37.71, 0, 0x0000000000000000
2026/09/26 03:12:07.287, P0, 2527, 14201, 37.71, 0, 0x0000000000000000
2026/09/26 03:12:07.350, P0, 2527, 14201, 37.71, 0, 0x0000000000000000
2026/09/26 03:12:07.412, P0, 2535, 14201, 31.17, 0, 0x0000000000000000
2026/09/26 03:12:07.474, P0, 2535, 14201, 31.17, 0, 0x0000000000000000
2026/09/26 03:12:07.536, P0, 2535, 14201, 31.17, 0, 0x0000000000000000
2026/09/26 03:12:07.599, P0, 2535, 14201, 31.17, 0, 0x0000000000000000
2026/09/26 03:12:07.661, P0, 2535, 14201, 31.17, 0, 0x0000000000000000
2026/09/26 03:12:07.725, P0, 2535, 14201, 31.17, 0, 0x0000000000000000
2026/09/26 03:12:07.788, P0, 2535, 14201, 31.17, 0, 0x0000000000000000
2026/09/26 03:12:07.849, P0, 2535, 14201, 31.17, 0, 0x0000000000000000
2026/09/26 03:12:07.911, P0, 2535, 14201, 31.17, 0, 0x0000000000000000
2026/09/26 03:12:07.974, P0, 2535, 14201, 26.60, 0, 0x0000000000000000
2026/09/26 03:12:08.035, P0, 2535, 14201, 26.60, 0, 0x0000000000000000
2026/09/26 03:12:08.099, P0, 2535, 14201, 26.60, 0, 0x0000000000000000
2026/09/26 03:12:08.161, P0, 2535, 14201, 26.60, 0, 0x0000000000000000
2026/09/26 03:12:08.223, P0, 2535, 14201, 26.60, 0, 0x0000000000000000
2026/09/26 03:12:08.285, P0, 2535, 14201, 26.60, 0, 0x0000000000000000
2026/09/26 03:12:08.347, P0, 2535, 14201, 26.60, 0, 0x0000000000000000
2026/09/26 03:12:08.411, P0, 2535, 14201, 26.60, 0, 0x0000000000000000
2026/09/26 03:12:08.473, P0, 2535, 14201, 26.65, 0, 0x0000000000000000
2026/09/26 03:12:08.534, P0, 2535, 14201, 26.65, 0, 0x0000000000000000
2026/09/26 03:12:08.595, P0, 2535, 14201, 26.65, 0, 0x0000000000000000
2026/09/26 03:12:08.656, P0, 2535, 14201, 26.65, 0, 0x0000000000000000
2026/09/26 03:12:08.718, P0, 2535, 14201, 26.65, 0, 0x0000000000000000
2026/09/26 03:12:08.780, P0, 2535, 14201, 26.65, 0, 0x0000000000000000
2026/09/26 03:12:08.842, P0, 2535, 14201, 26.65, 0, 0x0000000000000000
2026/09/26 03:12:08.905, P0, 2535, 14201, 26.65, 0, 0x0000000000000000
2026/09/26 03:12:08.967, P3, 1080, 7001, 24.68, 0, 0x0000000000000000
2026/09/26 03:12:09.030, P3, 1080, 7001, 24.68, 0, 0x0000000000000000
2026/09/26 03:12:09.092, P3, 1080, 7001, 24.68, 0, 0x0000000000000000
2026/09/26 03:12:09.155, P3, 1080, 7001, 24.68, 0, 0x0000000000000000
2026/09/26 03:12:09.217, P3, 1080, 7001, 24.68, 0, 0x0000000000000000
2026/09/26 03:12:09.280, P3, 1080, 7001, 24.68, 0, 0x0000000000000000
2026/09/26 03:12:09.343, P3, 1080, 7001, 24.68, 0, 0x0000000000000000
2026/09/26 03:12:09.406, P3, 1080, 7001, 24.68, 0, 0x0000000000000000
2026/09/26 03:12:09.469, P3, 877, 7001, 19.40, 0, 0x0000000000000000
2026/09/26 03:12:09.531, P3, 877, 7001, 19.40, 0, 0x0000000000000000
2026/09/26 03:12:09.594, P3, 877, 7001, 19.40, 0, 0x0000000000000000
2026/09/26 03:12:09.657, P3, 877, 7001, 19.40, 0, 0x0000000000000000
2026/09/26 03:12:09.720, P3, 877, 7001, 19.40, 0, 0x0000000000000000
2026/09/26 03:12:09.783, P3, 877, 7001, 19.40, 0, 0x0000000000000000
2026/09/26 03:12:09.845, P3, 877, 7001, 19.40, 0, 0x0000000000000000
2026/09/26 03:12:09.907, P3, 877, 7001, 19.40, 0, 0x0000000000000000
2026/09/26 03:12:09.969, P0, 2287, 14201, 17.74, 3, 0x0000000000000000
2026/09/26 03:12:10.030, P0, 2287, 14201, 17.74, 3, 0x0000000000000000
2026/09/26 03:12:10.093, P0, 2287, 14201, 17.74, 3, 0x0000000000000000
2026/09/26 03:12:10.155, P0, 2287, 14201, 17.74, 3, 0x0000000000000000
2026/09/26 03:12:10.218, P0, 2287, 14201, 17.74, 3, 0x0000000000000000
2026/09/26 03:12:10.280, P0, 2287, 14201, 17.74, 3, 0x0000000000000000
2026/09/26 03:12:10.343, P0, 2287, 14201, 17.74, 3, 0x0000000000000000
2026/09/26 03:12:10.406, P0, 2287, 14201, 17.74, 3, 0x0000000000000000
2026/09/26 03:12:10.469, P0, 2775, 14201, 26.23, 8, 0x0000000000000000
2026/09/26 03:12:10.531, P0, 2775, 14201, 26.23, 8, 0x0000000000000000
2026/09/26 03:12:10.594, P0, 2775, 14201, 26.23, 8, 0x0000000000000000
2026/09/26 03:12:10.657, P0, 2775, 14201, 26.23, 8, 0x0000000000000000
2026/09/26 03:12:10.718, P0, 2775, 14201, 26.23, 8, 0x0000000000000000
2026/09/26 03:12:10.782, P0, 2775, 14201, 26.23, 8, 0x0000000000000000
2026/09/26 03:12:10.845, P0, 2775, 14201, 26.23, 8, 0x0000000000000000
2026/09/26 03:12:10.909, P0, 2775, 14201, 26.23, 8, 0x0000000000000000
2026/09/26 03:12:10.972, P1, 2970, 14001, 35.42, 21, 0x0000000000000000
2026/09/26 03:12:11.034, P1, 2970, 14001, 35.42, 21, 0x0000000000000000
2026/09/26 03:12:11.096, P1, 2970, 14001, 35.42, 21, 0x0000000000000000
2026/09/26 03:12:11.158, P1, 2970, 14001, 35.42, 21, 0x0000000000000000
2026/09/26 03:12:11.221, P1, 2970, 14001, 35.42, 21, 0x0000000000000000
2026/09/26 03:12:11.284, P1, 2970, 14001, 35.42, 21, 0x0000000000000000
2026/09/26 03:12:11.347, P1, 2970, 14001, 35.42, 21, 0x0000000000000000
2026/09/26 03:12:11.409, P1, 2970, 14001, 35.42, 21, 0x0000000000000000
2026/09/26 03:12:11.473, P0, 2535, 14201, 35.11, 0, 0x0000000000000000
2026/09/26 03:12:11.535, P0, 2535, 14201, 35.11, 0, 0x0000000000000000
2026/09/26 03:12:11.597, P0, 2535, 14201, 35.11, 0, 0x0000000000000000
2026/09/26 03:12:11.660, P0, 2535, 14201, 35.11, 0, 0x0000000000000000
2026/09/26 03:12:11.722, P0, 2535, 14201, 35.11, 0, 0x0000000000000000
2026/09/26 03:12:11.784, P0, 2535, 14201, 35.11, 0, 0x0000000000000000
2026/09/26 03:12:11.847, P0, 2535, 14201, 35.11, 0, 0x0000000000000000
2026/09/26 03:12:11.911, P0, 2535, 14201, 35.11, 0, 0x0000000000000000
2026/09/26 03:12:11.974, P0, 2535, 14201, 28.63, 0, 0x0000000000000000
2026/09/26 03:12:12.036, P0, 2535, 14201, 28.63, 0, 0x0000000000000000
2026/09/26 03:12:12.099, P0, 2535, 14201, 28.63, 0, 0x0000000000000000
2026/09/26 03:12:12.161, P0, 2535, 14201, 28.63, 0, 0x0000000000000000
2026/09/26 03:12:12.224, P0, 2535, 14201, 28.63, 0, 0x0000000000000000
2026/09/26 03:12:12.285, P0, 2535, 14201, 28.63, 0, 0x0000000000000000
2026/09/26 03:12:12.348, P0, 2535, 14201, 28.63, 0, 0x0000000000000000
2026/09/26 03:12:12.409, P0, 2535, 14201, 28.63, 0, 0x0000000000000000
2026/09/26 03:12:12.471, P0, 2535, 14201, 26.66, 0, 0x0000000000000000
2026/09/26 03:12:12.532, P0, 2535, 14201, 26.66, 0, 0x0000000000000000
2026/09/26 03:12:12.596, P0, 2535, 14201, 26.66, 0, 0x0000000000000000
2026/09/26 03:12:12.658, P0, 2535, 14201, 26.66, 0, 0x0000000000000000
2026/09/26 03:12:12.720, P0, 2535, 14201, 26.66, 0, 0x0000000000000000
2026/09/26 03:12:12.782, P0, 2535, 14201, 26.66, 0, 0x0000000000000000
2026/09/26 03:12:12.844, P0, 2535, 14201, 26.66, 0, 0x0000000000000000
2026/09/26 03:12:12.906, P0, 2535, 14201, 26.66, 0, 0x0000000000000000
2026/09/26 03:12:12.967, P3, 1132, 7001, 24.77, 0, 0x0000000000000000
2026/09/26 03:12:13.029, P3, 1132, 7001, 24.77, 0, 0x0000000000000000
2026/09/26 03:12:13.091, P3, 1132, 7001, 24.77, 0, 0x0000000000000000
2026/09/26 03:12:13.154, P3, 1132, 7001, 24.77, 0, 0x0000000000000000
2026/09/26 03:12:13.217, P3, 1132, 7001, 24.77, 0, 0x0000000000000000
2026/09/26 03:12:13.280, P3, 1132, 7001, 24.77, 0, 0x0000000000000000
2026/09/26 03:12:13.341, P3, 1132, 7001, 24.77, 0, 0x0000000000000000
2026/09/26 03:12:13.404, P3, 1132, 7001, 24.77, 0, 0x0000000000000000
2026/09/26 03:12:13.468, P3, 945, 7001, 19.34, 0, 0x0000000000000000
2026/09/26 03:12:13.530, P3, 945, 7001, 19.34, 0, 0x0000000000000000
2026/09/26 03:12:13.593, P3, 945, 7001, 19.34, 0, 0x0000000000000000
2026/09/26 03:12:13.655, P3, 945, 7001, 19.34, 0, 0x0000000000000000
2026/09/26 03:12:13.719, P3, 945, 7001, 19.34, 0, 0x0000000000000000
2026/09/26 03:12:13.781, P3, 945, 7001, 19.34, 0, 0x0000000000000000
2026/09/26 03:12:13.843, P3, 945, 7001, 19.34, 0, 0x0000000000000000
2026/09/26 03:12:13.906, P3, 945, 7001, 19.34, 0, 0x0000000000000000
2026/09/26 03:12:13.969, P3, 787, 7001, 16.04, 0, 0x0000000000000000
2026/09/26 03:12:14.031, P3, 787, 7001, 16.04, 0, 0x0000000000000000
2026/09/26 03:12:14.092, P3, 787, 7001, 16.04, 0, 0x0000000000000000
2026/09/26 03:12:14.154, P3, 787, 7001, 16.04, 0, 0x0000000000000000
2026/09/26 03:12:14.216, P3, 787, 7001, 16.04, 0, 0x0000000000000000
2026/09/26 03:12:14.278, P3, 787, 7001, 16.04, 0, 0x0000000000000000
2026/09/26 03:12:14.341, P3, 787, 7001, 16.04, 0, 0x0000000000000000
2026/09/26 03:12:14.404, P3, 787, 7001, 16.04, 0, 0x0000000000000000
2026/09/26 03:12:14.467, P0, 2617, 14201, 19.96, 6, 0x0000000000000000
2026/09/26 03:12:14.528, P0, 2617, 14201, 19.96, 6, 0x0000000000000000
2026/09/26 03:12:14.592, P0, 2617, 14201, 19.96, 6, 0x0000000000000000
2026/09/26 03:12:14.654, P0, 2617, 14201, 19.96, 6, 0x0000000000000000
2026/09/26 03:12:14.716, P0, 2617, 14201, 19.96, 6, 0x0000000000000000
2026/09/26 03:12:14.779, P0, 2617, 14201, 19.96, 6, 0x0000000000000000
2026/09/26 03:12:14.841, P0, 2617, 14201, 19.96, 6, 0x0000000000000000
2026/09/26 03:12:14.903, P0, 2617, 14201, 19.96, 6, 0x0000000000000000
2026/09/26 03:12:14.964, P0, 2535, 14201, 25.13, 0, 0x0000000000000000
2026/09/26 03:12:15.025, P0, 2535, 14201, 25.13, 0, 0x0000000000000000
2026/09/26 03:12:15.088, P0, 2535, 14201, 25.13, 0, 0x0000000000000000
2026/09/26 03:12:15.149, P0, 2535, 14201, 25.13, 0, 0x0000000000000000
2026/09/26 03:12:15.212, P0, 2535, 14201, 25.13, 0, 0x0000000000000000
2026/09/26 03:12:15.274, P0, 2535, 14201, 25.13, 0, 0x0000000000000000
2026/09/26 03:12:15.336, P0, 2535, 14201, 25.13, 0, 0x0000000000000000
2026/09/26 03:12:15.397, P0, 2535, 14201, 25.13, 0, 0x0000000000000000
2026/09/26 03:12:15.458, P0, 2535, 14201, 27.02, 0, 0x0000000000000000
2026/09/26 03:12:15.520, P0, 2535, 14201, 27.02, 0, 0x0000000000000000
2026/09/26 03:12:15.582, P0, 2535, 14201, 27.02, 0, 0x0000000000000000
2026/09/26 03:12:15.645, P0, 2535, 14201, 27.02, 0, 0x0000000000000000
2026/09/26 03:12:15.707, P0, 2535, 14201, 27.02, 0, 0x0000000000000000
2026/09/26 03:12:15.771, P0, 2535, 14201, 27.02, 0, 0x0000000000000000
2026/09/26 03:12:15.834, P0, 2535, 14201, 27.02, 0, 0x0000000000000000
2026/09/26 03:12:15.897, P0, 2535, 14201, 27.02, 0, 0x0000000000000000
2026/09/26 03:12:15.959, P0, 2527, 14201, 26.53, 0, 0x0000000000000000
2026/09/26 03:12:16.021, P0, 2527, 14201, 26.53, 0, 0x0000000000000000
2026/09/26 03:12:16.083, P0, 2527, 14201, 26.53, 0, 0x0000000000000000
2026/09/26 03:12:16.145, P0, 2527, 14201, 26.53, 0, 0x0000000000000000
2026/09/26 03:12:16.208, P0, 2527, 14201, 26.53, 0, 0x0000000000000000
2026/09/26 03:12:16.271, P0, 2527, 14201, 26.53, 0, 0x0000000000000000
2026/09/26 03:12:16.333, P0, 2527, 14201, 26.53, 0, 0x0000000000000000
2026/09/26 03:12:16.395, P0, 2527, 14201, 26.53, 0, 0x0000000000000000
2026/09/26 03:12:16.457, P0, 2535, 14201, 26.56, 0, 0x0000000000000000
2026/09/26 03:12:16.519, P0, 2535, 14201, 26.56, 0, 0x0000000000000000
2026/09/26 03:12:16.580, P0, 2535, 14201, 26.56, 0, 0x0000000000000000
2026/09/26 03:12:16.644, P0, 2535, 14201, 26.56, 0, 0x0000000000000000
2026/09/26 03:12:16.707, P0, 2535, 14201, 26.56, 0, 0x0000000000000000
2026/09/26 03:12:16.769, P0, 2535, 14201, 26.56, 0, 0x0000000000000000
2026/09/26 03:12:16.832, P0, 2535, 14201, 26.56, 0, 0x0000000000000000
2026/09/26 03:12:16.895, P0, 2535, 14201, 26.56, 0, 0x0000000000000000
2026/09/26 03:12:16.957, P3, 772, 7001, 24.81, 0, 0x0000000000000000
2026/09/26 03:12:17.019, P3, 772, 7001, 24.81, 0, 0x0000000000000000
2026/09/26 03:12:17.082, P3, 772, 7001, 24.81, 0, 0x0000000000000000
2026/09/26 03:12:17.144, P3, 772, 7001, 24.81, 0, 0x0000000000000000
2026/09/26 03:12:17.207, P3, 772, 7001, 24.81, 0, 0x0000000000000000
2026/09/26 03:12:17.269, P3, 772, 7001, 24.81, 0, 0x0000000000000000
2026/09/26 03:12:17.331, P3, 772, 7001, 24.81, 0, 0x0000000000000000
2026/09/26 03:12:17.395, P3, 772, 7001, 24.81, 0, 0x0000000000000000
2026/09/26 03:12:17.459, P3, 630, 7001, 20.01, 0, 0x0000000000000000
2026/09/26 03:12:17.522, P3, 630, 7001, 20.01, 0, 0x0000000000000000
2026/09/26 03:12:17.584, P3, 630, 7001, 20.01, 0, 0x0000000000000000
2026/09/26 03:12:17.647, P3, 630, 7001, 20.01, 0, 0x0000000000000000
2026/09/26 03:12:17.709, P3, 630, 7001, 20.01, 0, 0x0000000000000000
2026/09/26 03:12:17.772, P3, 630, 7001, 20.01, 0, 0x0000000000000000
2026/09/26 03:12:17.835, P3, 630, 7001, 20.01, 0, 0x0000000000000000
2026/09/26 03:12:17.897, P3, 630, 7001, 20.01, 0, 0x0000000000000000
2026/09/26 03:12:17.961, P0, 2730, 14201, 20.03, 4, 0x0000000000000000
2026/09/26 03:12:18.024, P0, 2730, 14201, 20.03, 4, 0x0000000000000000
2026/09/26 03:12:18.088, P0, 2730, 14201, 20.03, 4, 0x0000000000000000
2026/09/26 03:12:18.150, P0, 2730, 14201, 20.03, 4, 0x0000000000000000
2026/09/26 03:12:18.213, P0, 2730, 14201, 20.03, 4, 0x0000000000000000
2026/09/26 03:12:18.276, P0, 2730, 14201, 20.03, 4, 0x0000000000000000
2026/09/26 03:12:18.339, P0, 2730, 14201, 20.03, 4, 0x0000000000000000
2026/09/26 03:12:18.401, P0, 2730, 14201, 20.03, 4, 0x0000000000000000
2026/09/26 03:12:18.464, P1, 2970, 14001, 32.20, 24, 0x0000000000000000
2026/09/26 03:12:18.526, P1, 2970, 14001, 32.20, 24, 0x0000000000000000
2026/09/26 03:12:18.587, P1, 2970, 14001, 32.20, 24, 0x0000000000000000
2026/09/26 03:12:18.649, P1, 2970, 14001, 32.20, 24, 0x0000000000000000
2026/09/26 03:12:18.712, P1, 2970, 14001, 32.20, 24, 0x0000000000000000
2026/09/26 03:12:18.775, P1, 2970, 14001, 32.20, 24, 0x0000000000000000
2026/09/26 03:12:18.837, P1, 2970, 14001, 32.20, 24, 0x0000000000000000
2026/09/26 03:12:18.901, P1, 2970, 14001, 32.20, 24, 0x0000000000000000
2026/09/26 03:12:18.962, P0, 2527, 14201, 36.48, 0, 0x0000000000000000
2026/09/26 03:12:19.024, P0, 2527, 14201, 36.48, 0, 0x0000000000000000
2026/09/26 03:12:19.086, P0, 2527, 14201, 36.48, 0, 0x0000000000000000
2026/09/26 03:12:19.147, P0, 2527, 14201, 36.48, 0, 0x0000000000000000
2026/09/26 03:12:19.208, P0, 2527, 14201, 36.48, 0, 0x0000000000000000
2026/09/26 03:12:19.271, P0, 2527, 14201, 36.48, 0, 0x0000000000000000
2026/09/26 03:12:19.332, P0, 2527, 14201, 36.48, 0, 0x0000000000000000
2026/09/26 03:12:19.395, P0, 2527, 14201, 36.48, 0, 0x0000000000000000
2026/09/26 03:12:19.457, P0, 2535, 14201, 31.29, 0, 0x0000000000000000
2026/09/26 03:12:19.520, P0, 2535, 14201, 31.29, 0, 0x0000000000000000
2026/09/26 03:12:19.582, P0, 2535, 14201, 31.29, 0, 0x0000000000000000
2026/09/26 03:12:19.645, P0, 2535, 14201, 31.29, 0, 0x0000000000000000
2026/09/26 03:12:19.708, P0, 2535, 14201, 31.29, 0, 0x0000000000000000
2026/09/26 03:12:19.769, P0, 2535, 14201, 31.29, 0, 0x0000000000000000
2026/09/26 03:12:19.830, P0, 2535, 14201, 31.29, 0, 0x0000000000000000
2026/09/26 03:12:19.893, P0, 2535, 14201, 31.29, 0, 0x0000000000000000
2026/09/26 03:12:19.957, P0, 2535, 14201, 26.63, 0, 0x0000000000000000
2026/09/26 03:12:20.020, P0, 2535, 14201, 26.63, 0, 0x0000000000000000
2026/09/26 03:12:20.082, P0, 2535, 14201, 26.63, 0, 0x0000000000000000
2026/09/26 03:12:20.145, P0, 2535, 14201, 26.63, 0, 0x0000000000000000
2026/09/26 03:12:20.207, P0, 2535, 14201, 26.63, 0, 0x0000000000000000
2026/09/26 03:12:20.271, P0, 2535, 14201, 26.63, 0, 0x0000000000000000
2026/09/26 03:12:20.333, P0, 2535, 14201, 26.63, 0, 0x0000000000000000
2026/09/26 03:12:20.396, P0, 2535, 14201, 26.63, 0, 0x0000000000000000
2026/09/26 03:12:20.459, P0, 2535, 14201, 26.54, 0, 0x0000000000000000
2026/09/26 03:12:20.521, P0, 2535, 14201, 26.54, 0, 0x0000000000000000
2026/09/26 03:12:20.583, P0, 2535, 14201, 26.54, 0, 0x0000000000000000
2026/09/26 03:12:20.646, P0, 2535, 14201, 26.54, 0, 0x0000000000000000
2026/09/26 03:12:20.709, P0, 2535, 14201, 26.54, 0, 0x0000000000000000
2026/09/26 03:12:20.771, P0, 2535, 14201, 26.54, 0, 0x0000000000000000
2026/09/26 03:12:20.833, P0, 2535, 14201, 26.54, 0, 0x0000000000000000
2026/09/26 03:12:20.895, P0, 2535, 14201, 26.54, 0, 0x0000000000000000
2026/09/26 03:12:20.958, P3, 1080, 7001, 24.72, 0, 0x0000000000000000
2026/09/26 03:12:21.021, P3, 1080, 7001, 24.72, 0, 0x0000000000000000
2026/09/26 03:12:21.083, P3, 1080, 7001, 24.72, 0, 0x0000000000000000
2026/09/26 03:12:21.146, P3, 1080, 7001, 24.72, 0, 0x0000000000000000
2026/09/26 03:12:21.209, P3, 1080, 7001, 24.72, 0, 0x0000000000000000
2026/09/26 03:12:21.271, P3, 1080, 7001, 24.72, 0, 0x0000000000000000
2026/09/26 03:12:21.334, P3, 1080, 7001, 24.72, 0, 0x0000000000000000
2026/09/26 03:12:21.397, P3, 1080, 7001, 24.72, 0, 0x0000000000000000
2026/09/26 03:12:21.459, P3, 877, 7001, 19.27, 0, 0x0000000000000000
2026/09/26 03:12:21.521, P3, 877, 7001, 19.27, 0, 0x0000000000000000
2026/09/26 03:12:21.583, P3, 877, 7001, 19.27, 0, 0x0000000000000000
2026/09/26 03:12:21.646, P3, 877, 7001, 19.27, 0, 0x0000000000000000
2026/09/26 03:12:21.708, P3, 877, 7001, 19.27, 0, 0x0000000000000000
2026/09/26 03:12:21.770, P3, 877, 7001, 19.27, 0, 0x0000000000000000
2026/09/26 03:12:21.831, P3, 877, 7001, 19.27, 0, 0x0000000000000000
2026/09/26 03:12:21.894, P3, 877, 7001, 19.27, 0, 0x0000000000000000
2026/09/26 03:12:21.957, P1, 2077, 14001, 17.39, 5, 0x0000000000000000
2026/09/26 03:12:22.018, P1, 2077, 14001, 17.39, 5, 0x0000000000000000
2026/09/26 03:12:22.081, P1, 2077, 14001, 17.39, 5, 0x0000000000000000
2026/09/26 03:12:22.143, P1, 2077, 14001, 17.39, 5, 0x0000000000000000
2026/09/26 03:12:22.206, P1, 2077, 14001, 17.39, 5, 0x0000000000000000
2026/09/26 03:12:22.268, P1, 2077, 14001, 17.39, 5, 0x0000000000000000
2026/09/26 03:12:22.330, P1, 2077, 14001, 17.39, 5, 0x0000000000000000
2026/09/26 03:12:22.393, P1, 2077, 14001, 17.39, 5, 0x0000000000000000
2026/09/26 03:12:22.456, P1, 2805, 14001, 28.69, 13, 0x0000000000000000
2026/09/26 03:12:22.519, P1, 2805, 14001, 28.69, 13, 0x0000000000000000
2026/09/26 03:12:22.581, P1, 2805, 14001, 28.69, 13, 0x0000000000000000
2026/09/26 03:12:22.644, P1, 2805, 14001, 28.69, 13, 0x0000000000000000
2026/09/26 03:12:22.709, P1, 2805, 14001, 28.69, 13, 0x0000000000000000
2026/09/26 03:12:22.771, P1, 2805, 14001, 28.69, 13, 0x0000000000000000
2026/09/26 03:12:22.833, P1, 2805, 14001, 28.69, 13, 0x0000000000000000
2026/09/26 03:12:22.896, P1, 2805, 14001, 28.69, 13, 0x0000000000000000
2026/09/26 03:12:22.958, P1, 2707, 14001, 36.12, 5, 0x0000000000000000
2026/09/26 03:12:23.020, P1, 2707, 14001, 36.12, 5, 0x0000000000000000
2026/09/26 03:12:23.083, P1, 2707, 14001, 36.12, 5, 0x0000000000000000
2026/09/26 03:12:23.146, P1, 2707, 14001, 36.12, 5, 0x0000000000000000
2026/09/26 03:12:23.209, P1, 2707, 14001, 36.12, 5, 0x0000000000000000
2026/09/26 03:12:23.272, P1, 2707, 14001, 36.12, 5, 0x0000000000000000
2026/09/26 03:12:23.334, P1, 2707, 14001, 36.12, 5, 0x0000000000000000
2026/09/26 03:12:23.396, P1, 2707, 14001, 36.12, 5, 0x0000000000000000
2026/09/26 03:12:23.458, P0, 2535, 14201, 31.14, 0, 0x0000000000000000
2026/09/26 03:12:23.520, P0, 2535, 14201, 31.14, 0, 0x0000000000000000
2026/09/26 03:12:23.582, P0, 2535, 14201, 31.14, 0, 0x0000000000000000
2026/09/26 03:12:23.644, P0, 2535, 14201, 31.14, 0, 0x0000000000000000
2026/09/26 03:12:23.707, P0, 2535, 14201, 31.14, 0, 0x0000000000000000
2026/09/26 03:12:23.770, P0, 2535, 14201, 31.14, 0, 0x0000000000000000
2026/09/26 03:12:23.831, P0, 2535, 14201, 31.14, 0, 0x0000000000000000
2026/09/26 03:12:23.894, P0, 2535, 14201, 31.14, 0, 0x0000000000000000
2026/09/26 03:12:23.956, P0, 2535, 14201, 28.75, 0, 0x0000000000000000
2026/09/26 03:12:24.019, P0, 2535, 14201, 28.75, 0, 0x0000000000000000
2026/09/26 03:12:24.081, P0, 2535, 14201, 28.75, 0, 0x0000000000000000
2026/09/26 03:12:24.143, P0, 2535, 14201, 28.75, 0, 0x0000000000000000
2026/09/26 03:12:24.205, P0, 2535, 14201, 28.75, 0, 0x0000000000000000
2026/09/26 03:12:24.267, P0, 2535, 14201, 28.75, 0, 0x0000000000000000
2026/09/26 03:12:24.330, P0, 2535, 14201, 28.75, 0, 0x0000000000000000
2026/09/26 03:12:24.392, P0, 2535, 14201, 28.75, 0, 0x0000000000000000
2026/09/26 03:12:24.455, P0, 2535, 14201, 26.61, 0, 0x0000000000000000
2026/09/26 03:12:24.517, P0, 2535, 14201, 26.61, 0, 0x0000000000000000
2026/09/26 03:12:24.579, P0, 2535, 14201, 26.61, 0, 0x0000000000000000
2026/09/26 03:12:24.641, P0, 2535, 14201, 26.61, 0, 0x0000000000000000
2026/09/26 03:12:24.703, P0, 2535, 14201, 26.61, 0, 0x0000000000000000
2026/09/26 03:12:24.766, P0, 2535, 14201, 26.61, 0, 0x0000000000000000
2026/09/26 03:12:24.829, P0, 2535, 14201, 26.61, 0, 0x0000000000000000
2026/09/26 03:12:24.892, P0, 2535, 14201, 26.61, 0, 0x0000000000000000
2026/09/26 03:12:24.954, P0, 2527, 14201, 26.49, 0, 0x0000000000000000
2026/09/26 03:12:25.017, P0, 2527, 14201, 26.49, 0, 0x0000000000000000
2026/09/26 03:12:25.080, P0, 2527, 14201, 26.49, 0, 0x0000000000000000
2026/09/26 03:12:25.142, P0, 2527, 14201, 26.49, 0, 0x0000000000000000
2026/09/26 03:12:25.204, P0, 2527, 14201, 26.49, 0, 0x0000000000000000
2026/09/26 03:12:25.267, P0, 2527, 14201, 26.49, 0, 0x0000000000000000
2026/09/26 03:12:25.329, P0, 2527, 14201, 26.49, 0, 0x0000000000000000
2026/09/26 03:12:25.391, P0, 2527, 14201, 26.49, 0, 0x0000000000000000
2026/09/26 03:12:25.454, P0, 2535, 14201, 26.44, 0, 0x0000000000000000
2026/09/26 03:12:25.517, P0, 2535, 14201, 26.44, 0, 0x0000000000000000
2026/09/26 03:12:25.579, P0, 2535, 14201, 26.44, 0, 0x0000000000000000
2026/09/26 03:12:25.641, P0, 2535, 14201, 26.44, 0, 0x0000000000000000
2026/09/26 03:12:25.703, P0, 2535, 14201, 26.44, 0, 0x0000000000000000
2026/09/26 03:12:25.766, P0, 2535, 14201, 26.44, 0, 0x0000000000000000
2026/09/26 03:12:25.828, P0, 2535, 14201, 26.44, 0, 0x0000000000000000
2026/09/26 03:12:25.890, P0, 2535, 14201, 26.44, 0, 0x0000000000000000
2026/09/26 03:12:25.953, P3, 922, 7001, 24.68, 0, 0x0000000000000000
2026/09/26 03:12:26.016, P3, 922, 7001, 24.68, 0, 0x0000000000000000
2026/09/26 03:12:26.078, P3, 922, 7001, 24.68, 0, 0x0000000000000000
2026/09/26 03:12:26.141, P3, 922, 7001, 24.68, 0, 0x0000000000000000
2026/09/26 03:12:26.203, P3, 922, 7001, 24.68, 0, 0x0000000000000000
2026/09/26 03:12:26.265, P3, 922, 7001, 24.68, 0, 0x0000000000000000
2026/09/26 03:12:26.327, P3, 922, 7001, 24.68, 0, 0x0000000000000000
2026/09/26 03:12:26.388, P3, 922, 7001, 24.68, 0, 0x0000000000000000
2026/09/26 03:12:26.452, P1, 2617, 14001, 22.11, 10, 0x0000000000000000
2026/09/26 03:12:26.514, P1, 2617, 14001, 22.11, 10, 0x0000000000000000
2026/09/26 03:12:26.577, P1, 2617, 14001, 22.11, 10, 0x0000000000000000
2026/09/26 03:12:26.640, P1, 2617, 14001, 22.11, 10, 0x0000000000000000
2026/09/26 03:12:26.703, P1, 2617, 14001, 22.11, 10, 0x0000000000000000
2026/09/26 03:12:26.767, P1, 2617, 14001, 22.11, 10, 0x0000000000000000
2026/09/26 03:12:26.830, P1, 2617, 14001, 22.11, 10, 0x0000000000000000
2026/09/26 03:12:26.892, P1, 2617, 14001, 22.11, 10, 0x0000000000000000
2026/09/26 03:12:26.954, P0, 2745, 14201, 29.53, 2, 0x0000000000000000
2026/09/26 03:12:27.016, P0, 2745, 14201, 29.53, 2, 0x0000000000000000
2026/09/26 03:12:27.077, P0, 2745, 14201, 29.53, 2, 0x0000000000000000
2026/09/26 03:12:27.141, P0, 2745, 14201, 29.53, 2, 0x0000000000000000
2026/09/26 03:12:27.205, P0, 2745, 14201, 29.53, 2, 0x0000000000000000
2026/09/26 03:12:27.268, P0, 2745, 14201, 29.53, 2, 0x0000000000000000
2026/09/26 03:12:27.330, P0, 2745, 14201, 29.53, 2, 0x0000000000000000
2026/09/26 03:12:27.393, P0, 2745, 14201, 29.53, 2, 0x0000000000000000
2026/09/26 03:12:27.456, P1, 2962, 14001, 45.03, 44, 0x0000000000000000
2026/09/26 03:12:27.519, P1, 2962, 14001, 45.03, 44, 0x0000000000000000
2026/09/26 03:12:27.581, P1, 2962, 14001, 45.03, 44, 0x0000000000000000
2026/09/26 03:12:27.642, P1, 2962, 14001, 45.03, 44, 0x0000000000000000
2026/09/26 03:12:27.704, P1, 2962, 14001, 45.03, 44, 0x0000000000000000
2026/09/26 03:12:27.766, P1, 2962, 14001, 45.03, 44, 0x0000000000000000
2026/09/26 03:12:27.828, P1, 2962, 14001, 45.03, 44, 0x0000000000000000
2026/09/26 03:12:27.890, P1, 2962, 14001, 45.03, 44, 0x0000000000000000
2026/09/26 03:12:27.953, P1, 2955, 14001, 57.43, 51, 0x0000000000000000
2026/09/26 03:12:28.016, P1, 2955, 14001, 57.43, 51, 0x0000000000000000
2026/09/26 03:12:28.079, P1, 2955, 14001, 57.43, 51, 0x0000000000000000
2026/09/26 03:12:28.143, P1, 2955, 14001, 57.43, 51, 0x0000000000000000
2026/09/26 03:12:28.204, P1, 2955, 14001, 57.43, 51, 0x0000000000000000
2026/09/26 03:12:28.267, P1, 2955, 14001, 57.43, 51, 0x0000000000000000
2026/09/26 03:12:28.329, P1, 2955, 14001, 57.43, 51, 0x0000000000000000
2026/09/26 03:12:28.392, P1, 2955, 14001, 57.43, 51, 0x0000000000000000
2026/09/26 03:12:28.453, P1, 2970, 14001, 59.29, 7, 0x0000000000000000
2026/09/26 03:12:28.515, P1, 2970, 14001, 59.29, 7, 0x0000000000000000
2026/09/26 03:12:28.579, P1, 2970, 14001, 59.29, 7, 0x0000000000000000
2026/09/26 03:12:28.642, P1, 2970, 14001, 59.29, 7, 0x0000000000000000
2026/09/26 03:12:28.704, P1, 2970, 14001, 59.29, 7, 0x0000000000000000
2026/09/26 03:12:28.767, P1, 2970, 14001, 59.29, 7, 0x0000000000000000
2026/09/26 03:12:28.828, P1, 2970, 14001, 59.29, 7, 0x0000000000000000
2026/09/26 03:12:28.889, P1, 2970, 14001, 59.29, 7, 0x0000000000000000
2026/09/26 03:12:28.951, P0, 2970, 14201, 48.43, 0, 0x0000000000000000
2026/09/26 03:12:29.013, P0, 2970, 14201, 48.43, 0, 0x0000000000000000
2026/09/26 03:12:29.077, P0, 2970, 14201, 48.43, 0, 0x0000000000000000
2026/09/26 03:12:29.141, P0, 2970, 14201, 48.43, 0, 0x0000000000000000
2026/09/26 03:12:29.203, P0, 2970, 14201, 48.43, 0, 0x0000000000000000
2026/09/26 03:12:29.266, P0, 2970, 14201, 48.43, 0, 0x0000000000000000
2026/09/26 03:12:29.329, P0, 2970, 14201, 48.43, 0, 0x0000000000000000
2026/09/26 03:12:29.390, P0, 2970, 14201, 48.43, 0, 0x0000000000000000
2026/09/26 03:12:29.453, P0, 2970, 14201, 38.59, 0, 0x0000000000000000
2026/09/26 03:12:29.516, P0, 2970, 14201, 38.59, 0, 0x0000000000000000
2026/09/26 03:12:29.578, P0, 2970, 14201, 38.59, 0, 0x0000000000000000
2026/09/26 03:12:29.640, P0, 2970, 14201, 38.59, 0, 0x0000000000000000
2026/09/26 03:12:29.703, P0, 2970, 14201, 38.59, 0, 0x0000000000000000
2026/09/26 03:12:29.765, P0, 2970, 14201, 38.59, 0, 0x0000000000000000
2026/09/26 03:12:29.826, P0, 2970, 14201, 38.59, 0, 0x0000000000000000
2026/09/26 03:12:29.888, P0, 2970, 14201, 38.59, 0, 0x0000000000000000
2026/09/26 03:12:29.950, P0, 2970, 14201, 36.44, 0, 0x0000000000000000
2026/09/26 03:12:30.012, P0, 2970, 14201, 36.44, 0, 0x0000000000000000
2026/09/26 03:12:30.074, P0, 2970, 14201, 36.44, 0, 0x0000000000000000
2026/09/26 03:12:30.139, P0, 2970, 14201, 36.44, 0, 0x0000000000000000
2026/09/26 03:12:30.202, P0, 2970, 14201, 36.44, 0, 0x0000000000000000
2026/09/26 03:12:30.265, P0, 2970, 14201, 36.44, 0, 0x0000000000000000
2026/09/26 03:12:30.327, P0, 2970, 14201, 36.44, 0, 0x0000000000000000
2026/09/26 03:12:30.390, P0, 2970, 14201, 36.44, 0, 0x0000000000000000
2026/09/26 03:12:30.453, P0, 2535, 14201, 33.55, 0, 0x0000000000000000
2026/09/26 03:12:30.516, P0, 2535, 14201, 33.55, 0, 0x0000000000000000
2026/09/26 03:12:30.578, P0, 2535, 14201, 33.55, 0, 0x0000000000000000
2026/09/26 03:12:30.642, P0, 2535, 14201, 33.55, 0, 0x0000000000000000
2026/09/26 03:12:30.703, P0, 2535, 14201, 33.55, 0, 0x0000000000000000
2026/09/26 03:12:30.766, P0, 2535, 14201, 33.55, 0, 0x0000000000000000
2026/09/26 03:12:30.828, P0, 2535, 14201, 33.55, 0, 0x0000000000000000
2026/09/26 03:12:30.891, P0, 2535, 14201, 33.55, 0, 0x0000000000000000
2026/09/26 03:12:30.953, P3, 810, 7001, 26.65, 0, 0x0000000000000000
2026/09/26 03:12:31.015, P3, 810, 7001, 26.65, 0, 0x0000000000000000
2026/09/26 03:12:31.077, P3, 810, 7001, 26.65, 0, 0x0000000000000000
2026/09/26 03:12:31.140, P3, 810, 7001, 26.65, 0, 0x0000000000000000
2026/09/26 03:12:31.203, P3, 810, 7001, 26.65, 0, 0x0000000000000000
2026/09/26 03:12:31.264, P3, 810, 7001, 26.65, 0, 0x0000000000000000
2026/09/26 03:12:31.328, P3, 810, 7001, 26.65, 0, 0x0000000000000000
2026/09/26 03:12:31.390, P3, 810, 7001, 26.65, 0, 0x0000000000000000
2026/09/26 03:12:31.452, P3, 690, 7001, 20.01, 0, 0x0000000000000000
2026/09/26 03:12:31.514, P3, 690, 7001, 20.01, 0, 0x0000000000000000
2026/09/26 03:12:31.576, P3, 690, 7001, 20.01, 0, 0x0000000000000000
2026/09/26 03:12:31.639, P3, 690, 7001, 20.01, 0, 0x0000000000000000
2026/09/26 03:12:31.702, P3, 690, 7001, 20.01, 0, 0x0000000000000000
2026/09/26 03:12:31.765, P3, 690, 7001, 20.01, 0, 0x0000000000000000
2026/09/26 03:12:31.827, P3, 690, 7001, 20.01, 0, 0x0000000000000000
2026/09/26 03:12:31.889, P3, 690, 7001, 20.01, 0, 0x0000000000000000
2026/09/26 03:12:31.951, P0, 2647, 14201, 20.70, 4, 0x0000000000000000
2026/09/26 03:12:32.013, P0, 2647, 14201, 20.70, 4, 0x0000000000000000
2026/09/26 03:12:32.075, P0, 2647, 14201, 20.70, 4, 0x0000000000000000
2026/09/26 03:12:32.137, P0, 2647, 14201, 20.70, 4, 0x0000000000000000
2026/09/26 03:12:32.200, P0, 2647, 14201, 20.70, 4, 0x0000000000000000
2026/09/26 03:12:32.262, P0, 2647, 14201, 20.70, 4, 0x0000000000000000
2026/09/26 03:12:32.324, P0, 2647, 14201, 20.70, 4, 0x0000000000000000
2026/09/26 03:12:32.386, P0, 2647, 14201, 20.70, 4, 0x0000000000000000
2026/09/26 03:12:32.448, P0, 2535, 14201, 26.94, 0, 0x0000000000000000
2026/09/26 03:12:32.510, P0, 2535, 14201, 26.94, 0, 0x0000000000000000
2026/09/26 03:12:32.573, P0, 2535, 14201, 26.94, 0, 0x0000000000000000
2026/09/26 03:12:32.635, P0, 2535, 14201, 26.94, 0, 0x0000000000000000
2026/09/26 03:12:32.697, P0, 2535, 14201, 26.94, 0, 0x0000000000000000
2026/09/26 03:12:32.759, P0, 2535, 14201, 26.94, 0, 0x0000000000000000
2026/09/26 03:12:32.823, P0, 2535, 14201, 26.94, 0, 0x0000000000000000
2026/09/26 03:12:32.885, P0, 2535, 14201, 26.94, 0, 0x0000000000000000
2026/09/26 03:12:32.948, P0, 2535, 14201, 26.99, 0, 0x0000000000000000
2026/09/26 03:12:33.009, P0, 2535, 14201, 26.99, 0, 0x0000000000000000
2026/09/26 03:12:33.072, P0, 2535, 14201, 26.99, 0, 0x0000000000000000
2026/09/26 03:12:33.135, P0, 2535, 14201, 26.99, 0, 0x0000000000000000
2026/09/26 03:12:33.198, P0, 2535, 14201, 26.99, 0, 0x0000000000000000
2026/09/26 03:12:33.260, P0, 2535, 14201, 26.99, 0, 0x0000000000000000
2026/09/26 03:12:33.323, P0, 2535, 14201, 26.99, 0, 0x0000000000000000
2026/09/26 03:12:33.385, P0, 2535, 14201, 26.99, 0, 0x0000000000000000
2026/09/26 03:12:33.448, P0, 2535, 14201, 26.57, 0, 0x0000000000000000
2026/09/26 03:12:33.511, P0, 2535, 14201, 26.57, 0, 0x0000000000000000
2026/09/26 03:12:33.573, P0, 2535, 14201, 26.57, 0, 0x0000000000000000
2026/09/26 03:12:33.636, P0, 2535, 14201, 26.57, 0, 0x0000000000000000
2026/09/26 03:12:33.698, P0, 2535, 14201, 26.57, 0, 0x0000000000000000
2026/09/26 03:12:33.759, P0, 2535, 14201, 26.57, 0, 0x0000000000000000
2026/09/26 03:12:33.821, P0, 2535, 14201, 26.57, 0, 0x0000000000000000
2026/09/26 03:12:33.885, P0, 2535, 14201, 26.57, 0, 0x0000000000000000
2026/09/26 03:12:33.948, P0, 2527, 14201, 26.56, 0, 0x0000000000000000
2026/09/26 03:12:34.010, P0, 2527, 14201, 26.56, 0, 0x0000000000000000
2026/09/26 03:12:34.071, P0, 2527, 14201, 26.56, 0, 0x0000000000000000
2026/09/26 03:12:34.134, P0, 2527, 14201, 26.56, 0, 0x0000000000000000
2026/09/26 03:12:34.196, P0, 2527, 14201, 26.56, 0, 0x0000000000000000
2026/09/26 03:12:34.258, P0, 2527, 14201, 26.56, 0, 0x0000000000000000
2026/09/26 03:12:34.322, P0, 2527, 14201, 26.56, 0, 0x0000000000000000
2026/09/26 03:12:34.384, P0, 2527, 14201, 26.56, 0, 0x0000000000000000
2026/09/26 03:12:34.446, P0, 2535, 14201, 26.59, 0, 0x0000000000000000
2026/09/26 03:12:34.508, P0, 2535, 14201, 26.59, 0, 0x0000000000000000
2026/09/26 03:12:34.570, P0, 2535, 14201, 26.59, 0, 0x0000000000000000
2026/09/26 03:12:34.633, P0, 2535, 14201, 26.59, 0, 0x0000000000000000
2026/09/26 03:12:34.696, P0, 2535, 14201, 26.59, 0, 0x0000000000000000
2026/09/26 03:12:34.759, P0, 2535, 14201, 26.59, 0, 0x0000000000000000
2026/09/26 03:12:34.822, P0, 2535, 14201, 26.59, 0, 0x0000000000000000
2026/09/26 03:12:34.883, P0, 2535, 14201, 26.59, 0, 0x0000000000000000
2026/09/26 03:12:34.945, P3, 772, 7001, 24.72, 0, 0x0000000000000000
2026/09/26 03:12:35.008, P3, 772, 7001, 24.72, 0, 0x0000000000000000
2026/09/26 03:12:35.071, P3, 772, 7001, 24.72, 0, 0x0000000000000000
2026/09/26 03:12:35.134, P3, 772, 7001, 24.72, 0, 0x0000000000000000
2026/09/26 03:12:35.197, P3, 772, 7001, 24.72, 0, 0x0000000000000000
2026/09/26 03:12:35.259, P3, 772, 7001, 24.72, 0, 0x0000000000000000
2026/09/26 03:12:35.322, P3, 772, 7001, 24.72, 0, 0x0000000000000000
2026/09/26 03:12:35.385, P3, 772, 7001, 24.72, 0, 0x0000000000000000
2026/09/26 03:12:35.450, P0, 2662, 14201, 27.58, 10, 0x0000000000000000
2026/09/26 03:12:35.513, P0, 2662, 14201, 27.58, 10, 0x0000000000000000
2026/09/26 03:12:35.575, P0, 2662, 14201, 27.58, 10, 0x0000000000000000
2026/09/26 03:12:35.637, P0, 2662, 14201, 27.58, 10, 0x0000000000000000
2026/09/26 03:12:35.701, P0, 2662, 14201, 27.58, 10, 0x0000000000000000
2026/09/26 03:12:35.763, P0, 2662, 14201, 27.58, 10, 0x0000000000000000
2026/09/26 03:12:35.827, P0, 2662, 14201, 27.58, 10, 0x0000000000000000
2026/09/26 03:12:35.889, P0, 2662, 14201, 27.58, 10, 0x0000000000000000
2026/09/26 03:12:35.952, P1, 2962, 14001, 37.58, 51, 0x0000000000000000
2026/09/26 03:12:36.014, P1, 2962, 14001, 37.58, 51, 0x0000000000000000
2026/09/26 03:12:36.078, P1, 2962, 14001, 37.58, 51, 0x0000000000000000
2026/09/26 03:12:36.140, P1, 2962, 14001, 37.58, 51, 0x0000000000000000
2026/09/26 03:12:36.203, P1, 2962, 14001, 37.58, 51, 0x0000000000000000
2026/09/26 03:12:36.267, P1, 2962, 14001, 37.58, 51, 0x0000000000000000
2026/09/26 03:12:36.330, P1, 2962, 14001, 37.58, 51, 0x0000000000000000
2026/09/26 03:12:36.393, P1, 2962, 14001, 37.58, 51, 0x0000000000000000
2026/09/26 03:12:36.456, P1, 2955, 14001, 53.62, 40, 0x0000000000000000
2026/09/26 03:12:36.519, P1, 2955, 14001, 53.62, 40, 0x0000000000000000
2026/09/26 03:12:36.581, P1, 2955, 14001, 53.62, 40, 0x0000000000000000
2026/09/26 03:12:36.645, P1, 2955, 14001, 53.62, 40, 0x0000000000000000
2026/09/26 03:12:36.708, P1, 2955, 14001, 53.62, 40, 0x0000000000000000
2026/09/26 03:12:36.770, P1, 2955, 14001, 53.62, 40, 0x0000000000000000
2026/09/26 03:12:36.833, P1, 2955, 14001, 53.62, 40, 0x0000000000000000
2026/09/26 03:12:36.894, P1, 2955, 14001, 53.62, 40, 0x0000000000000000
2026/09/26 03:12:36.956, P0, 2955, 14201, 61.42, 47, 0x0000000000000000
2026/09/26 03:12:37.018, P0, 2955, 14201, 61.42, 47, 0x0000000000000000
2026/09/26 03:12:37.081, P0, 2955, 14201, 61.42, 47, 0x0000000000000000
2026/09/26 03:12:37.143, P0, 2955, 14201, 61.42, 47, 0x0000000000000000
2026/09/26 03:12:37.206, P0, 2955, 14201, 61.42, 47, 0x0000000000000000
2026/09/26 03:12:37.268, P0, 2955, 14201, 61.42, 47, 0x0000000000000000
2026/09/26 03:12:37.331, P0, 2955, 14201, 61.42, 47, 0x0000000000000000
2026/09/26 03:12:37.393, P0, 2955, 14201, 61.42, 47, 0x0000000000000000
2026/09/26 03:12:37.454, P0, 2970, 14201, 50.35, 0, 0x0000000000000000
2026/09/26 03:12:37.517, P0, 2970, 14201, 50.35, 0, 0x0000000000000000
2026/09/26 03:12:37.579, P0, 2970, 14201, 50.35, 0, 0x0000000000000000
2026/09/26 03:12:37.642, P0, 2970, 14201, 50.35, 0, 0x0000000000000000
2026/09/26 03:12:37.705, P0, 2970, 14201, 50.35, 0, 0x0000000000000000
2026/09/26 03:12:37.767, P0, 2970, 14201, 50.35, 0, 0x0000000000000000
2026/09/26 03:12:37.828, P0, 2970, 14201, 50.35, 0, 0x0000000000000000
2026/09/26 03:12:37.892, P0, 2970, 14201, 50.35, 0, 0x0000000000000000
2026/09/26 03:12:37.955, P0, 2970, 14201, 38.90, 0, 0x0000000000000000
2026/09/26 03:12:38.018, P0, 2970, 14201, 38.90, 0, 0x0000000000000000
2026/09/26 03:12:38.080, P0, 2970, 14201, 38.90, 0, 0x0000000000000000
2026/09/26 03:12:38.142, P0, 2970, 14201, 38.90, 0, 0x0000000000000000
2026/09/26 03:12:38.205, P0, 2970, 14201, 38.90, 0, 0x0000000000000000
2026/09/26 03:12:38.266, P0, 2970, 14201, 38.90, 0, 0x0000000000000000
2026/09/26 03:12:38.328, P0, 2970, 14201, 38.90, 0, 0x0000000000000000
2026/09/26 03:12:38.390, P0, 2970, 14201, 38.90, 0, 0x0000000000000000
2026/09/26 03:12:38.453, P0, 2970, 14201, 36.28, 0, 0x0000000000000000
2026/09/26 03:12:38.516, P0, 2970, 14201, 36.28, 0, 0x0000000000000000
2026/09/26 03:12:38.579, P0, 2970, 14201, 36.28, 0, 0x0000000000000000
2026/09/26 03:12:38.641, P0, 2970, 14201, 36.28, 0, 0x0000000000000000
2026/09/26 03:12:38.703, P0, 2970, 14201, 36.28, 0, 0x0000000000000000
2026/09/26 03:12:38.765, P0, 2970, 14201, 36.28, 0, 0x0000000000000000
2026/09/26 03:12:38.828, P0, 2970, 14201, 36.28, 0, 0x0000000000000000
2026/09/26 03:12:38.890, P0, 2970, 14201, 36.28, 0, 0x0000000000000000
2026/09/26 03:12:38.952, P3, 727, 7001, 32.29, 0, 0x0000000000000000
2026/09/26 03:12:39.015, P3, 727, 7001, 32.29, 0, 0x0000000000000000
2026/09/26 03:12:39.077, P3, 727, 7001, 32.29, 0, 0x0000000000000000
2026/09/26 03:12:39.139, P3, 727, 7001, 32.29, 0, 0x0000000000000000
2026/09/26 03:12:39.200, P3, 727, 7001, 32.29, 0, 0x0000000000000000
2026/09/26 03:12:39.262, P3, 727, 7001, 32.29, 0, 0x0000000000000000
2026/09/26 03:12:39.325, P3, 727, 7001, 32.29, 0, 0x0000000000000000
2026/09/26 03:12:39.387, P3, 727, 7001, 32.29, 0, 0x0000000000000000
2026/09/26 03:12:39.451, P3, 637, 7001, 22.20, 0, 0x0000000000000000
2026/09/26 03:12:39.513, P3, 637, 7001, 22.20, 0, 0x0000000000000000
2026/09/26 03:12:39.576, P3, 637, 7001, 22.20, 0, 0x0000000000000000
2026/09/26 03:12:39.638, P3, 637, 7001, 22.20, 0, 0x0000000000000000
2026/09/26 03:12:39.700, P3, 637, 7001, 22.20, 0, 0x0000000000000000
2026/09/26 03:12:39.763, P3, 637, 7001, 22.20, 0, 0x0000000000000000
2026/09/26 03:12:39.826, P3, 637, 7001, 22.20, 0, 0x0000000000000000
2026/09/26 03:12:39.889, P3, 637, 7001, 22.20, 0, 0x0000000000000000
2026/09/26 03:12:39.951, P0, 510, 7001, 15.97, 0, 0x0000000000000000
2026/09/26 03:12:40.013, P0, 510, 7001, 15.97, 0, 0x0000000000000000
2026/09/26 03:12:40.076, P0, 510, 7001, 15.97, 0, 0x0000000000000000
2026/09/26 03:12:40.138, P0, 510, 7001, 15.97, 0, 0x0000000000000000
2026/09/26 03:12:40.200, P0, 510, 7001, 15.97, 0, 0x0000000000000000
2026/09/26 03:12:40.262, P0, 510, 7001, 15.97, 0, 0x0000000000000000
2026/09/26 03:12:40.325, P0, 510, 7001, 15.97, 0, 0x0000000000000000
2026/09/26 03:12:40.387, P0, 510, 7001, 15.97, 0, 0x0000000000000000
2026/09/26 03:12:40.449, P1, 2617, 14201, 24.52, 8, 0x0000000000000000
2026/09/26 03:12:40.511, P1, 2617, 14201, 24.52, 8, 0x0000000000000000
2026/09/26 03:12:40.574, P1, 2617, 14201, 24.52, 8, 0x0000000000000000
2026/09/26 03:12:40.637, P1, 2617, 14201, 24.52, 8, 0x0000000000000000
2026/09/26 03:12:40.700, P1, 2617, 14201, 24.52, 8, 0x0000000000000000
2026/09/26 03:12:40.763, P1, 2617, 14201, 24.52, 8, 0x0000000000000000
2026/09/26 03:12:40.825, P1, 2617, 14201, 24.52, 8, 0x0000000000000000
2026/09/26 03:12:40.888, P1, 2617, 14201, 24.52, 8, 0x0000000000000000
2026/09/26 03:12:40.949, P1, 2955, 14001, 45.01, 52, 0x0000000000000000
2026/09/26 03:12:41.013, P1, 2955, 14001, 45.01, 52, 0x0000000000000000
2026/09/26 03:12:41.075, P1, 2955, 14001, 45.01, 52, 0x0000000000000000
2026/09/26 03:12:41.137, P1, 2955, 14001, 45.01, 52, 0x0000000000000000
2026/09/26 03:12:41.200, P1, 2955, 14001, 45.01, 52, 0x0000000000000000
2026/09/26 03:12:41.264, P1, 2955, 14001, 45.01, 52, 0x0000000000000000
2026/09/26 03:12:41.328, P1, 2955, 14001, 45.01, 52, 0x0000000000000000
2026/09/26 03:12:41.389, P1, 2955, 14001, 45.01, 52, 0x0000000000000000
2026/09/26 03:12:41.451, P1, 2955, 14001, 57.39, 46, 0x0000000000000000
2026/09/26 03:12:41.515, P1, 2955, 14001, 57.39, 46, 0x0000000000000000
2026/09/26 03:12:41.577, P1, 2955, 14001, 57.39, 46, 0x0000000000000000
2026/09/26 03:12:41.641, P1, 2955, 14001, 57.39, 46, 0x0000000000000000
2026/09/26 03:12:41.702, P1, 2955, 14001, 57.39, 46, 0x0000000000000000
2026/09/26 03:12:41.765, P1, 2955, 14001, 57.39, 46, 0x0000000000000000
2026/09/26 03:12:41.827, P1, 2955, 14001, 57.39, 46, 0x0000000000000000
2026/09/26 03:12:41.890, P1, 2955, 14001, 57.39, 46, 0x0000000000000000
2026/09/26 03:12:41.953, P1, 2970, 14001, 57.68, 7, 0x0000000000000000
2026/09/26 03:12:42.017, P1, 2970, 14001, 57.68, 7, 0x0000000000000000
2026/09/26 03:12:42.080, P1, 2970, 14001, 57.68, 7, 0x0000000000000000
2026/09/26 03:12:42.143, P1, 2970, 14001, 57.68, 7, 0x0000000000000000
2026/09/26 03:12:42.205, P1, 2970, 14001, 57.68, 7, 0x0000000000000000
2026/09/26 03:12:42.268, P1, 2970, 14001, 57.68, 7, 0x0000000000000000
2026/09/26 03:12:42.332, P1, 2970, 14001, 57.68, 7, 0x0000000000000000
2026/09/26 03:12:42.393, P1, 2970, 14001, 57.68, 7, 0x0000000000000000
2026/09/26 03:12:42.454, P0, 2970, 14201, 47.58, 0, 0x0000000000000000
2026/09/26 03:12:42.516, P0, 2970, 14201, 47.58, 0, 0x0000000000000000
2026/09/26 03:12:42.579, P0, 2970, 14201, 47.58, 0, 0x0000000000000000
2026/09/26 03:12:42.642, P0, 2970, 14201, 47.58, 0, 0x0000000000000000
2026/09/26 03:12:42.705, P0, 2970, 14201, 47.58, 0, 0x0000000000000000
2026/09/26 03:12:42.769, P0, 2970, 14201, 47.58, 0, 0x0000000000000000
2026/09/26 03:12:42.831, P0, 2970, 14201, 47.58, 0, 0x0000000000000000
2026/09/26 03:12:42.893, P0, 2970, 14201, 47.58, 0, 0x0000000000000000
2026/09/26 03:12:42.956, P0, 2970, 14201, 39.62, 0, 0x0000000000000000
2026/09/26 03:12:43.019, P0, 2970, 14201, 39.62, 0, 0x0000000000000000
2026/09/26 03:12:43.081, P0, 2970, 14201, 39.62, 0, 0x0000000000000000
2026/09/26 03:12:43.144, P0, 2970, 14201, 39.62, 0, 0x0000000000000000
2026/09/26 03:12:43.205, P0, 2970, 14201, 39.62, 0, 0x0000000000000000
2026/09/26 03:12:43.266, P0, 2970, 14201, 39.62, 0, 0x0000000000000000
2026/09/26 03:12:43.328, P0, 2970, 14201, 39.62, 0, 0x0000000000000000
2026/09/26 03:12:43.391, P0, 2970, 14201, 39.62, 0, 0x0000000000000000
2026/09/26 03:12:43.453, P0, 2970, 14201, 36.50, 0, 0x0000000000000000
2026/09/26 03:12:43.516, P0, 2970, 14201, 36.50, 0, 0x0000000000000000
2026/09/26 03:12:43.579, P0, 2970, 14201, 36.50, 0, 0x0000000000000000
2026/09/26 03:12:43.641, P0, 2970, 14201, 36.50, 0, 0x0000000000000000
2026/09/26 03:12:43.703, P0, 2970, 14201, 36.50, 0, 0x0000000000000000
2026/09/26 03:12:43.765, P0, 2970, 14201, 36.50, 0, 0x0000000000000000
2026/09/26 03:12:43.828, P0, 2970, 14201, 36.50, 0, 0x0000000000000000
2026/09/26 03:12:43.889, P0, 2970, 14201, 36.50, 0, 0x0000000000000000
2026/09/26 03:12:43.952, P0, 2535, 14201, 32.75, 0, 0x0000000000000000
2026/09/26 03:12:44.015, P0, 2535, 14201, 32.75, 0, 0x0000000000000000
2026/09/26 03:12:44.078, P0, 2535, 14201, 32.75, 0, 0x0000000000000000
2026/09/26 03:12:44.139, P0, 2535, 14201, 32.75, 0, 0x0000000000000000
2026/09/26 03:12:44.202, P0, 2535, 14201, 32.75, 0, 0x0000000000000000
2026/09/26 03:12:44.264, P0, 2535, 14201, 32.75, 0, 0x0000000000000000
2026/09/26 03:12:44.329, P0, 2535, 14201, 32.75, 0, 0x0000000000000000
2026/09/26 03:12:44.390, P0, 2535, 14201, 32.75, 0, 0x0000000000000000
2026/09/26 03:12:44.452, P0, 2535, 14201, 27.96, 0, 0x0000000000000000
2026/09/26 03:12:44.513, P0, 2535, 14201, 27.96, 0, 0x0000000000000000
2026/09/26 03:12:44.577, P0, 2535, 14201, 27.96, 0, 0x0000000000000000
2026/09/26 03:12:44.639, P0, 2535, 14201, 27.96, 0, 0x0000000000000000
2026/09/26 03:12:44.701, P0, 2535, 14201, 27.96, 0, 0x0000000000000000
2026/09/26 03:12:44.764, P0, 2535, 14201, 27.96, 0, 0x0000000000000000
2026/09/26 03:12:44.826, P0, 2535, 14201, 27.96, 0, 0x0000000000000000
2026/09/26 03:12:44.888, P0, 2535, 14201, 27.96, 0, 0x0000000000000000
2026/09/26 03:12:44.949, P3, 892, 7001, 24.93, 0, 0x0000000000000000
2026/09/26 03:12:45.012, P3, 892, 7001, 24.93, 0, 0x0000000000000000
2026/09/26 03:12:45.074, P3, 892, 7001, 24.93, 0, 0x0000000000000000
2026/09/26 03:12:45.137, P3, 892, 7001, 24.93, 0, 0x0000000000000000
2026/09/26 03:12:45.201, P3, 892, 7001, 24.93, 0, 0x0000000000000000
2026/09/26 03:12:45.263, P3, 892, 7001, 24.93, 0, 0x0000000000000000
2026/09/26 03:12:45.325, P3, 892, 7001, 24.93, 0, 0x0000000000000000
2026/09/26 03:12:45.388, P3, 892, 7001, 24.93, 0, 0x0000000000000000
2026/09/26 03:12:45.452, P1, 1830, 14201, 21.21, 9, 0x0000000000000000
2026/09/26 03:12:45.513, P1, 1830, 14201, 21.21, 9, 0x0000000000000000
2026/09/26 03:12:45.577, P1, 1830, 14201, 21.21, 9, 0x0000000000000000
2026/09/26 03:12:45.639, P1, 1830, 14201, 21.21, 9, 0x0000000000000000
2026/09/26 03:12:45.701, P1, 1830, 14201, 21.21, 9, 0x0000000000000000
2026/09/26 03:12:45.762, P1, 1830, 14201, 21.21, 9, 0x0000000000000000
2026/09/26 03:12:45.824, P1, 1830, 14201, 21.21, 9, 0x0000000000000000
2026/09/26 03:12:45.886, P1, 1830, 14201, 21.21, 9, 0x0000000000000000
2026/09/26 03:12:45.949, P1, 2962, 14001, 32.12, 47, 0x0000000000000000
2026/09/26 03:12:46.011, P1, 2962, 14001, 32.12, 47, 0x0000000000000000
2026/09/26 03:12:46.074, P1, 2962, 14001, 32.12, 47, 0x0000000000000000
2026/09/26 03:12:46.135, P1, 2962, 14001, 32.12, 47, 0x0000000000000000
2026/09/26 03:12:46.197, P1, 2962, 14001, 32.12, 47, 0x0000000000000000
2026/09/26 03:12:46.259, P1, 2962, 14001, 32.12, 47, 0x0000000000000000
2026/09/26 03:12:46.322, P1, 2962, 14001, 32.12, 47, 0x0000000000000000
2026/09/26 03:12:46.385, P1, 2962, 14001, 32.12, 47, 0x0000000000000000
2026/09/26 03:12:46.447, P1, 2955, 14001, 55.52, 50, 0x0000000000000000
2026/09/26 03:12:46.510, P1, 2955, 14001, 55.52, 50, 0x0000000000000000
2026/09/26 03:12:46.572, P1, 2955, 14001, 55.52, 50, 0x0000000000000000
2026/09/26 03:12:46.634, P1, 2955, 14001, 55.52, 50, 0x0000000000000000
2026/09/26 03:12:46.696, P1, 2955, 14001, 55.52, 50, 0x0000000000000000
2026/09/26 03:12:46.759, P1, 2955, 14001, 55.52, 50, 0x0000000000000000
2026/09/26 03:12:46.822, P1, 2955, 14001, 55.52, 50, 0x0000000000000000
2026/09/26 03:12:46.883, P1, 2955, 14001, 55.52, 50, 0x0000000000000000
2026/09/26 03:12:46.945, P1, 2962, 14001, 61.05, 17, 0x0000000000000000
2026/09/26 03:12:47.008, P1, 2962, 14001, 61.05, 17, 0x0000000000000000
2026/09/26 03:12:47.070, P1, 2962, 14001, 61.05, 17, 0x0000000000000000
2026/09/26 03:12:47.133, P1, 2962, 14001, 61.05, 17, 0x0000000000000000
2026/09/26 03:12:47.196, P1, 2962, 14001, 61.05, 17, 0x0000000000000000
2026/09/26 03:12:47.257, P1, 2962, 14001, 61.05, 17, 0x0000000000000000
2026/09/26 03:12:47.318, P1, 2962, 14001, 61.05, 17, 0x0000000000000000
2026/09/26 03:12:47.381, P1, 2962, 14001, 61.05, 17, 0x0000000000000000
2026/09/26 03:12:47.444, P1, 2962, 14001, 52.87, 44, 0x0000000000000000
2026/09/26 03:12:47.507, P1, 2962, 14001, 52.87, 44, 0x0000000000000000
2026/09/26 03:12:47.570, P1, 2962, 14001, 52.87, 44, 0x0000000000000000
2026/09/26 03:12:47.632, P1, 2962, 14001, 52.87, 44, 0x0000000000000000
2026/09/26 03:12:47.694, P1, 2962, 14001, 52.87, 44, 0x0000000000000000
2026/09/26 03:12:47.756, P1, 2962, 14001, 52.87, 44, 0x0000000000000000
2026/09/26 03:12:47.819, P1, 2962, 14001, 52.87, 44, 0x0000000000000000
2026/09/26 03:12:47.882, P1, 2962, 14001, 52.87, 44, 0x0000000000000000
2026/09/26 03:12:47.943, P1, 2955, 14001, 54.38, 51, 0x0000000000000000
2026/09/26 03:12:48.005, P1, 2955, 14001, 54.38, 51, 0x0000000000000000
2026/09/26 03:12:48.067, P1, 2955, 14001, 54.38, 51, 0x0000000000000000
2026/09/26 03:12:48.130, P1, 2955, 14001, 54.38, 51, 0x0000000000000000
2026/09/26 03:12:48.193, P1, 2955, 14001, 54.38, 51, 0x0000000000000000
2026/09/26 03:12:48.256, P1, 2955, 14001, 54.38, 51, 0x0000000000000000
2026/09/26 03:12:48.319, P1, 2955, 14001, 54.38, 51, 0x0000000000000000
2026/09/26 03:12:48.381, P1, 2955, 14001, 54.38, 51, 0x0000000000000000
2026/09/26 03:12:48.444, P1, 2955, 14001, 62.05, 51, 0x0000000000000000
2026/09/26 03:12:48.507, P1, 2955, 14001, 62.05, 51, 0x0000000000000000
2026/09/26 03:12:48.568, P1, 2955, 14001, 62.05, 51, 0x0000000000000000
2026/09/26 03:12:48.630, P1, 2955, 14001, 62.05, 51, 0x0000000000000000
2026/09/26 03:12:48.693, P1, 2955, 14001, 62.05, 51, 0x0000000000000000
2026/09/26 03:12:48.755, P1, 2955, 14001, 62.05, 51, 0x0000000000000000
2026/09/26 03:12:48.817, P1, 2955, 14001, 62.05, 51, 0x0000000000000000
2026/09/26 03:12:48.879, P1, 2955, 14001, 62.05, 51, 0x0000000000000000
2026/09/26 03:12:48.942, P0, 2970, 14201, 55.08, 0, 0x0000000000000000
2026/09/26 03:12:49.003, P0, 2970, 14201, 55.08, 0, 0x0000000000000000
2026/09/26 03:12:49.067, P0, 2970, 14201, 55.08, 0, 0x0000000000000000
2026/09/26 03:12:49.129, P0, 2970, 14201, 55.08, 0, 0x0000000000000000
2026/09/26 03:12:49.192, P0, 2970, 14201, 55.08, 0, 0x0000000000000000
2026/09/26 03:12:49.255, P0, 2970, 14201, 55.08, 0, 0x0000000000000000
2026/09/26 03:12:49.318, P0, 2970, 14201, 55.08, 0, 0x0000000000000000
2026/09/26 03:12:49.380, P0, 2970, 14201, 55.08, 0, 0x0000000000000000
2026/09/26 03:12:49.443, P0, 2970, 14201, 41.19, 0, 0x0000000000000000
2026/09/26 03:12:49.503, P0, 2970, 14201, 41.19, 0, 0x0000000000000000
2026/09/26 03:12:49.565, P0, 2970, 14201, 41.19, 0, 0x0000000000000000
2026/09/26 03:12:49.629, P0, 2970, 14201, 41.19, 0, 0x0000000000000000
2026/09/26 03:12:49.692, P0, 2970, 14201, 41.19, 0, 0x0000000000000000
2026/09/26 03:12:49.754, P0, 2970, 14201, 41.19, 0, 0x0000000000000000
2026/09/26 03:12:49.816, P0, 2970, 14201, 41.19, 0, 0x0000000000000000
2026/09/26 03:12:49.878, P0, 2970, 14201, 41.19, 0, 0x0000000000000000
2026/09/26 03:12:49.941, P0, 2970, 14201, 36.52, 0, 0x0000000000000000
2026/09/26 03:12:50.004, P0, 2970, 14201, 36.52, 0, 0x0000000000000000
2026/09/26 03:12:50.065, P0, 2970, 14201, 36.52, 0, 0x0000000000000000
2026/09/26 03:12:50.128, P0, 2970, 14201, 36.52, 0, 0x0000000000000000
2026/09/26 03:12:50.191, P0, 2970, 14201, 36.52, 0, 0x0000000000000000
2026/09/26 03:12:50.253, P0, 2970, 14201, 36.52, 0, 0x0000000000000000
2026/09/26 03:12:50.315, P0, 2970, 14201, 36.52, 0, 0x0000000000000000
2026/09/26 03:12:50.378, P0, 2970, 14201, 36.52, 0, 0x0000000000000000
2026/09/26 03:12:50.440, P0, 2700, 14201, 35.63, 0, 0x0000000000000000
2026/09/26 03:12:50.503, P0, 2700, 14201, 35.63, 0, 0x0000000000000000
2026/09/26 03:12:50.565, P0, 2700, 14201, 35.63, 0, 0x0000000000000000
2026/09/26 03:12:50.627, P0, 2700, 14201, 35.63, 0, 0x0000000000000000
2026/09/26 03:12:50.688, P0, 2700, 14201, 35.63, 0, 0x0000000000000000
2026/09/26 03:12:50.750, P0, 2700, 14201, 35.63, 0, 0x0000000000000000
2026/09/26 03:12:50.812, P0, 2700, 14201, 35.63, 0, 0x0000000000000000
2026/09/26 03:12:50.874, P0, 2700, 14201, 35.63, 0, 0x0000000000000000
2026/09/26 03:12:50.936, P3, 855, 7001, 28.75, 0, 0x0000000000000000
2026/09/26 03:12:50.999, P3, 855, 7001, 28.75, 0, 0x0000000000000000
2026/09/26 03:12:51.061, P3, 855, 7001, 28.75, 0, 0x0000000000000000
2026/09/26 03:12:51.126, P3, 855, 7001, 28.75, 0, 0x0000000000000000
2026/09/26 03:12:51.189, P3, 855, 7001, 28.75, 0, 0x0000000000000000
2026/09/26 03:12:51.252, P3, 855, 7001, 28.75, 0, 0x0000000000000000
2026/09/26 03:12:51.314, P3, 855, 7001, 28.75, 0, 0x0000000000000000
2026/09/26 03:12:51.377, P3, 855, 7001, 28.75, 0, 0x0000000000000000
2026/09/26 03:12:51.439, P3, 675, 7001, 19.45, 0, 0x0000000000000000
2026/09/26 03:12:51.501, P3, 675, 7001, 19.45, 0, 0x0000000000000000
2026/09/26 03:12:51.563, P3, 675, 7001, 19.45, 0, 0x0000000000000000
2026/09/26 03:12:51.625, P3, 675, 7001, 19.45, 0, 0x0000000000000000
2026/09/26 03:12:51.689, P3, 675, 7001, 19.45, 0, 0x0000000000000000
2026/09/26 03:12:51.752, P3, 675, 7001, 19.45, 0, 0x0000000000000000
2026/09/26 03:12:51.814, P3, 675, 7001, 19.45, 0, 0x0000000000000000
2026/09/26 03:12:51.877, P3, 675, 7001, 19.45, 0, 0x0000000000000000
2026/09/26 03:12:51.939, P0, 1875, 14201, 17.53, 8, 0x0000000000000000
2026/09/26 03:12:52.002, P0, 1875, 14201, 17.53, 8, 0x0000000000000000
2026/09/26 03:12:52.065, P0, 1875, 14201, 17.53, 8, 0x0000000000000000
2026/09/26 03:12:52.128, P0, 1875, 14201, 17.53, 8, 0x0000000000000000
2026/09/26 03:12:52.191, P0, 1875, 14201, 17.53, 8, 0x0000000000000000
2026/09/26 03:12:52.253, P0, 1875, 14201, 17.53, 8, 0x0000000000000000
2026/09/26 03:12:52.316, P0, 1875, 14201, 17.53, 8, 0x0000000000000000
2026/09/26 03:12:52.378, P0, 1875, 14201, 17.53, 8, 0x0000000000000000
2026/09/26 03:12:52.440, P0, 2535, 14201, 22.39, 0, 0x0000000000000000
2026/09/26 03:12:52.503, P0, 2535, 14201, 22.39, 0, 0x0000000000000000
2026/09/26 03:12:52.565, P0, 2535, 14201, 22.39, 0, 0x0000000000000000
2026/09/26 03:12:52.628, P0, 2535, 14201, 22.39, 0, 0x0000000000000000
2026/09/26 03:12:52.690, P0, 2535, 14201, 22.39, 0, 0x0000000000000000
2026/09/26 03:12:52.753, P0, 2535, 14201, 22.39, 0, 0x0000000000000000
2026/09/26 03:12:52.816, P0, 2535, 14201, 22.39, 0, 0x0000000000000000
2026/09/26 03:12:52.877, P0, 2535, 14201, 22.39, 0, 0x0000000000000000
2026/09/26 03:12:52.939, P0, 2535, 14201, 26.77, 0, 0x0000000000000000
2026/09/26 03:12:53.002, P0, 2535, 14201, 26.77, 0, 0x0000000000000000
2026/09/26 03:12:53.064, P0, 2535, 14201, 26.77, 0, 0x0000000000000000
2026/09/26 03:12:53.127, P0, 2535, 14201, 26.77, 0, 0x0000000000000000
2026/09/26 03:12:53.189, P0, 2535, 14201, 26.77, 0, 0x0000000000000000
2026/09/26 03:12:53.252, P0, 2535, 14201, 26.77, 0, 0x0000000000000000
2026/09/26 03:12:53.314, P0, 2535, 14201, 26.77, 0, 0x0000000000000000
2026/09/26 03:12:53.376, P0, 2535, 14201, 26.77, 0, 0x0000000000000000
2026/09/26 03:12:53.440, P0, 2535, 14201, 26.84, 0, 0x0000000000000000
2026/09/26 03:12:53.503, P0, 2535, 14201, 26.84, 0, 0x0000000000000000
2026/09/26 03:12:53.565, P0, 2535, 14201, 26.84, 0, 0x0000000000000000
2026/09/26 03:12:53.625, P0, 2535, 14201, 26.84, 0, 0x0000000000000000
2026/09/26 03:12:53.688, P0, 2535, 14201, 26.84, 0, 0x0000000000000000
2026/09/26 03:12:53.750, P0, 2535, 14201, 26.84, 0, 0x0000000000000000
2026/09/26 03:12:53.813, P0, 2535, 14201, 26.84, 0, 0x0000000000000000
2026/09/26 03:12:53.877, P0, 2535, 14201, 26.84, 0, 0x0000000000000000
2026/09/26 03:12:53.940, P0, 2535, 14201, 26.92, 0, 0x0000000000000000
2026/09/26 03:12:54.003, P0, 2535, 14201, 26.92, 0, 0x0000000000000000
2026/09/26 03:12:54.066, P0, 2535, 14201, 26.92, 0, 0x0000000000000000
2026/09/26 03:12:54.128, P0, 2535, 14201, 26.92, 0, 0x0000000000000000
2026/09/26 03:12:54.190, P0, 2535, 14201, 26.92, 0, 0x0000000000000000
2026/09/26 03:12:54.254, P0, 2535, 14201, 26.92, 0, 0x0000000000000000
2026/09/26 03:12:54.316, P0, 2535, 14201, 26.92, 0, 0x0000000000000000
2026/09/26 03:12:54.379, P0, 2535, 14201, 26.92, 0, 0x0000000000000000
2026/09/26 03:12:54.442, P0, 2535, 14201, 26.94, 0, 0x0000000000000000
2026/09/26 03:12:54.504, P0, 2535, 14201, 26.94, 0, 0x0000000000000000
2026/09/26 03:12:54.566, P0, 2535, 14201, 26.94, 0, 0x0000000000000000
2026/09/26 03:12:54.629, P0, 2535, 14201, 26.94, 0, 0x0000000000000000
2026/09/26 03:12:54.690, P0, 2535, 14201, 26.94, 0, 0x0000000000000000
2026/09/26 03:12:54.752, P0, 2535, 14201, 26.94, 0, 0x0000000000000000
2026/09/26 03:12:54.814, P0, 2535, 14201, 26.94, 0, 0x0000000000000000
2026/09/26 03:12:54.876, P0, 2535, 14201, 26.94, 0, 0x0000000000000000
2026/09/26 03:12:54.938, P0, 885, 14001, 24.78, 0, 0x0000000000000000
2026/09/26 03:12:55.002, P0, 885, 14001, 24.78, 0, 0x0000000000000000
2026/09/26 03:12:55.065, P0, 885, 14001, 24.78, 0, 0x0000000000000000
2026/09/26 03:12:55.128, P0, 885, 14001, 24.78, 0, 0x0000000000000000
2026/09/26 03:12:55.191, P0, 885, 14001, 24.78, 0, 0x0000000000000000
2026/09/26 03:12:55.255, P0, 885, 14001, 24.78, 0, 0x0000000000000000
2026/09/26 03:12:55.318, P0, 885, 14001, 24.78, 0, 0x0000000000000000
2026/09/26 03:12:55.382, P0, 885, 14001, 24.78, 0, 0x0000000000000000
2026/09/26 03:12:55.443, P1, 2782, 14001, 27.60, 16, 0x0000000000000000
2026/09/26 03:12:55.506, P1, 2782, 14001, 27.60, 16, 0x0000000000000000
2026/09/26 03:12:55.569, P1, 2782, 14001, 27.60, 16, 0x0000000000000000
2026/09/26 03:12:55.631, P1, 2782, 14001, 27.60, 16, 0x0000000000000000
2026/09/26 03:12:55.693, P1, 2782, 14001, 27.60, 16, 0x0000000000000000
2026/09/26 03:12:55.757, P1, 2782, 14001, 27.60, 16, 0x0000000000000000
2026/09/26 03:12:55.818, P1, 2782, 14001, 27.60, 16, 0x0000000000000000
2026/09/26 03:12:55.882, P1, 2782, 14001, 27.60, 16, 0x0000000000000000
2026/09/26 03:12:55.944, P1, 2955, 14001, 46.89, 49, 0x0000000000000000
2026/09/26 03:12:56.007, P1, 2955, 14001, 46.89, 49, 0x0000000000000000
2026/09/26 03:12:56.069, P1, 2955, 14001, 46.89, 49, 0x0000000000000000
2026/09/26 03:12:56.133, P1, 2955, 14001, 46.89, 49, 0x0000000000000000
2026/09/26 03:12:56.196, P1, 2955, 14001, 46.89, 49, 0x0000000000000000
2026/09/26 03:12:56.259, P1, 2955, 14001, 46.89, 49, 0x0000000000000000
2026/09/26 03:12:56.322, P1, 2955, 14001, 46.89, 49, 0x0000000000000000
2026/09/26 03:12:56.384, P1, 2955, 14001, 46.89, 49, 0x0000000000000000
2026/09/26 03:12:56.446, P1, 2955, 14001, 59.79, 48, 0x0000000000000000
2026/09/26 03:12:56.509, P1, 2955, 14001, 59.79, 48, 0x0000000000000000
2026/09/26 03:12:56.571, P1, 2955, 14001, 59.79, 48, 0x0000000000000000
2026/09/26 03:12:56.632, P1, 2955, 14001, 59.79, 48, 0x0000000000000000
2026/09/26 03:12:56.693, P1, 2955, 14001, 59.79, 48, 0x0000000000000000
2026/09/26 03:12:56.756, P1, 2955, 14001, 59.79, 48, 0x0000000000000000
2026/09/26 03:12:56.819, P1, 2955, 14001, 59.79, 48, 0x0000000000000000
2026/09/26 03:12:56.883, P1, 2955, 14001, 59.79, 48, 0x0000000000000000
2026/09/26 03:12:56.946, P0, 2962, 14201, 57.58, 3, 0x0000000000000000
2026/09/26 03:12:57.009, P0, 2962, 14201, 57.58, 3, 0x0000000000000000
2026/09/26 03:12:57.073, P0, 2962, 14201, 57.58, 3, 0x0000000000000000
2026/09/26 03:12:57.136, P0, 2962, 14201, 57.58, 3, 0x0000000000000000
2026/09/26 03:12:57.199, P0, 2962, 14201, 57.58, 3, 0x0000000000000000
2026/09/26 03:12:57.260, P0, 2962, 14201, 57.58, 3, 0x0000000000000000
2026/09/26 03:12:57.323, P0, 2962, 14201, 57.58, 3, 0x0000000000000000
2026/09/26 03:12:57.386, P0, 2962, 14201, 57.58, 3, 0x0000000000000000
2026/09/26 03:12:57.448, P0, 2970, 14201, 46.35, 0, 0x0000000000000000
2026/09/26 03:12:57.511, P0, 2970, 14201, 46.35, 0, 0x0000000000000000
2026/09/26 03:12:57.572, P0, 2970, 14201, 46.35, 0, 0x0000000000000000
2026/09/26 03:12:57.634, P0, 2970, 14201, 46.35, 0, 0x0000000000000000
2026/09/26 03:12:57.698, P0, 2970, 14201, 46.35, 0, 0x0000000000000000
2026/09/26 03:12:57.760, P0, 2970, 14201, 46.35, 0, 0x0000000000000000
2026/09/26 03:12:57.822, P0, 2970, 14201, 46.35, 0, 0x0000000000000000
2026/09/26 03:12:57.885, P0, 2970, 14201, 46.35, 0, 0x0000000000000000
2026/09/26 03:12:57.949, P0, 2970, 14201, 36.98, 0, 0x0000000000000000
2026/09/26 03:12:58.011, P0, 2970, 14201, 36.98, 0, 0x0000000000000000
2026/09/26 03:12:58.073, P0, 2970, 14201, 36.98, 0, 0x0000000000000000
2026/09/26 03:12:58.135, P0, 2970, 14201, 36.98, 0, 0x0000000000000000
2026/09/26 03:12:58.198, P0, 2970, 14201, 36.98, 0, 0x0000000000000000
2026/09/26 03:12:58.261, P0, 2970, 14201, 36.98, 0, 0x0000000000000000
2026/09/26 03:12:58.322, P0, 2970, 14201, 36.98, 0, 0x0000000000000000
2026/09/26 03:12:58.384, P0, 2970, 14201, 36.98, 0, 0x0000000000000000
2026/09/26 03:12:58.446, P0, 2700, 14201, 35.64, 0, 0x0000000000000000
2026/09/26 03:12:58.508, P0, 2700, 14201, 35.64, 0, 0x0000000000000000
2026/09/26 03:12:58.571, P0, 2700, 14201, 35.64, 0, 0x0000000000000000
2026/09/26 03:12:58.633, P0, 2700, 14201, 35.64, 0, 0x0000000000000000
2026/09/26 03:12:58.696, P0, 2700, 14201, 35.64, 0, 0x0000000000000000
2026/09/26 03:12:58.759, P0, 2700, 14201, 35.64, 0, 0x0000000000000000
2026/09/26 03:12:58.823, P0, 2700, 14201, 35.64, 0, 0x0000000000000000
2026/09/26 03:12:58.886, P0, 2700, 14201, 35.64, 0, 0x0000000000000000
2026/09/26 03:12:58.949, P3, 1012, 7001, 28.90, 0, 0x0000000000000000
2026/09/26 03:12:59.012, P3, 1012, 7001, 28.90, 0, 0x0000000000000000
2026/09/26 03:12:59.074, P3, 1012, 7001, 28.90, 0, 0x0000000000000000
2026/09/26 03:12:59.137, P3, 1012, 7001, 28.90, 0, 0x0000000000000000
2026/09/26 03:12:59.200, P3, 1012, 7001, 28.90, 0, 0x0000000000000000
2026/09/26 03:12:59.262, P3, 1012, 7001, 28.90, 0, 0x0000000000000000
2026/09/26 03:12:59.325, P3, 1012, 7001, 28.90, 0, 0x0000000000000000
2026/09/26 03:12:59.388, P3, 1012, 7001, 28.90, 0, 0x0000000000000000
2026/09/26 03:12:59.451, P3, 810, 7001, 20.32, 0, 0x0000000000000000
2026/09/26 03:12:59.514, P3, 810, 7001, 20.32, 0, 0x0000000000000000
2026/09/26 03:12:59.577, P3, 810, 7001, 20.32, 0, 0x0000000000000000
2026/09/26 03:12:59.640, P3, 810, 7001, 20.32, 0, 0x0000000000000000
2026/09/26 03:12:59.702, P3, 810, 7001, 20.32, 0, 0x0000000000000000
2026/09/26 03:12:59.765, P3, 810, 7001, 20.32, 0, 0x0000000000000000
2026/09/26 03:12:59.827, P3, 810, 7001, 20.32, 0, 0x0000000000000000
2026/09/26 03:12:59.890, P3, 810, 7001, 20.32, 0, 0x0000000000000000
2026/09/26 03:12:59.953, P0, 1177, 14201, 16.10, 2, 0x0000000000000000
2026/09/26 03:13:00.016, P0, 1177, 14201, 16.10, 2, 0x0000000000000000
2026/09/26 03:13:00.079, P0, 1177, 14201, 16.10, 2, 0x0000000000000000
2026/09/26 03:13:00.142, P0, 1177, 14201, 16.10, 2, 0x0000000000000000
2026/09/26 03:13:00.203, P0, 1177, 14201, 16.10, 2, 0x0000000000000000
2026/09/26 03:13:00.267, P0, 1177, 14201, 16.10, 2, 0x0000000000000000
2026/09/26 03:13:00.330, P0, 1177, 14201, 16.10, 2, 0x0000000000000000
2026/09/26 03:13:00.393, P0, 1177, 14201, 16.10, 2, 0x0000000000000000
2026/09/26 03:13:00.456, P1, 2857, 14001, 27.17, 30, 0x0000000000000000
2026/09/26 03:13:00.519, P1, 2857, 14001, 27.17, 30, 0x0000000000000000
2026/09/26 03:13:00.582, P1, 2857, 14001, 27.17, 30, 0x0000000000000000
2026/09/26 03:13:00.643, P1, 2857, 14001, 27.17, 30, 0x0000000000000000
2026/09/26 03:13:00.706, P1, 2857, 14001, 27.17, 30, 0x0000000000000000
2026/09/26 03:13:00.769, P1, 2857, 14001, 27.17, 30, 0x0000000000000000
2026/09/26 03:13:00.832, P1, 2857, 14001, 27.17, 30, 0x0000000000000000
2026/09/26 03:13:00.894, P1, 2857, 14001, 27.17, 30, 0x0000000000000000
2026/09/26 03:13:00.957, P1, 2955, 14001, 51.32, 52, 0x0000000000000000
2026/09/26 03:13:01.020, P1, 2955, 14001, 51.32, 52, 0x0000000000000000
2026/09/26 03:13:01.084, P1, 2955, 14001, 51.32, 52, 0x0000000000000000
2026/09/26 03:13:01.147, P1, 2955, 14001, 51.32, 52, 0x0000000000000000
2026/09/26 03:13:01.208, P1, 2955, 14001, 51.32, 52, 0x0000000000000000
2026/09/26 03:13:01.271, P1, 2955, 14001, 51.32, 52, 0x0000000000000000
2026/09/26 03:13:01.333, P1, 2955, 14001, 51.32, 52, 0x0000000000000000
2026/09/26 03:13:01.396, P1, 2955, 14001, 51.32, 52, 0x0000000000000000
2026/09/26 03:13:01.458, P1, 2955, 14001, 62.85, 52, 0x0000000000000000
2026/09/26 03:13:01.521, P1, 2955, 14001, 62.85, 52, 0x0000000000000000
2026/09/26 03:13:01.583, P1, 2955, 14001, 62.85, 52, 0x0000000000000000
2026/09/26 03:13:01.646, P1, 2955, 14001, 62.85, 52, 0x0000000000000000
2026/09/26 03:13:01.708, P1, 2955, 14001, 62.85, 52, 0x0000000000000000
2026/09/26 03:13:01.770, P1, 2955, 14001, 62.85, 52, 0x0000000000000000
2026/09/26 03:13:01.833, P1, 2955, 14001, 62.85, 52, 0x0000000000000000
2026/09/26 03:13:01.897, P1, 2955, 14001, 62.85, 52, 0x0000000000000000
2026/09/26 03:13:01.960, P0, 2970, 14201, 55.60, 4, 0x0000000000000000
2026/09/26 03:13:02.022, P0, 2970, 14201, 55.60, 4, 0x0000000000000000
2026/09/26 03:13:02.084, P0, 2970, 14201, 55.60, 4, 0x0000000000000000
2026/09/26 03:13:02.148, P0, 2970, 14201, 55.60, 4, 0x0000000000000000
2026/09/26 03:13:02.211, P0, 2970, 14201, 55.60, 4, 0x0000000000000000
2026/09/26 03:13:02.273, P0, 2970, 14201, 55.60, 4, 0x0000000000000000
2026/09/26 03:13:02.336, P0, 2970, 14201, 55.60, 4, 0x0000000000000000
2026/09/26 03:13:02.399, P0, 2970, 14201, 55.60, 4, 0x0000000000000000
2026/09/26 03:13:02.462, P1, 2962, 14001, 46.45, 13, 0x0000000000000000
2026/09/26 03:13:02.524, P1, 2962, 14001, 46.45, 13, 0x0000000000000000
2026/09/26 03:13:02.587, P1, 2962, 14001, 46.45, 13, 0x0000000000000000
2026/09/26 03:13:02.649, P1, 2962, 14001, 46.45, 13, 0x0000000000000000
2026/09/26 03:13:02.712, P1, 2962, 14001, 46.45, 13, 0x0000000000000000
2026/09/26 03:13:02.777, P1, 2962, 14001, 46.45, 13, 0x0000000000000000
2026/09/26 03:13:02.840, P1, 2962, 14001, 46.45, 13, 0x0000000000000000
2026/09/26 03:13:02.901, P1, 2962, 14001, 46.45, 13, 0x0000000000000000
2026/09/26 03:13:02.963, P1, 2955, 14001, 50.74, 51, 0x0000000000000000
2026/09/26 03:13:03.026, P1, 2955, 14001, 50.74, 51, 0x0000000000000000
2026/09/26 03:13:03.089, P1, 2955, 14001, 50.74, 51, 0x0000000000000000
2026/09/26 03:13:03.151, P1, 2955, 14001, 50.74, 51, 0x0000000000000000
2026/09/26 03:13:03.215, P1, 2955, 14001, 50.74, 51, 0x0000000000000000
2026/09/26 03:13:03.277, P1, 2955, 14001, 50.74, 51, 0x0000000000000000
2026/09/26 03:13:03.340, P1, 2955, 14001, 50.74, 51, 0x0000000000000000
2026/09/26 03:13:03.402, P1, 2955, 14001, 50.74, 51, 0x0000000000000000
2026/09/26 03:13:03.465, P1, 2955, 14001, 59.92, 51, 0x0000000000000000
2026/09/26 03:13:03.528, P1, 2955, 14001, 59.92, 51, 0x0000000000000000
2026/09/26 03:13:03.592, P1, 2955, 14001, 59.92, 51, 0x0000000000000000
2026/09/26 03:13:03.654, P1, 2955, 14001, 59.92, 51, 0x0000000000000000
2026/09/26 03:13:03.717, P1, 2955, 14001, 59.92, 51, 0x0000000000000000
2026/09/26 03:13:03.779, P1, 2955, 14001, 59.92, 51, 0x0000000000000000
2026/09/26 03:13:03.841, P1, 2955, 14001, 59.92, 51, 0x0000000000000000
2026/09/26 03:13:03.904, P1, 2955, 14001, 59.92, 51, 0x0000000000000000
2026/09/26 03:13:03.966, P0, 2962, 14201, 56.89, 0, 0x0000000000000000
2026/09/26 03:13:04.029, P0, 2962, 14201, 56.89, 0, 0x0000000000000000
2026/09/26 03:13:04.092, P0, 2962, 14201, 56.89, 0, 0x0000000000000000
2026/09/26 03:13:04.154, P0, 2962, 14201, 56.89, 0, 0x0000000000000000
2026/09/26 03:13:04.217, P0, 2962, 14201, 56.89, 0, 0x0000000000000000
2026/09/26 03:13:04.279, P0, 2962, 14201, 56.89, 0, 0x0000000000000000
2026/09/26 03:13:04.340, P0, 2962, 14201, 56.89, 0, 0x0000000000000000
2026/09/26 03:13:04.403, P0, 2962, 14201, 56.89, 0, 0x0000000000000000
2026/09/26 03:13:04.465, P0, 2970, 14201, 43.97, 0, 0x0000000000000000
2026/09/26 03:13:04.527, P0, 2970, 14201, 43.97, 0, 0x0000000000000000
2026/09/26 03:13:04.589, P0, 2970, 14201, 43.97, 0, 0x0000000000000000
2026/09/26 03:13:04.652, P0, 2970, 14201, 43.97, 0, 0x0000000000000000
2026/09/26 03:13:04.714, P0, 2970, 14201, 43.97, 0, 0x0000000000000000
2026/09/26 03:13:04.777, P0, 2970, 14201, 43.97, 0, 0x0000000000000000
2026/09/26 03:13:04.840, P0, 2970, 14201, 43.97, 0, 0x0000000000000000
2026/09/26 03:13:04.902, P0, 2970, 14201, 43.97, 0, 0x0000000000000000
2026/09/26 03:13:04.965, P0, 2970, 14201, 36.78, 0, 0x0000000000000000
2026/09/26 03:13:05.027, P0, 2970, 14201, 36.78, 0, 0x0000000000000000
2026/09/26 03:13:05.091, P0, 2970, 14201, 36.78, 0, 0x0000000000000000
2026/09/26 03:13:05.153, P0, 2970, 14201, 36.78, 0, 0x0000000000000000
2026/09/26 03:13:05.215, P0, 2970, 14201, 36.78, 0, 0x0000000000000000
2026/09/26 03:13:05.276, P0, 2970, 14201, 36.78, 0, 0x0000000000000000
2026/09/26 03:13:05.339, P0, 2970, 14201, 36.78, 0, 0x0000000000000000
2026/09/26 03:13:05.400, P0, 2970, 14201, 36.78, 0, 0x0000000000000000
2026/09/26 03:13:05.461, P3, 1747, 7001, 34.66, 0, 0x0000000000000000
2026/09/26 03:13:05.524, P3, 1747, 7001, 34.66, 0, 0x0000000000000000
2026/09/26 03:13:05.588, P3, 1747, 7001, 34.66, 0, 0x0000000000000000
2026/09/26 03:13:05.649, P3, 1747, 7001, 34.66, 0, 0x0000000000000000
2026/09/26 03:13:05.710, P3, 1747, 7001, 34.66, 0, 0x0000000000000000
2026/09/26 03:13:05.774, P3, 1747, 7001, 34.66, 0, 0x0000000000000000
2026/09/26 03:13:05.835, P3, 1747, 7001, 34.66, 0, 0x0000000000000000
2026/09/26 03:13:05.898, P3, 1747, 7001, 34.66, 0, 0x0000000000000000
2026/09/26 03:13:05.960, P3, 847, 7001, 24.41, 0, 0x0000000000000000
2026/09/26 03:13:06.022, P3, 847, 7001, 24.41, 0, 0x0000000000000000
2026/09/26 03:13:06.085, P3, 847, 7001, 24.41, 0, 0x0000000000000000
2026/09/26 03:13:06.147, P3, 847, 7001, 24.41, 0, 0x0000000000000000
2026/09/26 03:13:06.210, P3, 847, 7001, 24.41, 0, 0x0000000000000000
2026/09/26 03:13:06.273, P3, 847, 7001, 24.41, 0, 0x0000000000000000
2026/09/26 03:13:06.335, P3, 847, 7001, 24.41, 0, 0x0000000000000000
2026/09/26 03:13:06.397, P3, 847, 7001, 24.41, 0, 0x0000000000000000
2026/09/26 03:13:06.458, P3, 720, 7001, 16.21, 0, 0x0000000000000000
2026/09/26 03:13:06.520, P3, 720, 7001, 16.21, 0, 0x0000000000000000
2026/09/26 03:13:06.582, P3, 720, 7001, 16.21, 0, 0x0000000000000000
2026/09/26 03:13:06.644, P3, 720, 7001, 16.21, 0, 0x0000000000000000
2026/09/26 03:13:06.706, P3, 720, 7001, 16.21, 0, 0x0000000000000000
2026/09/26 03:13:06.769, P3, 720, 7001, 16.21, 0, 0x0000000000000000
2026/09/26 03:13:06.831, P3, 720, 7001, 16.21, 0, 0x0000000000000000
2026/09/26 03:13:06.893, P3, 720, 7001, 16.21, 0, 0x0000000000000000
2026/09/26 03:13:06.955, P0, 2272, 14201, 18.08, 2, 0x0000000000000000
2026/09/26 03:13:07.018, P0, 2272, 14201, 18.08, 2, 0x0000000000000000
2026/09/26 03:13:07.081, P0, 2272, 14201, 18.08, 2, 0x0000000000000000
2026/09/26 03:13:07.142, P0, 2272, 14201, 18.08, 2, 0x0000000000000000
2026/09/26 03:13:07.205, P0, 2272, 14201, 18.08, 2, 0x0000000000000000
2026/09/26 03:13:07.266, P0, 2272, 14201, 18.08, 2, 0x0000000000000000
2026/09/26 03:13:07.329, P0, 2272, 14201, 18.08, 2, 0x0000000000000000
2026/09/26 03:13:07.393, P0, 2272, 14201, 18.08, 2, 0x0000000000000000
2026/09/26 03:13:07.454, P1, 2902, 14001, 32.08, 44, 0x0000000000000000
2026/09/26 03:13:07.517, P1, 2902, 14001, 32.08, 44, 0x0000000000000000
2026/09/26 03:13:07.581, P1, 2902, 14001, 32.08, 44, 0x0000000000000000
2026/09/26 03:13:07.643, P1, 2902, 14001, 32.08, 44, 0x0000000000000000
2026/09/26 03:13:07.706, P1, 2902, 14001, 32.08, 44, 0x0000000000000000
2026/09/26 03:13:07.767, P1, 2902, 14001, 32.08, 44, 0x0000000000000000
2026/09/26 03:13:07.830, P1, 2902, 14001, 32.08, 44, 0x0000000000000000
2026/09/26 03:13:07.892, P1, 2902, 14001, 32.08, 44, 0x0000000000000000
2026/09/26 03:13:07.954, P1, 2955, 14001, 50.22, 52, 0x0000000000000000
2026/09/26 03:13:08.017, P1, 2955, 14001, 50.22, 52, 0x0000000000000000
2026/09/26 03:13:08.079, P1, 2955, 14001, 50.22, 52, 0x0000000000000000
2026/09/26 03:13:08.142, P1, 2955, 14001, 50.22, 52, 0x0000000000000000
2026/09/26 03:13:08.204, P1, 2955, 14001, 50.22, 52, 0x0000000000000000
2026/09/26 03:13:08.267, P1, 2955, 14001, 50.22, 52, 0x0000000000000000
2026/09/26 03:13:08.329, P1, 2955, 14001, 50.22, 52, 0x0000000000000000
2026/09/26 03:13:08.390, P1, 2955, 14001, 50.22, 52, 0x0000000000000000
2026/09/26 03:13:08.452, P1, 2955, 14001, 62.07, 52, 0x0000000000000000
2026/09/26 03:13:08.515, P1, 2955, 14001, 62.07, 52, 0x0000000000000000
2026/09/26 03:13:08.576, P1, 2955, 14001, 62.07, 52, 0x0000000000000000
2026/09/26 03:13:08.639, P1, 2955, 14001, 62.07, 52, 0x0000000000000000
2026/09/26 03:13:08.702, P1, 2955, 14001, 62.07, 52, 0x0000000000000000
2026/09/26 03:13:08.765, P1, 2955, 14001, 62.07, 52, 0x0000000000000000
2026/09/26 03:13:08.829, P1, 2955, 14001, 62.07, 52, 0x0000000000000000
2026/09/26 03:13:08.891, P1, 2955, 14001, 62.07, 52, 0x0000000000000000
2026/09/26 03:13:08.953, P0, 2970, 14201, 53.04, 0, 0x0000000000000000
2026/09/26 03:13:09.015, P0, 2970, 14201, 53.04, 0, 0x0000000000000000
2026/09/26 03:13:09.077, P0, 2970, 14201, 53.04, 0, 0x0000000000000000
2026/09/26 03:13:09.140, P0, 2970, 14201, 53.04, 0, 0x0000000000000000
2026/09/26 03:13:09.202, P0, 2970, 14201, 53.04, 0, 0x0000000000000000
2026/09/26 03:13:09.264, P0, 2970, 14201, 53.04, 0, 0x0000000000000000
2026/09/26 03:13:09.327, P0, 2970, 14201, 53.04, 0, 0x0000000000000000
2026/09/26 03:13:09.390, P0, 2970, 14201, 53.04, 0, 0x0000000000000000
2026/09/26 03:13:09.453, P0, 2970, 14201, 39.74, 0, 0x0000000000000000
2026/09/26 03:13:09.516, P0, 2970, 14201, 39.74, 0, 0x0000000000000000
2026/09/26 03:13:09.577, P0, 2970, 14201, 39.74, 0, 0x0000000000000000
2026/09/26 03:13:09.640, P0, 2970, 14201, 39.74, 0, 0x0000000000000000
2026/09/26 03:13:09.702, P0, 2970, 14201, 39.74, 0, 0x0000000000000000
2026/09/26 03:13:09.765, P0, 2970, 14201, 39.74, 0, 0x0000000000000000
2026/09/26 03:13:09.826, P0, 2970, 14201, 39.74, 0, 0x0000000000000000
2026/09/26 03:13:09.889, P0, 2970, 14201, 39.74, 0, 0x0000000000000000
2026/09/26 03:13:09.951, P0, 2970, 14201, 36.83, 0, 0x0000000000000000
2026/09/26 03:13:10.014, P0, 2970, 14201, 36.83, 0, 0x0000000000000000
2026/09/26 03:13:10.077, P0, 2970, 14201, 36.83, 0, 0x0000000000000000
2026/09/26 03:13:10.139, P0, 2970, 14201, 36.83, 0, 0x0000000000000000
2026/09/26 03:13:10.202, P0, 2970, 14201, 36.83, 0, 0x0000000000000000
2026/09/26 03:13:10.265, P0, 2970, 14201, 36.83, 0, 0x0000000000000000
2026/09/26 03:13:10.326, P0, 2970, 14201, 36.83, 0, 0x0000000000000000
2026/09/26 03:13:10.390, P0, 2970, 14201, 36.83, 0, 0x0000000000000000
2026/09/26 03:13:10.451, P3, 1597, 7001, 35.04, 0, 0x0000000000000000
2026/09/26 03:13:10.513, P3, 1597, 7001, 35.04, 0, 0x0000000000000000
2026/09/26 03:13:10.576, P3, 1597, 7001, 35.04, 0, 0x0000000000000000
2026/09/26 03:13:10.638, P3, 1597, 7001, 35.04, 0, 0x0000000000000000
2026/09/26 03:13:10.701, P3, 1597, 7001, 35.04, 0, 0x0000000000000000
2026/09/26 03:13:10.763, P3, 1597, 7001, 35.04, 0, 0x0000000000000000
2026/09/26 03:13:10.826, P3, 1597, 7001, 35.04, 0, 0x0000000000000000
2026/09/26 03:13:10.888, P3, 1597, 7001, 35.04, 0, 0x0000000000000000
2026/09/26 03:13:10.951, P3, 652, 7001, 25.62, 0, 0x0000000000000000
2026/09/26 03:13:11.013, P3, 652, 7001, 25.62, 0, 0x0000000000000000
2026/09/26 03:13:11.075, P3, 652, 7001, 25.62, 0, 0x0000000000000000
2026/09/26 03:13:11.137, P3, 652, 7001, 25.62, 0, 0x0000000000000000
2026/09/26 03:13:11.199, P3, 652, 7001, 25.62, 0, 0x0000000000000000
2026/09/26 03:13:11.261, P3, 652, 7001, 25.62, 0, 0x0000000000000000
2026/09/26 03:13:11.324, P3, 652, 7001, 25.62, 0, 0x0000000000000000
2026/09/26 03:13:11.386, P3, 652, 7001, 25.62, 0, 0x0000000000000000
2026/09/26 03:13:11.449, P3, 570, 7001, 16.08, 0, 0x0000000000000000
2026/09/26 03:13:11.513, P3, 570, 7001, 16.08, 0, 0x0000000000000000
2026/09/26 03:13:11.575, P3, 570, 7001, 16.08, 0, 0x0000000000000000
2026/09/26 03:13:11.637, P3, 570, 7001, 16.08, 0, 0x0000000000000000
2026/09/26 03:13:11.700, P3, 570, 7001, 16.08, 0, 0x0000000000000000
2026/09/26 03:13:11.761, P3, 570, 7001, 16.08, 0, 0x0000000000000000
2026/09/26 03:13:11.824, P3, 570, 7001, 16.08, 0, 0x0000000000000000
2026/09/26 03:13:11.887, P3, 570, 7001, 16.08, 0, 0x0000000000000000
2026/09/26 03:13:11.950, P0, 2625, 14201, 21.18, 10, 0x0000000000000000
2026/09/26 03:13:12.014, P0, 2625, 14201, 21.18, 10, 0x0000000000000000
2026/09/26 03:13:12.076, P0, 2625, 14201, 21.18, 10, 0x0000000000000000
2026/09/26 03:13:12.139, P0, 2625, 14201, 21.18, 10, 0x0000000000000000
2026/09/26 03:13:12.203, P0, 2625, 14201, 21.18, 10, 0x0000000000000000
2026/09/26 03:13:12.266, P0, 2625, 14201, 21.18, 10, 0x0000000000000000
2026/09/26 03:13:12.329, P0, 2625, 14201, 21.18, 10, 0x0000000000000000
2026/09/26 03:13:12.393, P0, 2625, 14201, 21.18, 10, 0x0000000000000000
2026/09/26 03:13:12.454, P1, 2955, 14001, 37.02, 50, 0x0000000000000000
2026/09/26 03:13:12.516, P1, 2955, 14001, 37.02, 50, 0x0000000000000000
2026/09/26 03:13:12.579, P1, 2955, 14001, 37.02, 50, 0x0000000000000000
2026/09/26 03:13:12.642, P1, 2955, 14001, 37.02, 50, 0x0000000000000000
2026/09/26 03:13:12.704, P1, 2955, 14001, 37.02, 50, 0x0000000000000000
2026/09/26 03:13:12.768, P1, 2955, 14001, 37.02, 50, 0x0000000000000000
2026/09/26 03:13:12.831, P1, 2955, 14001, 37.02, 50, 0x0000000000000000
2026/09/26 03:13:12.893, P1, 2955, 14001, 37.02, 50, 0x0000000000000000
2026/09/26 03:13:12.956, P1, 2955, 14001, 57.05, 49, 0x0000000000000000
2026/09/26 03:13:13.018, P1, 2955, 14001, 57.05, 49, 0x0000000000000000
2026/09/26 03:13:13.080, P1, 2955, 14001, 57.05, 49, 0x0000000000000000
2026/09/26 03:13:13.142, P1, 2955, 14001, 57.05, 49, 0x0000000000000000
2026/09/26 03:13:13.204, P1, 2955, 14001, 57.05, 49, 0x0000000000000000
2026/09/26 03:13:13.267, P1, 2955, 14001, 57.05, 49, 0x0000000000000000
2026/09/26 03:13:13.329, P1, 2955, 14001, 57.05, 49, 0x0000000000000000
2026/09/26 03:13:13.392, P1, 2955, 14001, 57.05, 49, 0x0000000000000000
2026/09/26 03:13:13.455, P0, 2955, 14201, 60.43, 9, 0x0000000000000000
2026/09/26 03:13:13.518, P0, 2955, 14201, 60.43, 9, 0x0000000000000000
2026/09/26 03:13:13.581, P0, 2955, 14201, 60.43, 9, 0x0000000000000000
2026/09/26 03:13:13.643, P0, 2955, 14201, 60.43, 9, 0x0000000000000000
2026/09/26 03:13:13.705, P0, 2955, 14201, 60.43, 9, 0x0000000000000000
2026/09/26 03:13:13.766, P0, 2955, 14201, 60.43, 9, 0x0000000000000000
2026/09/26 03:13:13.829, P0, 2955, 14201, 60.43, 9, 0x0000000000000000
2026/09/26 03:13:13.893, P0, 2955, 14201, 60.43, 9, 0x0000000000000000
2026/09/26 03:13:13.955, P0, 2970, 14201, 49.23, 0, 0x0000000000000000
2026/09/26 03:13:14.019, P0, 2970, 14201, 49.23, 0, 0x0000000000000000
2026/09/26 03:13:14.081, P0, 2970, 14201, 49.23, 0, 0x0000000000000000
2026/09/26 03:13:14.143, P0, 2970, 14201, 49.23, 0, 0x0000000000000000
2026/09/26 03:13:14.205, P0, 2970, 14201, 49.23, 0, 0x0000000000000000
2026/09/26 03:13:14.269, P0, 2970, 14201, 49.23, 0, 0x0000000000000000
2026/09/26 03:13:14.331, P0, 2970, 14201, 49.23, 0, 0x0000000000000000
2026/09/26 03:13:14.395, P0, 2970, 14201, 49.23, 0, 0x0000000000000000
2026/09/26 03:13:14.456, P0, 2970, 14201, 37.56, 0, 0x0000000000000000
2026/09/26 03:13:14.519, P0, 2970, 14201, 37.56, 0, 0x0000000000000000
2026/09/26 03:13:14.581, P0, 2970, 14201, 37.56, 0, 0x0000000000000000
2026/09/26 03:13:14.644, P0, 2970, 14201, 37.56, 0, 0x0000000000000000
2026/09/26 03:13:14.706, P0, 2970, 14201, 37.56, 0, 0x0000000000000000
2026/09/26 03:13:14.768, P0, 2970, 14201, 37.56, 0, 0x0000000000000000
2026/09/26 03:13:14.831, P0, 2970, 14201, 37.56, 0, 0x0000000000000000
2026/09/26 03:13:14.893, P0, 2970, 14201, 37.56, 0, 0x0000000000000000
2026/09/26 03:13:14.956, P0, 2970, 14201, 36.80, 0, 0x0000000000000000
2026/09/26 03:13:15.019, P0, 2970, 14201, 36.80, 0, 0x0000000000000000
2026/09/26 03:13:15.082, P0, 2970, 14201, 36.80, 0, 0x0000000000000000
2026/09/26 03:13:15.143, P0, 2970, 14201, 36.80, 0, 0x0000000000000000
2026/09/26 03:13:15.205, P0, 2970, 14201, 36.80, 0, 0x0000000000000000
2026/09/26 03:13:15.268, P0, 2970, 14201, 36.80, 0, 0x0000000000000000
2026/09/26 03:13:15.330, P0, 2970, 14201, 36.80, 0, 0x0000000000000000
2026/09/26 03:13:15.392, P0, 2970, 14201, 36.80, 0, 0x0000000000000000
2026/09/26 03:13:15.454, P3, 742, 7001, 30.62, 0, 0x0000000000000000
2026/09/26 03:13:15.516, P3, 742, 7001, 30.62, 0, 0x0000000000000000
2026/09/26 03:13:15.579, P3, 742, 7001, 30.62, 0, 0x0000000000000000
2026/09/26 03:13:15.642, P3, 742, 7001, 30.62, 0, 0x0000000000000000
2026/09/26 03:13:15.705, P3, 742, 7001, 30.62, 0, 0x0000000000000000
2026/09/26 03:13:15.768, P3, 742, 7001, 30.62, 0, 0x0000000000000000
2026/09/26 03:13:15.831, P3, 742, 7001, 30.62, 0, 0x0000000000000000
2026/09/26 03:13:15.892, P3, 742, 7001, 30.62, 0, 0x0000000000000000
2026/09/26 03:13:15.955, P3, 600, 7001, 20.24, 0, 0x0000000000000000
2026/09/26 03:13:16.018, P3, 600, 7001, 20.24, 0, 0x0000000000000000
2026/09/26 03:13:16.080, P3, 600, 7001, 20.24, 0, 0x0000000000000000
2026/09/26 03:13:16.142, P3, 600, 7001, 20.24, 0, 0x0000000000000000
2026/09/26 03:13:16.204, P3, 600, 7001, 20.24, 0, 0x0000000000000000
2026/09/26 03:13:16.267, P3, 600, 7001, 20.24, 0, 0x0000000000000000
2026/09/26 03:13:16.329, P3, 600, 7001, 20.24, 0, 0x0000000000000000
2026/09/26 03:13:16.392, P3, 600, 7001, 20.24, 0, 0x0000000000000000
2026/09/26 03:13:16.454, P0, 742, 14001, 16.03, 1, 0x0000000000000000
2026/09/26 03:13:16.516, P0, 742, 14001, 16.03, 1, 0x0000000000000000
2026/09/26 03:13:16.577, P0, 742, 14001, 16.03, 1, 0x0000000000000000
2026/09/26 03:13:16.640, P0, 742, 14001, 16.03, 1, 0x0000000000000000
2026/09/26 03:13:16.703, P0, 742, 14001, 16.03, 1, 0x0000000000000000
2026/09/26 03:13:16.765, P0, 742, 14001, 16.03, 1, 0x0000000000000000
2026/09/26 03:13:16.828, P0, 742, 14001, 16.03, 1, 0x0000000000000000
2026/09/26 03:13:16.891, P0, 742, 14001, 16.03, 1, 0x0000000000000000
2026/09/26 03:13:16.954, P0, 2692, 14201, 25.31, 3, 0x0000000000000000
2026/09/26 03:13:17.016, P0, 2692, 14201, 25.31, 3, 0x0000000000000000
2026/09/26 03:13:17.079, P0, 2692, 14201, 25.31, 3, 0x0000000000000000
2026/09/26 03:13:17.141, P0, 2692, 14201, 25.31, 3, 0x0000000000000000
2026/09/26 03:13:17.203, P0, 2692, 14201, 25.31, 3, 0x0000000000000000
2026/09/26 03:13:17.265, P0, 2692, 14201, 25.31, 3, 0x0000000000000000
2026/09/26 03:13:17.328, P0, 2692, 14201, 25.31, 3, 0x0000000000000000
2026/09/26 03:13:17.392, P0, 2692, 14201, 25.31, 3, 0x0000000000000000
2026/09/26 03:13:17.454, P0, 2535, 14201, 29.40, 0, 0x0000000000000000
2026/09/26 03:13:17.516, P0, 2535, 14201, 29.40, 0, 0x0000000000000000
2026/09/26 03:13:17.577, P0, 2535, 14201, 29.40, 0, 0x0000000000000000
2026/09/26 03:13:17.640, P0, 2535, 14201, 29.40, 0, 0x0000000000000000
2026/09/26 03:13:17.701, P0, 2535, 14201, 29.40, 0, 0x0000000000000000
2026/09/26 03:13:17.763, P0, 2535, 14201, 29.40, 0, 0x0000000000000000
2026/09/26 03:13:17.825, P0, 2535, 14201, 29.40, 0, 0x0000000000000000
2026/09/26 03:13:17.887, P0, 2535, 14201, 29.40, 0, 0x0000000000000000
2026/09/26 03:13:17.949, P0, 2535, 14201, 27.24, 0, 0x0000000000000000
2026/09/26 03:13:18.011, P0, 2535, 14201, 27.24, 0, 0x0000000000000000
2026/09/26 03:13:18.072, P0, 2535, 14201, 27.24, 0, 0x0000000000000000
2026/09/26 03:13:18.135, P0, 2535, 14201, 27.24, 0, 0x0000000000000000
2026/09/26 03:13:18.197, P0, 2535, 14201, 27.24, 0, 0x0000000000000000
2026/09/26 03:13:18.259, P0, 2535, 14201, 27.24, 0, 0x0000000000000000
2026/09/26 03:13:18.321, P0, 2535, 14201, 27.24, 0, 0x0000000000000000
2026/09/26 03:13:18.383, P0, 2535, 14201, 27.24, 0, 0x0000000000000000
2026/09/26 03:13:18.445, P0, 2535, 14201, 26.92, 0, 0x0000000000000000
2026/09/26 03:13:18.507, P0, 2535, 14201, 26.92, 0, 0x0000000000000000
2026/09/26 03:13:18.571, P0, 2535, 14201, 26.92, 0, 0x0000000000000000
2026/09/26 03:13:18.633, P0, 2535, 14201, 26.92, 0, 0x0000000000000000
2026/09/26 03:13:18.695, P0, 2535, 14201, 26.92, 0, 0x0000000000000000
2026/09/26 03:13:18.757, P0, 2535, 14201, 26.92, 0, 0x0000000000000000
2026/09/26 03:13:18.819, P0, 2535, 14201, 26.92, 0, 0x0000000000000000
2026/09/26 03:13:18.882, P0, 2535, 14201, 26.92, 0, 0x0000000000000000
2026/09/26 03:13:18.943, P3, 1042, 7001, 24.94, 0, 0x0000000000000000
2026/09/26 03:13:19.006, P3, 1042, 7001, 24.94, 0, 0x0000000000000000
2026/09/26 03:13:19.069, P3, 1042, 7001, 24.94, 0, 0x0000000000000000
2026/09/26 03:13:19.132, P3, 1042, 7001, 24.94, 0, 0x0000000000000000
2026/09/26 03:13:19.195, P3, 1042, 7001, 24.94, 0, 0x0000000000000000
2026/09/26 03:13:19.258, P3, 1042, 7001, 24.94, 0, 0x0000000000000000
2026/09/26 03:13:19.321, P3, 1042, 7001, 24.94, 0, 0x0000000000000000
2026/09/26 03:13:19.385, P3, 1042, 7001, 24.94, 0, 0x0000000000000000
2026/09/26 03:13:19.448, P3, 855, 7001, 18.38, 0, 0x0000000000000000
2026/09/26 03:13:19.510, P3, 855, 7001, 18.38, 0, 0x0000000000000000
2026/09/26 03:13:19.573, P3, 855, 7001, 18.38, 0, 0x0000000000000000
2026/09/26 03:13:19.635, P3, 855, 7001, 18.38, 0, 0x0000000000000000
2026/09/26 03:13:19.699, P3, 855, 7001, 18.38, 0, 0x0000000000000000
2026/09/26 03:13:19.761, P3, 855, 7001, 18.38, 0, 0x0000000000000000
2026/09/26 03:13:19.823, P3, 855, 7001, 18.38, 0, 0x0000000000000000
2026/09/26 03:13:19.886, P3, 855, 7001, 18.38, 0, 0x0000000000000000
2026/09/26 03:13:19.947, P0, 1185, 14201, 16.01, 2, 0x0000000000000000
2026/09/26 03:13:20.008, P0, 1185, 14201, 16.01, 2, 0x0000000000000000
2026/09/26 03:13:20.069, P0, 1185, 14201, 16.01, 2, 0x0000000000000000
2026/09/26 03:13:20.132, P0, 1185, 14201, 16.01, 2, 0x0000000000000000
2026/09/26 03:13:20.195, P0, 1185, 14201, 16.01, 2, 0x0000000000000000
2026/09/26 03:13:20.257, P0, 1185, 14201, 16.01, 2, 0x0000000000000000
2026/09/26 03:13:20.320, P0, 1185, 14201, 16.01, 2, 0x0000000000000000
2026/09/26 03:13:20.382, P0, 1185, 14201, 16.01, 2, 0x0000000000000000
2026/09/26 03:13:20.445, P1, 2940, 14001, 28.90, 52, 0x0000000000000000
2026/09/26 03:13:20.508, P1, 2940, 14001, 28.90, 52, 0x0000000000000000
2026/09/26 03:13:20.569, P1, 2940, 14001, 28.90, 52, 0x0000000000000000
2026/09/26 03:13:20.633, P1, 2940, 14001, 28.90, 52, 0x0000000000000000
2026/09/26 03:13:20.695, P1, 2940, 14001, 28.90, 52, 0x0000000000000000
2026/09/26 03:13:20.758, P1, 2940, 14001, 28.90, 52, 0x0000000000000000
2026/09/26 03:13:20.821, P1, 2940, 14001, 28.90, 52, 0x0000000000000000
2026/09/26 03:13:20.884, P1, 2940, 14001, 28.90, 52, 0x0000000000000000
2026/09/26 03:13:20.947, P1, 2955, 14001, 52.57, 53, 0x0000000000000000
2026/09/26 03:13:21.010, P1, 2955, 14001, 52.57, 53, 0x0000000000000000
2026/09/26 03:13:21.073, P1, 2955, 14001, 52.57, 53, 0x0000000000000000
2026/09/26 03:13:21.136, P1, 2955, 14001, 52.57, 53, 0x0000000000000000
2026/09/26 03:13:21.199, P1, 2955, 14001, 52.57, 53, 0x0000000000000000
2026/09/26 03:13:21.261, P1, 2955, 14001, 52.57, 53, 0x0000000000000000
2026/09/26 03:13:21.324, P1, 2955, 14001, 52.57, 53, 0x0000000000000000
2026/09/26 03:13:21.388, P1, 2955, 14001, 52.57, 53, 0x0000000000000000
2026/09/26 03:13:21.449, P0, 2955, 14201, 63.08, 53, 0x0000000000000000
2026/09/26 03:13:21.512, P0, 2955, 14201, 63.08, 53, 0x0000000000000000
2026/09/26 03:13:21.574, P0, 2955, 14201, 63.08, 53, 0x0000000000000000
2026/09/26 03:13:21.636, P0, 2955, 14201, 63.08, 53, 0x0000000000000000
2026/09/26 03:13:21.698, P0, 2955, 14201, 63.08, 53, 0x0000000000000000
2026/09/26 03:13:21.760, P0, 2955, 14201, 63.08, 53, 0x0000000000000000
2026/09/26 03:13:21.822, P0, 2955, 14201, 63.08, 53, 0x0000000000000000
2026/09/26 03:13:21.885, P0, 2955, 14201, 63.08, 53, 0x0000000000000000
2026/09/26 03:13:21.947, P0, 2955, 14201, 53.99, 0, 0x0000000000000000
2026/09/26 03:13:22.009, P0, 2955, 14201, 53.99, 0, 0x0000000000000000
2026/09/26 03:13:22.072, P0, 2955, 14201, 53.99, 0, 0x0000000000000000
2026/09/26 03:13:22.134, P0, 2955, 14201, 53.99, 0, 0x0000000000000000
2026/09/26 03:13:22.195, P0, 2955, 14201, 53.99, 0, 0x0000000000000000
2026/09/26 03:13:22.259, P0, 2955, 14201, 53.99, 0, 0x0000000000000000
2026/09/26 03:13:22.321, P0, 2955, 14201, 53.99, 0, 0x0000000000000000
2026/09/26 03:13:22.385, P0, 2955, 14201, 53.99, 0, 0x0000000000000000
2026/09/26 03:13:22.447, P0, 2970, 14201, 42.20, 0, 0x0000000000000000
2026/09/26 03:13:22.509, P0, 2970, 14201, 42.20, 0, 0x0000000000000000
2026/09/26 03:13:22.573, P0, 2970, 14201, 42.20, 0, 0x0000000000000000
2026/09/26 03:13:22.635, P0, 2970, 14201, 42.20, 0, 0x0000000000000000
2026/09/26 03:13:22.697, P0, 2970, 14201, 42.20, 0, 0x0000000000000000
2026/09/26 03:13:22.759, P0, 2970, 14201, 42.20, 0, 0x0000000000000000
2026/09/26 03:13:22.822, P0, 2970, 14201, 42.20, 0, 0x0000000000000000
2026/09/26 03:13:22.885, P0, 2970, 14201, 42.20, 0, 0x0000000000000000
2026/09/26 03:13:22.947, P0, 2970, 14201, 36.83, 0, 0x0000000000000000
2026/09/26 03:13:23.008, P0, 2970, 14201, 36.83, 0, 0x0000000000000000
2026/09/26 03:13:23.069, P0, 2970, 14201, 36.83, 0, 0x0000000000000000
2026/09/26 03:13:23.132, P0, 2970, 14201, 36.83, 0, 0x0000000000000000
2026/09/26 03:13:23.193, P0, 2970, 14201, 36.83, 0, 0x0000000000000000
2026/09/26 03:13:23.257, P0, 2970, 14201, 36.83, 0, 0x0000000000000000
2026/09/26 03:13:23.319, P0, 2970, 14201, 36.83, 0, 0x0000000000000000
2026/09/26 03:13:23.380, P0, 2970, 14201, 36.83, 0, 0x0000000000000000
2026/09/26 03:13:23.443, P0, 2535, 14201, 34.01, 0, 0x0000000000000000
2026/09/26 03:13:23.508, P0, 2535, 14201, 34.01, 0, 0x0000000000000000
2026/09/26 03:13:23.570, P0, 2535, 14201, 34.01, 0, 0x0000000000000000
2026/09/26 03:13:23.633, P0, 2535, 14201, 34.01, 0, 0x0000000000000000
2026/09/26 03:13:23.694, P0, 2535, 14201, 34.01, 0, 0x0000000000000000
2026/09/26 03:13:23.756, P0, 2535, 14201, 34.01, 0, 0x0000000000000000
2026/09/26 03:13:23.819, P0, 2535, 14201, 34.01, 0, 0x0000000000000000
2026/09/26 03:13:23.881, P0, 2535, 14201, 34.01, 0, 0x0000000000000000
2026/09/26 03:13:23.945, P0, 2535, 14201, 29.13, 0, 0x0000000000000000
2026/09/26 03:13:24.007, P0, 2535, 14201, 29.13, 0, 0x0000000000000000
2026/09/26 03:13:24.070, P0, 2535, 14201, 29.13, 0, 0x0000000000000000
2026/09/26 03:13:24.133, P0, 2535, 14201, 29.13, 0, 0x0000000000000000
2026/09/26 03:13:24.195, P0, 2535, 14201, 29.13, 0, 0x0000000000000000
2026/09/26 03:13:24.256, P0, 2535, 14201, 29.13, 0, 0x0000000000000000
2026/09/26 03:13:24.319, P0, 2535, 14201, 29.13, 0, 0x0000000000000000
2026/09/26 03:13:24.381, P0, 2535, 14201, 29.13, 0, 0x0000000000000000
2026/09/26 03:13:24.443, P0, 2535, 14201, 27.06, 0, 0x0000000000000000
2026/09/26 03:13:24.506, P0, 2535, 14201, 27.06, 0, 0x0000000000000000
2026/09/26 03:13:24.568, P0, 2535, 14201, 27.06, 0, 0x0000000000000000
2026/09/26 03:13:24.631, P0, 2535, 14201, 27.06, 0, 0x0000000000000000
2026/09/26 03:13:24.693, P0, 2535, 14201, 27.06, 0, 0x0000000000000000
2026/09/26 03:13:24.756, P0, 2535, 14201, 27.06, 0, 0x0000000000000000
2026/09/26 03:13:24.820, P0, 2535, 14201, 27.06, 0, 0x0000000000000000
2026/09/26 03:13:24.883, P0, 2535, 14201, 27.06, 0, 0x0000000000000000
2026/09/26 03:13:24.944, P0, 1560, 14201, 25.68, 8, 0x0000000000000000
2026/09/26 03:13:25.006, P0, 1560, 14201, 25.68, 8, 0x0000000000000000
2026/09/26 03:13:25.069, P0, 1560, 14201, 25.68, 8, 0x0000000000000000
2026/09/26 03:13:25.131, P0, 1560, 14201, 25.68, 8, 0x0000000000000000
2026/09/26 03:13:25.195, P0, 1560, 14201, 25.68, 8, 0x0000000000000000
2026/09/26 03:13:25.256, P0, 1560, 14201, 25.68, 8, 0x0000000000000000
2026/09/26 03:13:25.319, P0, 1560, 14201, 25.68, 8, 0x0000000000000000
2026/09/26 03:13:25.383, P0, 1560, 14201, 25.68, 8, 0x0000000000000000
2026/09/26 03:13:25.446, P1, 2955, 14001, 39.13, 42, 0x0000000000000000
2026/09/26 03:13:25.508, P1, 2955, 14001, 39.13, 42, 0x0000000000000000
2026/09/26 03:13:25.572, P1, 2955, 14001, 39.13, 42, 0x0000000000000000
2026/09/26 03:13:25.635, P1, 2955, 14001, 39.13, 42, 0x0000000000000000
2026/09/26 03:13:25.697, P1, 2955, 14001, 39.13, 42, 0x0000000000000000
2026/09/26 03:13:25.759, P1, 2955, 14001, 39.13, 42, 0x0000000000000000
2026/09/26 03:13:25.821, P1, 2955, 14001, 39.13, 42, 0x0000000000000000
2026/09/26 03:13:25.885, P1, 2955, 14001, 39.13, 42, 0x0000000000000000
2026/09/26 03:13:25.947, P1, 2955, 14001, 58.96, 53, 0x0000000000000000
2026/09/26 03:13:26.009, P1, 2955, 14001, 58.96, 53, 0x0000000000000000
2026/09/26 03:13:26.071, P1, 2955, 14001, 58.96, 53, 0x0000000000000000
2026/09/26 03:13:26.132, P1, 2955, 14001, 58.96, 53, 0x0000000000000000
2026/09/26 03:13:26.193, P1, 2955, 14001, 58.96, 53, 0x0000000000000000
2026/09/26 03:13:26.255, P1, 2955, 14001, 58.96, 53, 0x0000000000000000
2026/09/26 03:13:26.318, P1, 2955, 14001, 58.96, 53, 0x0000000000000000
2026/09/26 03:13:26.382, P1, 2955, 14001, 58.96, 53, 0x0000000000000000
2026/09/26 03:13:26.443, P0, 2955, 14201, 57.94, 10, 0x0000000000000000
2026/09/26 03:13:26.506, P0, 2955, 14201, 57.94, 10, 0x0000000000000000
2026/09/26 03:13:26.568, P0, 2955, 14201, 57.94, 10, 0x0000000000000000
2026/09/26 03:13:26.630, P0, 2955, 14201, 57.94, 10, 0x0000000000000000
2026/09/26 03:13:26.693, P0, 2955, 14201, 57.94, 10, 0x0000000000000000
2026/09/26 03:13:26.756, P0, 2955, 14201, 57.94, 10, 0x0000000000000000
2026/09/26 03:13:26.819, P0, 2955, 14201, 57.94, 10, 0x0000000000000000
2026/09/26 03:13:26.881, P0, 2955, 14201, 57.94, 10, 0x0000000000000000
2026/09/26 03:13:26.943, P0, 2955, 14201, 48.75, 8, 0x0000000000000000
2026/09/26 03:13:27.005, P0, 2955, 14201, 48.75, 8, 0x0000000000000000
2026/09/26 03:13:27.067, P0, 2955, 14201, 48.75, 8, 0x0000000000000000
2026/09/26 03:13:27.131, P0, 2955, 14201, 48.75, 8, 0x0000000000000000
2026/09/26 03:13:27.191, P0, 2955, 14201, 48.75, 8, 0x0000000000000000
2026/09/26 03:13:27.254, P0, 2955, 14201, 48.75, 8, 0x0000000000000000
2026/09/26 03:13:27.317, P0, 2955, 14201, 48.75, 8, 0x0000000000000000
2026/09/26 03:13:27.379, P0, 2955, 14201, 48.75, 8, 0x0000000000000000
2026/09/26 03:13:27.440, P0, 2955, 14201, 39.99, 0, 0x0000000000000000
2026/09/26 03:13:27.503, P0, 2955, 14201, 39.99, 0, 0x0000000000000000
2026/09/26 03:13:27.566, P0, 2955, 14201, 39.99, 0, 0x0000000000000000
2026/09/26 03:13:27.628, P0, 2955, 14201, 39.99, 0, 0x0000000000000000
2026/09/26 03:13:27.690, P0, 2955, 14201, 39.99, 0, 0x0000000000000000
2026/09/26 03:13:27.752, P0, 2955, 14201, 39.99, 0, 0x0000000000000000
2026/09/26 03:13:27.814, P0, 2955, 14201, 39.99, 0, 0x0000000000000000
2026/09/26 03:13:27.878, P0, 2955, 14201, 39.99, 0, 0x0000000000000000
2026/09/26 03:13:27.940, P0, 2865, 14201, 36.25, 0, 0x0000000000000000
2026/09/26 03:13:28.003, P0, 2865, 14201, 36.25, 0, 0x0000000000000000
2026/09/26 03:13:28.066, P0, 2865, 14201, 36.25, 0, 0x0000000000000000
2026/09/26 03:13:28.128, P0, 2865, 14201, 36.25, 0, 0x0000000000000000
2026/09/26 03:13:28.189, P0, 2865, 14201, 36.25, 0, 0x0000000000000000
2026/09/26 03:13:28.252, P0, 2865, 14201, 36.25, 0, 0x0000000000000000
2026/09/26 03:13:28.315, P0, 2865, 14201, 36.25, 0, 0x0000000000000000
2026/09/26 03:13:28.377, P0, 2865, 14201, 36.25, 0, 0x0000000000000000
2026/09/26 03:13:28.439, P0, 2535, 14201, 31.79, 0, 0x0000000000000000
2026/09/26 03:13:28.502, P0, 2535, 14201, 31.79, 0, 0x0000000000000000
2026/09/26 03:13:28.565, P0, 2535, 14201, 31.79, 0, 0x0000000000000000
2026/09/26 03:13:28.626, P0, 2535, 14201, 31.79, 0, 0x0000000000000000
2026/09/26 03:13:28.690, P0, 2535, 14201, 31.79, 0, 0x0000000000000000
2026/09/26 03:13:28.753, P0, 2535, 14201, 31.79, 0, 0x0000000000000000
2026/09/26 03:13:28.816, P0, 2535, 14201, 31.79, 0, 0x0000000000000000
2026/09/26 03:13:28.877, P0, 2535, 14201, 31.79, 0, 0x0000000000000000
2026/09/26 03:13:28.939, P0, 2535, 14201, 27.38, 0, 0x0000000000000000
2026/09/26 03:13:29.001, P0, 2535, 14201, 27.38, 0, 0x0000000000000000
2026/09/26 03:13:29.063, P0, 2535, 14201, 27.38, 0, 0x0000000000000000
2026/09/26 03:13:29.126, P0, 2535, 14201, 27.38, 0, 0x0000000000000000
2026/09/26 03:13:29.188, P0, 2535, 14201, 27.38, 0, 0x0000000000000000
2026/09/26 03:13:29.249, P0, 2535, 14201, 27.38, 0, 0x0000000000000000
2026/09/26 03:13:29.313, P0, 2535, 14201, 27.38, 0, 0x0000000000000000
2026/09/26 03:13:29.376, P0, 2535, 14201, 27.38, 0, 0x0000000000000000
2026/09/26 03:13:29.439, P0, 2535, 14201, 27.37, 0, 0x0000000000000000
2026/09/26 03:13:29.502, P0, 2535, 14201, 27.37, 0, 0x0000000000000000
2026/09/26 03:13:29.564, P0, 2535, 14201, 27.37, 0, 0x0000000000000000
2026/09/26 03:13:29.627, P0, 2535, 14201, 27.37, 0, 0x0000000000000000
2026/09/26 03:13:29.690, P0, 2535, 14201, 27.37, 0, 0x0000000000000000
2026/09/26 03:13:29.751, P0, 2535, 14201, 27.37, 0, 0x0000000000000000
2026/09/26 03:13:29.813, P0, 2535, 14201, 27.37, 0, 0x0000000000000000
2026/09/26 03:13:29.876, P0, 2535, 14201, 27.37, 0, 0x0000000000000000
2026/09/26 03:13:29.938, P0, 1065, 14001, 25.42, 0, 0x0000000000000000
2026/09/26 03:13:30.000, P0, 1065, 14001, 25.42, 0, 0x0000000000000000
2026/09/26 03:13:30.063, P0, 1065, 14001, 25.42, 0, 0x0000000000000000
2026/09/26 03:13:30.126, P0, 1065, 14001, 25.42, 0, 0x0000000000000000
2026/09/26 03:13:30.189, P0, 1065, 14001, 25.42, 0, 0x0000000000000000
2026/09/26 03:13:30.253, P0, 1065, 14001, 25.42, 0, 0x0000000000000000
2026/09/26 03:13:30.314, P0, 1065, 14001, 25.42, 0, 0x0000000000000000
2026/09/26 03:13:30.376, P0, 1065, 14001, 25.42, 0, 0x0000000000000000
2026/09/26 03:13:30.439, P1, 2610, 14001, 30.65, 9, 0x0000000000000000
2026/09/26 03:13:30.501, P1, 2610, 14001, 30.65, 9, 0x0000000000000000
2026/09/26 03:13:30.563, P1, 2610, 14001, 30.65, 9, 0x0000000000000000
2026/09/26 03:13:30.625, P1, 2610, 14001, 30.65, 9, 0x0000000000000000
2026/09/26 03:13:30.687, P1, 2610, 14001, 30.65, 9, 0x0000000000000000
2026/09/26 03:13:30.752, P1, 2610, 14001, 30.65, 9, 0x0000000000000000
2026/09/26 03:13:30.815, P1, 2610, 14001, 30.65, 9, 0x0000000000000000
2026/09/26 03:13:30.878, P1, 2610, 14001, 30.65, 9, 0x0000000000000000
2026/09/26 03:13:30.939, P1, 2955, 14001, 48.40, 44, 0x0000000000000000
2026/09/26 03:13:31.002, P1, 2955, 14001, 48.40, 44, 0x0000000000000000
2026/09/26 03:13:31.064, P1, 2955, 14001, 48.40, 44, 0x0000000000000000
2026/09/26 03:13:31.126, P1, 2955, 14001, 48.40, 44, 0x0000000000000000
2026/09/26 03:13:31.189, P1, 2955, 14001, 48.40, 44, 0x0000000000000000
2026/09/26 03:13:31.251, P1, 2955, 14001, 48.40, 44, 0x0000000000000000
2026/09/26 03:13:31.315, P1, 2955, 14001, 48.40, 44, 0x0000000000000000
2026/09/26 03:13:31.377, P1, 2955, 14001, 48.40, 44, 0x0000000000000000
2026/09/26 03:13:31.441, P1, 2955, 14001, 60.94, 51, 0x0000000000000000
2026/09/26 03:13:31.502, P1, 2955, 14001, 60.94, 51, 0x0000000000000000
2026/09/26 03:13:31.565, P1, 2955, 14001, 60.94, 51, 0x0000000000000000
2026/09/26 03:13:31.626, P1, 2955, 14001, 60.94, 51, 0x0000000000000000
2026/09/26 03:13:31.689, P1, 2955, 14001, 60.94, 51, 0x0000000000000000
2026/09/26 03:13:31.751, P1, 2955, 14001, 60.94, 51, 0x0000000000000000
2026/09/26 03:13:31.813, P1, 2955, 14001, 60.94, 51, 0x0000000000000000
2026/09/26 03:13:31.876, P1, 2955, 14001, 60.94, 51, 0x0000000000000000
2026/09/26 03:13:31.939, P1, 2955, 14001, 59.55, 26, 0x0000000000000000
2026/09/26 03:13:32.002, P1, 2955, 14001, 59.55, 26, 0x0000000000000000
2026/09/26 03:13:32.064, P1, 2955, 14001, 59.55, 26, 0x0000000000000000
2026/09/26 03:13:32.127, P1, 2955, 14001, 59.55, 26, 0x0000000000000000
2026/09/26 03:13:32.190, P1, 2955, 14001, 59.55, 26, 0x0000000000000000
2026/09/26 03:13:32.252, P1, 2955, 14001, 59.55, 26, 0x0000000000000000
2026/09/26 03:13:32.316, P1, 2955, 14001, 59.55, 26, 0x0000000000000000
2026/09/26 03:13:32.378, P1, 2955, 14001, 59.55, 26, 0x0000000000000000
2026/09/26 03:13:32.441, P1, 2955, 14001, 59.68, 50, 0x0000000000000000
2026/09/26 03:13:32.503, P1, 2955, 14001, 59.68, 50, 0x0000000000000000
2026/09/26 03:13:32.564, P1, 2955, 14001, 59.68, 50, 0x0000000000000000
2026/09/26 03:13:32.627, P1, 2955, 14001, 59.68, 50, 0x0000000000000000
2026/09/26 03:13:32.691, P1, 2955, 14001, 59.68, 50, 0x0000000000000000
2026/09/26 03:13:32.752, P1, 2955, 14001, 59.68, 50, 0x0000000000000000
2026/09/26 03:13:32.816, P1, 2955, 14001, 59.68, 50, 0x0000000000000000
2026/09/26 03:13:32.879, P1, 2955, 14001, 59.68, 50, 0x0000000000000000
2026/09/26 03:13:32.940, P1, 2955, 14001, 63.02, 48, 0x0000000000000000
2026/09/26 03:13:33.003, P1, 2955, 14001, 63.02, 48, 0x0000000000000000
2026/09/26 03:13:33.067, P1, 2955, 14001, 63.02, 48, 0x0000000000000000
2026/09/26 03:13:33.131, P1, 2955, 14001, 63.02, 48, 0x0000000000000000
2026/09/26 03:13:33.193, P1, 2955, 14001, 63.02, 48, 0x0000000000000000
2026/09/26 03:13:33.255, P1, 2955, 14001, 63.02, 48, 0x0000000000000000
2026/09/26 03:13:33.318, P1, 2955, 14001, 63.02, 48, 0x0000000000000000
2026/09/26 03:13:33.381, P1, 2955, 14001, 63.02, 48, 0x0000000000000000
2026/09/26 03:13:33.443, P1, 2955, 14001, 55.45, 28, 0x0000000000000000
2026/09/26 03:13:33.506, P1, 2955, 14001, 55.45, 28, 0x0000000000000000
2026/09/26 03:13:33.568, P1, 2955, 14001, 55.45, 28, 0x0000000000000000
2026/09/26 03:13:33.630, P1, 2955, 14001, 55.45, 28, 0x0000000000000000
2026/09/26 03:13:33.693, P1, 2955, 14001, 55.45, 28, 0x0000000000000000
2026/09/26 03:13:33.755, P1, 2955, 14001, 55.45, 28, 0x0000000000000000
2026/09/26 03:13:33.819, P1, 2955, 14001, 55.45, 28, 0x0000000000000000
2026/09/26 03:13:33.882, P1, 2955, 14001, 55.45, 28, 0x0000000000000000
2026/09/26 03:13:33.945, P0, 2955, 14201, 43.03, 0, 0x0000000000000000
2026/09/26 03:13:34.006, P0, 2955, 14201, 43.03, 0, 0x0000000000000000
2026/09/26 03:13:34.069, P0, 2955, 14201, 43.03, 0, 0x0000000000000000
2026/09/26 03:13:34.131, P0, 2955, 14201, 43.03, 0, 0x0000000000000000
2026/09/26 03:13:34.194, P0, 2955, 14201, 43.03, 0, 0x0000000000000000
2026/09/26 03:13:34.257, P0, 2955, 14201, 43.03, 0, 0x0000000000000000
2026/09/26 03:13:34.319, P0, 2955, 14201, 43.03, 0, 0x0000000000000000
2026/09/26 03:13:34.381, P0, 2955, 14201, 43.03, 0, 0x0000000000000000
2026/09/26 03:13:34.442, P0, 2955, 14201, 38.88, 0, 0x0000000000000000
2026/09/26 03:13:34.504, P0, 2955, 14201, 38.88, 0, 0x0000000000000000
2026/09/26 03:13:34.567, P0, 2955, 14201, 38.88, 0, 0x0000000000000000
2026/09/26 03:13:34.630, P0, 2955, 14201, 38.88, 0, 0x0000000000000000
2026/09/26 03:13:34.692, P0, 2955, 14201, 38.88, 0, 0x0000000000000000
2026/09/26 03:13:34.754, P0, 2955, 14201, 38.88, 0, 0x0000000000000000
2026/09/26 03:13:34.816, P0, 2955, 14201, 38.88, 0, 0x0000000000000000
2026/09/26 03:13:34.878, P0, 2955, 14201, 38.88, 0, 0x0000000000000000
2026/09/26 03:13:34.940, P0, 2857, 14201, 36.09, 0, 0x0000000000000000
2026/09/26 03:13:35.002, P0, 2857, 14201, 36.09, 0, 0x0000000000000000
2026/09/26 03:13:35.064, P0, 2857, 14201, 36.09, 0, 0x0000000000000000
2026/09/26 03:13:35.127, P0, 2857, 14201, 36.09, 0, 0x0000000000000000
2026/09/26 03:13:35.190, P0, 2857, 14201, 36.09, 0, 0x0000000000000000
2026/09/26 03:13:35.252, P0, 2857, 14201, 36.09, 0, 0x0000000000000000
2026/09/26 03:13:35.314, P0, 2857, 14201, 36.09, 0, 0x0000000000000000
2026/09/26 03:13:35.376, P0, 2857, 14201, 36.09, 0, 0x0000000000000000
2026/09/26 03:13:35.440, P0, 2535, 14201, 31.21, 0, 0x0000000000000000
2026/09/26 03:13:35.501, P0, 2535, 14201, 31.21, 0, 0x0000000000000000
2026/09/26 03:13:35.563, P0, 2535, 14201, 31.21, 0, 0x0000000000000000
2026/09/26 03:13:35.625, P0, 2535, 14201, 31.21, 0, 0x0000000000000000
2026/09/26 03:13:35.688, P0, 2535, 14201, 31.21, 0, 0x0000000000000000
2026/09/26 03:13:35.751, P0, 2535, 14201, 31.21, 0, 0x0000000000000000
2026/09/26 03:13:35.813, P0, 2535, 14201, 31.21, 0, 0x0000000000000000
2026/09/26 03:13:35.876, P0, 2535, 14201, 31.21, 0, 0x0000000000000000
2026/09/26 03:13:35.938, P3, 945, 7001, 24.54, 0, 0x0000000000000000
2026/09/26 03:13:36.001, P3, 945, 7001, 24.54, 0, 0x0000000000000000
2026/09/26 03:13:36.064, P3, 945, 7001, 24.54, 0, 0x0000000000000000
2026/09/26 03:13:36.126, P3, 945, 7001, 24.54, 0, 0x0000000000000000
2026/09/26 03:13:36.189, P3, 945, 7001, 24.54, 0, 0x0000000000000000
2026/09/26 03:13:36.251, P3, 945, 7001, 24.54, 0, 0x0000000000000000
2026/09/26 03:13:36.314, P3, 945, 7001, 24.54, 0, 0x0000000000000000
2026/09/26 03:13:36.376, P3, 945, 7001, 24.54, 0, 0x0000000000000000
2026/09/26 03:13:36.438, P3, 735, 7001, 19.40, 0, 0x0000000000000000
2026/09/26 03:13:36.500, P3, 735, 7001, 19.40, 0, 0x0000000000000000
2026/09/26 03:13:36.563, P3, 735, 7001, 19.40, 0, 0x0000000000000000
2026/09/26 03:13:36.626, P3, 735, 7001, 19.40, 0, 0x0000000000000000
2026/09/26 03:13:36.690, P3, 735, 7001, 19.40, 0, 0x0000000000000000
2026/09/26 03:13:36.753, P3, 735, 7001, 19.40, 0, 0x0000000000000000
2026/09/26 03:13:36.815, P3, 735, 7001, 19.40, 0, 0x0000000000000000
2026/09/26 03:13:36.876, P3, 735, 7001, 19.40, 0, 0x0000000000000000
2026/09/26 03:13:36.938, P0, 2572, 14201, 21.28, 0, 0x0000000000000000
2026/09/26 03:13:37.000, P0, 2572, 14201, 21.28, 0, 0x0000000000000000
2026/09/26 03:13:37.063, P0, 2572, 14201, 21.28, 0, 0x0000000000000000
2026/09/26 03:13:37.125, P0, 2572, 14201, 21.28, 0, 0x0000000000000000
2026/09/26 03:13:37.188, P0, 2572, 14201, 21.28, 0, 0x0000000000000000
2026/09/26 03:13:37.250, P0, 2572, 14201, 21.28, 0, 0x0000000000000000
2026/09/26 03:13:37.313, P0, 2572, 14201, 21.28, 0, 0x0000000000000000
2026/09/26 03:13:37.376, P0, 2572, 14201, 21.28, 0, 0x0000000000000000
2026/09/26 03:13:37.438, P0, 2535, 14201, 26.36, 0, 0x0000000000000000
2026/09/26 03:13:37.500, P0, 2535, 14201, 26.36, 0, 0x0000000000000000
2026/09/26 03:13:37.562, P0, 2535, 14201, 26.36, 0, 0x0000000000000000
2026/09/26 03:13:37.624, P0, 2535, 14201, 26.36, 0, 0x0000000000000000
2026/09/26 03:13:37.687, P0, 2535, 14201, 26.36, 0, 0x0000000000000000
2026/09/26 03:13:37.748, P0, 2535, 14201, 26.36, 0, 0x0000000000000000
2026/09/26 03:13:37.811, P0, 2535, 14201, 26.36, 0, 0x0000000000000000
2026/09/26 03:13:37.873, P0, 2535, 14201, 26.36, 0, 0x0000000000000000
2026/09/26 03:13:37.935, P0, 2535, 14201, 27.38, 0, 0x0000000000000000
2026/09/26 03:13:37.997, P0, 2535, 14201, 27.38, 0, 0x0000000000000000
2026/09/26 03:13:38.059, P0, 2535, 14201, 27.38, 0, 0x0000000000000000
2026/09/26 03:13:38.121, P0, 2535, 14201, 27.38, 0, 0x0000000000000000
2026/09/26 03:13:38.184, P0, 2535, 14201, 27.38, 0, 0x0000000000000000
2026/09/26 03:13:38.246, P0, 2535, 14201, 27.38, 0, 0x0000000000000000
2026/09/26 03:13:38.309, P0, 2535, 14201, 27.38, 0, 0x0000000000000000
2026/09/26 03:13:38.372, P0, 2535, 14201, 27.38, 0, 0x0000000000000000
2026/09/26 03:13:38.434, P0, 2535, 14201, 27.36, 0, 0x0000000000000000
2026/09/26 03:13:38.497, P0, 2535, 14201, 27.36, 0, 0x0000000000000000
2026/09/26 03:13:38.560, P0, 2535, 14201, 27.36, 0, 0x0000000000000000
2026/09/26 03:13:38.622, P0, 2535, 14201, 27.36, 0, 0x0000000000000000
2026/09/26 03:13:38.685, P0, 2535, 14201, 27.36, 0, 0x0000000000000000
2026/09/26 03:13:38.747, P0, 2535, 14201, 27.36, 0, 0x0000000000000000
2026/09/26 03:13:38.809, P0, 2535, 14201, 27.36, 0, 0x0000000000000000
2026/09/26 03:13:38.872, P0, 2535, 14201, 27.36, 0, 0x0000000000000000
2026/09/26 03:13:38.934, P0, 2535, 14201, 27.32, 0, 0x0000000000000000
2026/09/26 03:13:38.998, P0, 2535, 14201, 27.32, 0, 0x0000000000000000
2026/09/26 03:13:39.060, P0, 2535, 14201, 27.32, 0, 0x0000000000000000
2026/09/26 03:13:39.122, P0, 2535, 14201, 27.32, 0, 0x0000000000000000
2026/09/26 03:13:39.184, P0, 2535, 14201, 27.32, 0, 0x0000000000000000
2026/09/26 03:13:39.248, P0, 2535, 14201, 27.32, 0, 0x0000000000000000
2026/09/26 03:13:39.309, P0, 2535, 14201, 27.32, 0, 0x0000000000000000
2026/09/26 03:13:39.373, P0, 2535, 14201, 27.32, 0, 0x0000000000000000
2026/09/26 03:13:39.435, P0, 2535, 14201, 27.27, 0, 0x0000000000000000
2026/09/26 03:13:39.497, P0, 2535, 14201, 27.27, 0, 0x0000000000000000
2026/09/26 03:13:39.559, P0, 2535, 14201, 27.27, 0, 0x0000000000000000
2026/09/26 03:13:39.621, P0, 2535, 14201, 27.27, 0, 0x0000000000000000
2026/09/26 03:13:39.684, P0, 2535, 14201, 27.27, 0, 0x0000000000000000
2026/09/26 03:13:39.746, P0, 2535, 14201, 27.27, 0, 0x0000000000000000
2026/09/26 03:13:39.808, P0, 2535, 14201, 27.27, 0, 0x0000000000000000
2026/09/26 03:13:39.871, P0, 2535, 14201, 27.27, 0, 0x0000000000000000
2026/09/26 03:13:39.933, P0, 1477, 14201, 26.16, 4, 0x0000000000000000
2026/09/26 03:13:39.998, P0, 1477, 14201, 26.16, 4, 0x0000000000000000
2026/09/26 03:13:40.061, P0, 1477, 14201, 26.16, 4, 0x0000000000000000
2026/09/26 03:13:40.124, P0, 1477, 14201, 26.16, 4, 0x0000000000000000
2026/09/26 03:13:40.186, P0, 1477, 14201, 26.16, 4, 0x0000000000000000
2026/09/26 03:13:40.248, P0, 1477, 14201, 26.16, 4, 0x0000000000000000
2026/09/26 03:13:40.311, P0, 1477, 14201, 26.16, 4, 0x0000000000000000
2026/09/26 03:13:40.374, P0, 1477, 14201, 26.16, 4, 0x0000000000000000
2026/09/26 03:13:40.436, P1, 2955, 14001, 43.15, 45, 0x0000000000000000
2026/09/26 03:13:40.499, P1, 2955, 14001, 43.15, 45, 0x0000000000000000
2026/09/26 03:13:40.561, P1, 2955, 14001, 43.15, 45, 0x0000000000000000
2026/09/26 03:13:40.623, P1, 2955, 14001, 43.15, 45, 0x0000000000000000
2026/09/26 03:13:40.687, P1, 2955, 14001, 43.15, 45, 0x0000000000000000
2026/09/26 03:13:40.749, P1, 2955, 14001, 43.15, 45, 0x0000000000000000
2026/09/26 03:13:40.811, P1, 2955, 14001, 43.15, 45, 0x0000000000000000
2026/09/26 03:13:40.872, P1, 2955, 14001, 43.15, 45, 0x0000000000000000
2026/09/26 03:13:40.934, P1, 2955, 14001, 61.78, 50, 0x0000000000000000
2026/09/26 03:13:40.996, P1, 2955, 14001, 61.78, 50, 0x0000000000000000
2026/09/26 03:13:41.059, P1, 2955, 14001, 61.78, 50, 0x0000000000000000
2026/09/26 03:13:41.123, P1, 2955, 14001, 61.78, 50, 0x0000000000000000
2026/09/26 03:13:41.186, P1, 2955, 14001, 61.78, 50, 0x0000000000000000
2026/09/26 03:13:41.250, P1, 2955, 14001, 61.78, 50, 0x0000000000000000
2026/09/26 03:13:41.312, P1, 2955, 14001, 61.78, 50, 0x0000000000000000
2026/09/26 03:13:41.374, P1, 2955, 14001, 61.78, 50, 0x0000000000000000
2026/09/26 03:13:41.436, P1, 2955, 14201, 57.54, 4, 0x0000000000000000
2026/09/26 03:13:41.499, P1, 2955, 14201, 57.54, 4, 0x0000000000000000
2026/09/26 03:13:41.561, P1, 2955, 14201, 57.54, 4, 0x0000000000000000
2026/09/26 03:13:41.623, P1, 2955, 14201, 57.54, 4, 0x0000000000000000
2026/09/26 03:13:41.685, P1, 2955, 14201, 57.54, 4, 0x0000000000000000
2026/09/26 03:13:41.748, P1, 2955, 14201, 57.54, 4, 0x0000000000000000
2026/09/26 03:13:41.810, P1, 2955, 14201, 57.54, 4, 0x0000000000000000
2026/09/26 03:13:41.873, P1, 2955, 14201, 57.54, 4, 0x0000000000000000
2026/09/26 03:13:41.936, P1, 2955, 14001, 51.22, 29, 0x0000000000000000
2026/09/26 03:13:41.999, P1, 2955, 14001, 51.22, 29, 0x0000000000000000
2026/09/26 03:13:42.062, P1, 2955, 14001, 51.22, 29, 0x0000000000000000
2026/09/26 03:13:42.123, P1, 2955, 14001, 51.22, 29, 0x0000000000000000
2026/09/26 03:13:42.186, P1, 2955, 14001, 51.22, 29, 0x0000000000000000
2026/09/26 03:13:42.249, P1, 2955, 14001, 51.22, 29, 0x0000000000000000
2026/09/26 03:13:42.311, P1, 2955, 14001, 51.22, 29, 0x0000000000000000
2026/09/26 03:13:42.373, P1, 2955, 14001, 51.22, 29, 0x0000000000000000
2026/09/26 03:13:42.436, P1, 2955, 14001, 55.35, 48, 0x0000000000000000
2026/09/26 03:13:42.499, P1, 2955, 14001, 55.35, 48, 0x0000000000000000
2026/09/26 03:13:42.561, P1, 2955, 14001, 55.35, 48, 0x0000000000000000
2026/09/26 03:13:42.623, P1, 2955, 14001, 55.35, 48, 0x0000000000000000
2026/09/26 03:13:42.686, P1, 2955, 14001, 55.35, 48, 0x0000000000000000
2026/09/26 03:13:42.750, P1, 2955, 14001, 55.35, 48, 0x0000000000000000
2026/09/26 03:13:42.813, P1, 2955, 14001, 55.35, 48, 0x0000000000000000
2026/09/26 03:13:42.877, P1, 2955, 14001, 55.35, 48, 0x0000000000000000
2026/09/26 03:13:42.939, P1, 2955, 14001, 62.73, 52, 0x0000000000000000
2026/09/26 03:13:43.002, P1, 2955, 14001, 62.73, 52, 0x0000000000000000
2026/09/26 03:13:43.067, P1, 2955, 14001, 62.73, 52, 0x0000000000000000
2026/09/26 03:13:43.129, P1, 2955, 14001, 62.73, 52, 0x0000000000000000
2026/09/26 03:13:43.190, P1, 2955, 14001, 62.73, 52, 0x0000000000000000
2026/09/26 03:13:43.253, P1, 2955, 14001, 62.73, 52, 0x0000000000000000
2026/09/26 03:13:43.316, P1, 2955, 14001, 62.73, 52, 0x0000000000000000
2026/09/26 03:13:43.379, P1, 2955, 14001, 62.73, 52, 0x0000000000000000
2026/09/26 03:13:43.441, P0, 2955, 14201, 55.26, 0, 0x0000000000000000
2026/09/26 03:13:43.503, P0, 2955, 14201, 55.26, 0, 0x0000000000000000
2026/09/26 03:13:43.566, P0, 2955, 14201, 55.26, 0, 0x0000000000000000
2026/09/26 03:13:43.629, P0, 2955, 14201, 55.26, 0, 0x0000000000000000
2026/09/26 03:13:43.692, P0, 2955, 14201, 55.26, 0, 0x0000000000000000
2026/09/26 03:13:43.754, P0, 2955, 14201, 55.26, 0, 0x0000000000000000
2026/09/26 03:13:43.817, P0, 2955, 14201, 55.26, 0, 0x0000000000000000
2026/09/26 03:13:43.881, P0, 2955, 14201, 55.26, 0, 0x0000000000000000
2026/09/26 03:13:43.943, P0, 2955, 14201, 40.94, 0, 0x0000000000000000
2026/09/26 03:13:44.006, P0, 2955, 14201, 40.94, 0, 0x0000000000000000
2026/09/26 03:13:44.067, P0, 2955, 14201, 40.94, 0, 0x0000000000000000
2026/09/26 03:13:44.130, P0, 2955, 14201, 40.94, 0, 0x0000000000000000
2026/09/26 03:13:44.193, P0, 2955, 14201, 40.94, 0, 0x0000000000000000
2026/09/26 03:13:44.255, P0, 2955, 14201, 40.94, 0, 0x0000000000000000
2026/09/26 03:13:44.318, P0, 2955, 14201, 40.94, 0, 0x0000000000000000
2026/09/26 03:13:44.380, P0, 2955, 14201, 40.94, 0, 0x0000000000000000
2026/09/26 03:13:44.444, P0, 2955, 14201, 37.15, 0, 0x0000000000000000
2026/09/26 03:13:44.505, P0, 2955, 14201, 37.15, 0, 0x0000000000000000
2026/09/26 03:13:44.566, P0, 2955, 14201, 37.15, 0, 0x0000000000000000
2026/09/26 03:13:44.628, P0, 2955, 14201, 37.15, 0, 0x0000000000000000
2026/09/26 03:13:44.690, P0, 2955, 14201, 37.15, 0, 0x0000000000000000
2026/09/26 03:13:44.752, P0, 2955, 14201, 37.15, 0, 0x0000000000000000
2026/09/26 03:13:44.815, P0, 2955, 14201, 37.15, 0, 0x0000000000000000
2026/09/26 03:13:44.879, P0, 2955, 14201, 37.15, 0, 0x0000000000000000
2026/09/26 03:13:44.940, P0, 2857, 14201, 36.14, 0, 0x0000000000000000
2026/09/26 03:13:45.002, P0, 2857, 14201, 36.14, 0, 0x0000000000000000
2026/09/26 03:13:45.066, P0, 2857, 14201, 36.14, 0, 0x0000000000000000
2026/09/26 03:13:45.129, P0, 2857, 14201, 36.14, 0, 0x0000000000000000
2026/09/26 03:13:45.191, P0, 2857, 14201, 36.14, 0, 0x0000000000000000
2026/09/26 03:13:45.253, P0, 2857, 14201, 36.14, 0, 0x0000000000000000
2026/09/26 03:13:45.316, P0, 2857, 14201, 36.14, 0, 0x0000000000000000
2026/09/26 03:13:45.379, P0, 2857, 14201, 36.14, 0, 0x0000000000000000
2026/09/26 03:13:45.441, P0, 2535, 14201, 31.82, 0, 0x0000000000000000
2026/09/26 03:13:45.505, P0, 2535, 14201, 31.82, 0, 0x0000000000000000
2026/09/26 03:13:45.568, P0, 2535, 14201, 31.82, 0, 0x0000000000000000
2026/09/26 03:13:45.631, P0, 2535, 14201, 31.82, 0, 0x0000000000000000
2026/09/26 03:13:45.693, P0, 2535, 14201, 31.82, 0, 0x0000000000000000
2026/09/26 03:13:45.756, P0, 2535, 14201, 31.82, 0, 0x0000000000000000
2026/09/26 03:13:45.818, P0, 2535, 14201, 31.82, 0, 0x0000000000000000
2026/09/26 03:13:45.882, P0, 2535, 14201, 31.82, 0, 0x0000000000000000
2026/09/26 03:13:45.944, P3, 787, 7001, 24.20, 0, 0x0000000000000000
2026/09/26 03:13:46.006, P3, 787, 7001, 24.20, 0, 0x0000000000000000
2026/09/26 03:13:46.070, P3, 787, 7001, 24.20, 0, 0x0000000000000000
2026/09/26 03:13:46.132, P3, 787, 7001, 24.20, 0, 0x0000000000000000
2026/09/26 03:13:46.195, P3, 787, 7001, 24.20, 0, 0x0000000000000000
2026/09/26 03:13:46.257, P3, 787, 7001, 24.20, 0, 0x0000000000000000
2026/09/26 03:13:46.320, P3, 787, 7001, 24.20, 0, 0x0000000000000000
2026/09/26 03:13:46.383, P3, 787, 7001, 24.20, 0, 0x0000000000000000
2026/09/26 03:13:46.446, P1, 1560, 14201, 21.17, 4, 0x0000000000000000
2026/09/26 03:13:46.508, P1, 1560, 14201, 21.17, 4, 0x0000000000000000
2026/09/26 03:13:46.571, P1, 1560, 14201, 21.17, 4, 0x0000000000000000
2026/09/26 03:13:46.634, P1, 1560, 14201, 21.17, 4, 0x0000000000000000
2026/09/26 03:13:46.695, P1, 1560, 14201, 21.17, 4, 0x0000000000000000
2026/09/26 03:13:46.758, P1, 1560, 14201, 21.17, 4, 0x0000000000000000
2026/09/26 03:13:46.820, P1, 1560, 14201, 21.17, 4, 0x0000000000000000
2026/09/26 03:13:46.883, P1, 1560, 14201, 21.17, 4, 0x0000000000000000
2026/09/26 03:13:46.945, P1, 2767, 14001, 31.25, 44, 0x0000000000000000
2026/09/26 03:13:47.007, P1, 2767, 14001, 31.25, 44, 0x0000000000000000
2026/09/26 03:13:47.069, P1, 2767, 14001, 31.25, 44, 0x0000000000000000
2026/09/26 03:13:47.131, P1, 2767, 14001, 31.25, 44, 0x0000000000000000
2026/09/26 03:13:47.193, P1, 2767, 14001, 31.25, 44, 0x0000000000000000
2026/09/26 03:13:47.255, P1, 2767, 14001, 31.25, 44, 0x0000000000000000
2026/09/26 03:13:47.316, P1, 2767, 14001, 31.25, 44, 0x0000000000000000
2026/09/26 03:13:47.379, P1, 2767, 14001, 31.25, 44, 0x0000000000000000
2026/09/26 03:13:47.439, P1, 2955, 14001, 51.62, 52, 0x0000000000000000
2026/09/26 03:13:47.502, P1, 2955, 14001, 51.62, 52, 0x0000000000000000
2026/09/26 03:13:47.564, P1, 2955, 14001, 51.62, 52, 0x0000000000000000
2026/09/26 03:13:47.627, P1, 2955, 14001, 51.62, 52, 0x0000000000000000
2026/09/26 03:13:47.691, P1, 2955, 14001, 51.62, 52, 0x0000000000000000
2026/09/26 03:13:47.754, P1, 2955, 14001, 51.62, 52, 0x0000000000000000
2026/09/26 03:13:47.816, P1, 2955, 14001, 51.62, 52, 0x0000000000000000
2026/09/26 03:13:47.879, P1, 2955, 14001, 51.62, 52, 0x0000000000000000
2026/09/26 03:13:47.942, P1, 2955, 14001, 62.93, 45, 0x0000000000000000
2026/09/26 03:13:48.005, P1, 2955, 14001, 62.93, 45, 0x0000000000000000
2026/09/26 03:13:48.067, P1, 2955, 14001, 62.93, 45, 0x0000000000000000
2026/09/26 03:13:48.129, P1, 2955, 14001, 62.93, 45, 0x0000000000000000
2026/09/26 03:13:48.191, P1, 2955, 14001, 62.93, 45, 0x0000000000000000
2026/09/26 03:13:48.253, P1, 2955, 14001, 62.93, 45, 0x0000000000000000
2026/09/26 03:13:48.315, P1, 2955, 14001, 62.93, 45, 0x0000000000000000
2026/09/26 03:13:48.377, P1, 2955, 14001, 62.93, 45, 0x0000000000000000
2026/09/26 03:13:48.440, P0, 2955, 14201, 53.84, 0, 0x0000000000000000
2026/09/26 03:13:48.503, P0, 2955, 14201, 53.84, 0, 0x0000000000000000
2026/09/26 03:13:48.565, P0, 2955, 14201, 53.84, 0, 0x0000000000000000
2026/09/26 03:13:48.628, P0, 2955, 14201, 53.84, 0, 0x0000000000000000
2026/09/26 03:13:48.690, P0, 2955, 14201, 53.84, 0, 0x0000000000000000
2026/09/26 03:13:48.753, P0, 2955, 14201, 53.84, 0, 0x0000000000000000
2026/09/26 03:13:48.815, P0, 2955, 14201, 53.84, 0, 0x0000000000000000
2026/09/26 03:13:48.877, P0, 2955, 14201, 53.84, 0, 0x0000000000000000
2026/09/26 03:13:48.940, P0, 2955, 14201, 40.25, 0, 0x0000000000000000
2026/09/26 03:13:49.003, P0, 2955, 14201, 40.25, 0, 0x0000000000000000
2026/09/26 03:13:49.064, P0, 2955, 14201, 40.25, 0, 0x0000000000000000
2026/09/26 03:13:49.126, P0, 2955, 14201, 40.25, 0, 0x0000000000000000
2026/09/26 03:13:49.187, P0, 2955, 14201, 40.25, 0, 0x0000000000000000
2026/09/26 03:13:49.250, P0, 2955, 14201, 40.25, 0, 0x0000000000000000
2026/09/26 03:13:49.312, P0, 2955, 14201, 40.25, 0, 0x0000000000000000
2026/09/26 03:13:49.374, P0, 2955, 14201, 40.25, 0, 0x0000000000000000
2026/09/26 03:13:49.436, P0, 2955, 14201, 37.21, 0, 0x0000000000000000
2026/09/26 03:13:49.499, P0, 2955, 14201, 37.21, 0, 0x0000000000000000
2026/09/26 03:13:49.562, P0, 2955, 14201, 37.21, 0, 0x0000000000000000
2026/09/26 03:13:49.624, P0, 2955, 14201, 37.21, 0, 0x0000000000000000
2026/09/26 03:13:49.687, P0, 2955, 14201, 37.21, 0, 0x0000000000000000
2026/09/26 03:13:49.749, P0, 2955, 14201, 37.21, 0, 0x0000000000000000
2026/09/26 03:13:49.810, P0, 2955, 14201, 37.21, 0, 0x0000000000000000
2026/09/26 03:13:49.873, P0, 2955, 14201, 37.21, 0, 0x0000000000000000
2026/09/26 03:13:49.936, P3, 2385, 7001, 35.25, 0, 0x0000000000000000
2026/09/26 03:13:49.998, P3, 2385, 7001, 35.25, 0, 0x0000000000000000
2026/09/26 03:13:50.061, P3, 2385, 7001, 35.25, 0, 0x0000000000000000
2026/09/26 03:13:50.123, P3, 2385, 7001, 35.25, 0, 0x0000000000000000
2026/09/26 03:13:50.186, P3, 2385, 7001, 35.25, 0, 0x0000000000000000
2026/09/26 03:13:50.248, P3, 2385, 7001, 35.25, 0, 0x0000000000000000
2026/09/26 03:13:50.311, P3, 2385, 7001, 35.25, 0, 0x0000000000000000
2026/09/26 03:13:50.374, P3, 2385, 7001, 35.25, 0, 0x0000000000000000
2026/09/26 03:13:50.436, P3, 675, 7001, 24.72, 0, 0x0000000000000000
2026/09/26 03:13:50.497, P3, 675, 7001, 24.72, 0, 0x0000000000000000
2026/09/26 03:13:50.559, P3, 675, 7001, 24.72, 0, 0x0000000000000000
2026/09/26 03:13:50.623, P3, 675, 7001, 24.72, 0, 0x0000000000000000
2026/09/26 03:13:50.685, P3, 675, 7001, 24.72, 0, 0x0000000000000000
2026/09/26 03:13:50.747, P3, 675, 7001, 24.72, 0, 0x0000000000000000
2026/09/26 03:13:50.810, P3, 675, 7001, 24.72, 0, 0x0000000000000000
2026/09/26 03:13:50.873, P3, 675, 7001, 24.72, 0, 0x0000000000000000
2026/09/26 03:13:50.934, P3, 577, 7001, 16.18, 0, 0x0000000000000000
2026/09/26 03:13:50.997, P3, 577, 7001, 16.18, 0, 0x0000000000000000
2026/09/26 03:13:51.061, P3, 577, 7001, 16.18, 0, 0x0000000000000000
2026/09/26 03:13:51.124, P3, 577, 7001, 16.18, 0, 0x0000000000000000
2026/09/26 03:13:51.187, P3, 577, 7001, 16.18, 0, 0x0000000000000000
2026/09/26 03:13:51.250, P3, 577, 7001, 16.18, 0, 0x0000000000000000
2026/09/26 03:13:51.313, P3, 577, 7001, 16.18, 0, 0x0000000000000000
2026/09/26 03:13:51.376, P3, 577, 7001, 16.18, 0, 0x0000000000000000
2026/09/26 03:13:51.438, P0, 2715, 14201, 22.90, 25, 0x0000000000000000
2026/09/26 03:13:51.501, P0, 2715, 14201, 22.90, 25, 0x0000000000000000
2026/09/26 03:13:51.563, P0, 2715, 14201, 22.90, 25, 0x0000000000000000
2026/09/26 03:13:51.625, P0, 2715, 14201, 22.90, 25, 0x0000000000000000
2026/09/26 03:13:51.686, P0, 2715, 14201, 22.90, 25, 0x0000000000000000
2026/09/26 03:13:51.748, P0, 2715, 14201, 22.90, 25, 0x0000000000000000
2026/09/26 03:13:51.810, P0, 2715, 14201, 22.90, 25, 0x0000000000000000
2026/09/26 03:13:51.872, P0, 2715, 14201, 22.90, 25, 0x0000000000000000
2026/09/26 03:13:51.934, P0, 2602, 14201, 29.78, 8, 0x0000000000000000
2026/09/26 03:13:51.996, P0, 2602, 14201, 29.78, 8, 0x0000000000000000
2026/09/26 03:13:52.059, P0, 2602, 14201, 29.78, 8, 0x0000000000000000
2026/09/26 03:13:52.121, P0, 2602, 14201, 29.78, 8, 0x0000000000000000
2026/09/26 03:13:52.182, P0, 2602, 14201, 29.78, 8, 0x0000000000000000
2026/09/26 03:13:52.246, P0, 2602, 14201, 29.78, 8, 0x0000000000000000
2026/09/26 03:13:52.309, P0, 2602, 14201, 29.78, 8, 0x0000000000000000
2026/09/26 03:13:52.372, P0, 2602, 14201, 29.78, 8, 0x0000000000000000
2026/09/26 03:13:52.434, P0, 2535, 14201, 33.69, 0, 0x0000000000000000
2026/09/26 03:13:52.496, P0, 2535, 14201, 33.69, 0, 0x0000000000000000
2026/09/26 03:13:52.559, P0, 2535, 14201, 33.69, 0, 0x0000000000000000
2026/09/26 03:13:52.623, P0, 2535, 14201, 33.69, 0, 0x0000000000000000
2026/09/26 03:13:52.686, P0, 2535, 14201, 33.69, 0, 0x0000000000000000
2026/09/26 03:13:52.749, P0, 2535, 14201, 33.69, 0, 0x0000000000000000
2026/09/26 03:13:52.810, P0, 2535, 14201, 33.69, 0, 0x0000000000000000
2026/09/26 03:13:52.873, P0, 2535, 14201, 33.69, 0, 0x0000000000000000
2026/09/26 03:13:52.937, P0, 2542, 14201, 30.64, 0, 0x0000000000000000
2026/09/26 03:13:52.998, P0, 2542, 14201, 30.64, 0, 0x0000000000000000
2026/09/26 03:13:53.061, P0, 2542, 14201, 30.64, 0, 0x0000000000000000
2026/09/26 03:13:53.124, P0, 2542, 14201, 30.64, 0, 0x0000000000000000
2026/09/26 03:13:53.186, P0, 2542, 14201, 30.64, 0, 0x0000000000000000
2026/09/26 03:13:53.248, P0, 2542, 14201, 30.64, 0, 0x0000000000000000
2026/09/26 03:13:53.310, P0, 2542, 14201, 30.64, 0, 0x0000000000000000
2026/09/26 03:13:53.372, P0, 2542, 14201, 30.64, 0, 0x0000000000000000
2026/09/26 03:13:53.434, P0, 2535, 14201, 27.50, 0, 0x0000000000000000
2026/09/26 03:13:53.496, P0, 2535, 14201, 27.50, 0, 0x0000000000000000
2026/09/26 03:13:53.560, P0, 2535, 14201, 27.50, 0, 0x0000000000000000
2026/09/26 03:13:53.623, P0, 2535, 14201, 27.50, 0, 0x0000000000000000
2026/09/26 03:13:53.685, P0, 2535, 14201, 27.50, 0, 0x0000000000000000
2026/09/26 03:13:53.748, P0, 2535, 14201, 27.50, 0, 0x0000000000000000
2026/09/26 03:13:53.810, P0, 2535, 14201, 27.50, 0, 0x0000000000000000
2026/09/26 03:13:53.871, P0, 2535, 14201, 27.50, 0, 0x0000000000000000
2026/09/26 03:13:53.933, P0, 2535, 14201, 27.51, 0, 0x0000000000000000
2026/09/26 03:13:53.996, P0, 2535, 14201, 27.51, 0, 0x0000000000000000
2026/09/26 03:13:54.059, P0, 2535, 14201, 27.51, 0, 0x0000000000000000
2026/09/26 03:13:54.121, P0, 2535, 14201, 27.51, 0, 0x0000000000000000
2026/09/26 03:13:54.183, P0, 2535, 14201, 27.51, 0, 0x0000000000000000
2026/09/26 03:13:54.246, P0, 2535, 14201, 27.51, 0, 0x0000000000000000
2026/09/26 03:13:54.308, P0, 2535, 14201, 27.51, 0, 0x0000000000000000
2026/09/26 03:13:54.371, P0, 2535, 14201, 27.51, 0, 0x0000000000000000
2026/09/26 03:13:54.433, P0, 2535, 14201, 27.44, 0, 0x0000000000000000
2026/09/26 03:13:54.495, P0, 2535, 14201, 27.44, 0, 0x0000000000000000
2026/09/26 03:13:54.559, P0, 2535, 14201, 27.44, 0, 0x0000000000000000
2026/09/26 03:13:54.621, P0, 2535, 14201, 27.44, 0, 0x0000000000000000
2026/09/26 03:13:54.685, P0, 2535, 14201, 27.44, 0, 0x0000000000000000
2026/09/26 03:13:54.747, P0, 2535, 14201, 27.44, 0, 0x0000000000000000
2026/09/26 03:13:54.809, P0, 2535, 14201, 27.44, 0, 0x0000000000000000
2026/09/26 03:13:54.870, P0, 2535, 14201, 27.44, 0, 0x0000000000000000
2026/09/26 03:13:54.933, P3, 952, 7001, 24.50, 0, 0x0000000000000000
2026/09/26 03:13:54.995, P3, 952, 7001, 24.50, 0, 0x0000000000000000
2026/09/26 03:13:55.057, P3, 952, 7001, 24.50, 0, 0x0000000000000000
2026/09/26 03:13:55.120, P3, 952, 7001, 24.50, 0, 0x0000000000000000
2026/09/26 03:13:55.184, P3, 952, 7001, 24.50, 0, 0x0000000000000000
2026/09/26 03:13:55.247, P3, 952, 7001, 24.50, 0, 0x0000000000000000
2026/09/26 03:13:55.311, P3, 952, 7001, 24.50, 0, 0x0000000000000000
2026/09/26 03:13:55.374, P3, 952, 7001, 24.50, 0, 0x0000000000000000
2026/09/26 03:13:55.436, P1, 2175, 14001, 23.81, 28, 0x0000000000000000
2026/09/26 03:13:55.498, P1, 2175, 14001, 23.81, 28, 0x0000000000000000
2026/09/26 03:13:55.563, P1, 2175, 14001, 23.81, 28, 0x0000000000000000
2026/09/26 03:13:55.626, P1, 2175, 14001, 23.81, 28, 0x0000000000000000
2026/09/26 03:13:55.689, P1, 2175, 14001, 23.81, 28, 0x0000000000000000
2026/09/26 03:13:55.751, P1, 2175, 14001, 23.81, 28, 0x0000000000000000
2026/09/26 03:13:55.815, P1, 2175, 14001, 23.81, 28, 0x0000000000000000
2026/09/26 03:13:55.878, P1, 2175, 14001, 23.81, 28, 0x0000000000000000
2026/09/26 03:13:55.939, P1, 2955, 14001, 43.85, 38, 0x0000000000000000
2026/09/26 03:13:56.003, P1, 2955, 14001, 43.85, 38, 0x0000000000000000
2026/09/26 03:13:56.066, P1, 2955, 14001, 43.85, 38, 0x0000000000000000
2026/09/26 03:13:56.128, P1, 2955, 14001, 43.85, 38, 0x0000000000000000
2026/09/26 03:13:56.192, P1, 2955, 14001, 43.85, 38, 0x0000000000000000
2026/09/26 03:13:56.254, P1, 2955, 14001, 43.85, 38, 0x0000000000000000
2026/09/26 03:13:56.318, P1, 2955, 14001, 43.85, 38, 0x0000000000000000
2026/09/26 03:13:56.381, P1, 2955, 14001, 43.85, 38, 0x0000000000000000
2026/09/26 03:13:56.442, P1, 2955, 14001, 60.41, 52, 0x0000000000000000
2026/09/26 03:13:56.503, P1, 2955, 14001, 60.41, 52, 0x0000000000000000
2026/09/26 03:13:56.567, P1, 2955, 14001, 60.41, 52, 0x0000000000000000
2026/09/26 03:13:56.629, P1, 2955, 14001, 60.41, 52, 0x0000000000000000
2026/09/26 03:13:56.691, P1, 2955, 14001, 60.41, 52, 0x0000000000000000
2026/09/26 03:13:56.752, P1, 2955, 14001, 60.41, 52, 0x0000000000000000
2026/09/26 03:13:56.814, P1, 2955, 14001, 60.41, 52, 0x0000000000000000
2026/09/26 03:13:56.877, P1, 2955, 14001, 60.41, 52, 0x0000000000000000
2026/09/26 03:13:56.939, P0, 2955, 14201, 56.44, 0, 0x0000000000000000
2026/09/26 03:13:57.003, P0, 2955, 14201, 56.44, 0, 0x0000000000000000
2026/09/26 03:13:57.064, P0, 2955, 14201, 56.44, 0, 0x0000000000000000
2026/09/26 03:13:57.126, P0, 2955, 14201, 56.44, 0, 0x0000000000000000
2026/09/26 03:13:57.188, P0, 2955, 14201, 56.44, 0, 0x0000000000000000
2026/09/26 03:13:57.250, P0, 2955, 14201, 56.44, 0, 0x0000000000000000
2026/09/26 03:13:57.311, P0, 2955, 14201, 56.44, 0, 0x0000000000000000
2026/09/26 03:13:57.374, P0, 2955, 14201, 56.44, 0, 0x0000000000000000
2026/09/26 03:13:57.437, P0, 2955, 14201, 43.85, 0, 0x0000000000000000
2026/09/26 03:13:57.499, P0, 2955, 14201, 43.85, 0, 0x0000000000000000
2026/09/26 03:13:57.561, P0, 2955, 14201, 43.85, 0, 0x0000000000000000
2026/09/26 03:13:57.622, P0, 2955, 14201, 43.85, 0, 0x0000000000000000
2026/09/26 03:13:57.684, P0, 2955, 14201, 43.85, 0, 0x0000000000000000
2026/09/26 03:13:57.747, P0, 2955, 14201, 43.85, 0, 0x0000000000000000
2026/09/26 03:13:57.809, P0, 2955, 14201, 43.85, 0, 0x0000000000000000
2026/09/26 03:13:57.872, P0, 2955, 14201, 43.85, 0, 0x0000000000000000
2026/09/26 03:13:57.934, P0, 2955, 14201, 37.22, 0, 0x0000000000000000
2026/09/26 03:13:57.997, P0, 2955, 14201, 37.22, 0, 0x0000000000000000
2026/09/26 03:13:58.060, P0, 2955, 14201, 37.22, 0, 0x0000000000000000
2026/09/26 03:13:58.122, P0, 2955, 14201, 37.22, 0, 0x0000000000000000
2026/09/26 03:13:58.184, P0, 2955, 14201, 37.22, 0, 0x0000000000000000
2026/09/26 03:13:58.246, P0, 2955, 14201, 37.22, 0, 0x0000000000000000
2026/09/26 03:13:58.308, P0, 2955, 14201, 37.22, 0, 0x0000000000000000
2026/09/26 03:13:58.371, P0, 2955, 14201, 37.22, 0, 0x0000000000000000
2026/09/26 03:13:58.435, P3, 2955, 14201, 37.16, 0, 0x0000000000000000
2026/09/26 03:13:58.497, P3, 2955, 14201, 37.16, 0, 0x0000000000000000
2026/09/26 03:13:58.561, P3, 2955, 14201, 37.16, 0, 0x0000000000000000
2026/09/26 03:13:58.623, P3, 2955, 14201, 37.16, 0, 0x0000000000000000
2026/09/26 03:13:58.685, P3, 2955, 14201, 37.16, 0, 0x0000000000000000
2026/09/26 03:13:58.748, P3, 2955, 14201, 37.16, 0, 0x0000000000000000
2026/09/26 03:13:58.809, P3, 2955, 14201, 37.16, 0, 0x0000000000000000
2026/09/26 03:13:58.871, P3, 2955, 14201, 37.16, 0, 0x0000000000000000
2026/09/26 03:13:58.933, P3, 742, 7001, 27.80, 0, 0x0000000000000000
2026/09/26 03:13:58.996, P3, 742, 7001, 27.80, 0, 0x0000000000000000
2026/09/26 03:13:59.059, P3, 742, 7001, 27.80, 0, 0x0000000000000000
2026/09/26 03:13:59.120, P3, 742, 7001, 27.80, 0, 0x0000000000000000
2026/09/26 03:13:59.183, P3, 742, 7001, 27.80, 0, 0x0000000000000000
2026/09/26 03:13:59.247, P3, 742, 7001, 27.80, 0, 0x0000000000000000
2026/09/26 03:13:59.311, P3, 742, 7001, 27.80, 0, 0x0000000000000000
2026/09/26 03:13:59.373, P3, 742, 7001, 27.80, 0, 0x0000000000000000
2026/09/26 03:13:59.435, P3, 637, 7001, 16.33, 0, 0x0000000000000000
2026/09/26 03:13:59.498, P3, 637, 7001, 16.33, 0, 0x0000000000000000
2026/09/26 03:13:59.561, P3, 637, 7001, 16.33, 0, 0x0000000000000000
2026/09/26 03:13:59.623, P3, 637, 7001, 16.33, 0, 0x0000000000000000
2026/09/26 03:13:59.684, P3, 637, 7001, 16.33, 0, 0x0000000000000000
2026/09/26 03:13:59.746, P3, 637, 7001, 16.33, 0, 0x0000000000000000
2026/09/26 03:13:59.809, P3, 637, 7001, 16.33, 0, 0x0000000000000000
2026/09/26 03:13:59.871, P3, 637, 7001, 16.33, 0, 0x0000000000000000
2026/09/26 03:13:59.935, P0, 1612, 14201, 18.69, 3, 0x0000000000000000
2026/09/26 03:13:59.999, P0, 1612, 14201, 18.69, 3, 0x0000000000000000
2026/09/26 03:14:00.061, P0, 1612, 14201, 18.69, 3, 0x0000000000000000
2026/09/26 03:14:00.124, P0, 1612, 14201, 18.69, 3, 0x0000000000000000
2026/09/26 03:14:00.187, P0, 1612, 14201, 18.69, 3, 0x0000000000000000
2026/09/26 03:14:00.250, P0, 1612, 14201, 18.69, 3, 0x0000000000000000
2026/09/26 03:14:00.313, P0, 1612, 14201, 18.69, 3, 0x0000000000000000
2026/09/26 03:14:00.376, P0, 1612, 14201, 18.69, 3, 0x0000000000000000
2026/09/26 03:14:00.440, P1, 2955, 14001, 34.77, 47, 0x0000000000000000
2026/09/26 03:14:00.502, P1, 2955, 14001, 34.77, 47, 0x0000000000000000
2026/09/26 03:14:00.563, P1, 2955, 14001, 34.77, 47, 0x0000000000000000
2026/09/26 03:14:00.625, P1, 2955, 14001, 34.77, 47, 0x0000000000000000
2026/09/26 03:14:00.689, P1, 2955, 14001, 34.77, 47, 0x0000000000000000
2026/09/26 03:14:00.751, P1, 2955, 14001, 34.77, 47, 0x0000000000000000
2026/09/26 03:14:00.813, P1, 2955, 14001, 34.77, 47, 0x0000000000000000
2026/09/26 03:14:00.875, P1, 2955, 14001, 34.77, 47, 0x0000000000000000
2026/09/26 03:14:00.937, P1, 2955, 14001, 54.96, 53, 0x0000000000000000
2026/09/26 03:14:01.001, P1, 2955, 14001, 54.96, 53, 0x0000000000000000
2026/09/26 03:14:01.063, P1, 2955, 14001, 54.96, 53, 0x0000000000000000
2026/09/26 03:14:01.127, P1, 2955, 14001, 54.96, 53, 0x0000000000000000
2026/09/26 03:14:01.190, P1, 2955, 14001, 54.96, 53, 0x0000000000000000
2026/09/26 03:14:01.252, P1, 2955, 14001, 54.96, 53, 0x0000000000000000
2026/09/26 03:14:01.315, P1, 2955, 14001, 54.96, 53, 0x0000000000000000
2026/09/26 03:14:01.379, P1, 2955, 14001, 54.96, 53, 0x0000000000000000
2026/09/26 03:14:01.441, P0, 2955, 14201, 61.75, 15, 0x0000000000000000
2026/09/26 03:14:01.502, P0, 2955, 14201, 61.75, 15, 0x0000000000000000
2026/09/26 03:14:01.563, P0, 2955, 14201, 61.75, 15, 0x0000000000000000
2026/09/26 03:14:01.627, P0, 2955, 14201, 61.75, 15, 0x0000000000000000
2026/09/26 03:14:01.690, P0, 2955, 14201, 61.75, 15, 0x0000000000000000
2026/09/26 03:14:01.752, P0, 2955, 14201, 61.75, 15, 0x0000000000000000
2026/09/26 03:14:01.816, P0, 2955, 14201, 61.75, 15, 0x0000000000000000
2026/09/26 03:14:01.878, P0, 2955, 14201, 61.75, 15, 0x0000000000000000
2026/09/26 03:14:01.941, P0, 2955, 14201, 52.09, 8, 0x0000000000000000
2026/09/26 03:14:02.004, P0, 2955, 14201, 52.09, 8, 0x0000000000000000
2026/09/26 03:14:02.067, P0, 2955, 14201, 52.09, 8, 0x0000000000000000
2026/09/26 03:14:02.130, P0, 2955, 14201, 52.09, 8, 0x0000000000000000
2026/09/26 03:14:02.193, P0, 2955, 14201, 52.09, 8, 0x0000000000000000
2026/09/26 03:14:02.255, P0, 2955, 14201, 52.09, 8, 0x0000000000000000
2026/09/26 03:14:02.319, P0, 2955, 14201, 52.09, 8, 0x0000000000000000
2026/09/26 03:14:02.380, P0, 2955, 14201, 52.09, 8, 0x0000000000000000
2026/09/26 03:14:02.443, P1, 2955, 14001, 45.27, 32, 0x0000000000000000
2026/09/26 03:14:02.506, P1, 2955, 14001, 45.27, 32, 0x0000000000000000
2026/09/26 03:14:02.569, P1, 2955, 14001, 45.27, 32, 0x0000000000000000
2026/09/26 03:14:02.630, P1, 2955, 14001, 45.27, 32, 0x0000000000000000
2026/09/26 03:14:02.693, P1, 2955, 14001, 45.27, 32, 0x0000000000000000
2026/09/26 03:14:02.754, P1, 2955, 14001, 45.27, 32, 0x0000000000000000
2026/09/26 03:14:02.816, P1, 2955, 14001, 45.27, 32, 0x0000000000000000
2026/09/26 03:14:02.878, P1, 2955, 14001, 45.27, 32, 0x0000000000000000
2026/09/26 03:14:02.942, P1, 2955, 14001, 54.76, 46, 0x0000000000000000
2026/09/26 03:14:03.005, P1, 2955, 14001, 54.76, 46, 0x0000000000000000
2026/09/26 03:14:03.068, P1, 2955, 14001, 54.76, 46, 0x0000000000000000
2026/09/26 03:14:03.132, P1, 2955, 14001, 54.76, 46, 0x0000000000000000
2026/09/26 03:14:03.195, P1, 2955, 14001, 54.76, 46, 0x0000000000000000
2026/09/26 03:14:03.259, P1, 2955, 14001, 54.76, 46, 0x0000000000000000
2026/09/26 03:14:03.323, P1, 2955, 14001, 54.76, 46, 0x0000000000000000
2026/09/26 03:14:03.385, P1, 2955, 14001, 54.76, 46, 0x0000000000000000
2026/09/26 03:14:03.448, P1, 2955, 14001, 62.08, 50, 0x0000000000000000
2026/09/26 03:14:03.513, P1, 2955, 14001, 62.08, 50, 0x0000000000000000
2026/09/26 03:14:03.575, P1, 2955, 14001, 62.08, 50, 0x0000000000000000
2026/09/26 03:14:03.638, P1, 2955, 14001, 62.08, 50, 0x0000000000000000
2026/09/26 03:14:03.702, P1, 2955, 14001, 62.08, 50, 0x0000000000000000
2026/09/26 03:14:03.765, P1, 2955, 14001, 62.08, 50, 0x0000000000000000
2026/09/26 03:14:03.827, P1, 2955, 14001, 62.08, 50, 0x0000000000000000
2026/09/26 03:14:03.890, P1, 2955, 14001, 62.08, 50, 0x0000000000000000
2026/09/26 03:14:03.952, P0, 2955, 14201, 56.24, 0, 0x0000000000000000
2026/09/26 03:14:04.014, P0, 2955, 14201, 56.24, 0, 0x0000000000000000
2026/09/26 03:14:04.076, P0, 2955, 14201, 56.24, 0, 0x0000000000000000
2026/09/26 03:14:04.139, P0, 2955, 14201, 56.24, 0, 0x0000000000000000
2026/09/26 03:14:04.201, P0, 2955, 14201, 56.24, 0, 0x0000000000000000
2026/09/26 03:14:04.264, P0, 2955, 14201, 56.24, 0, 0x0000000000000000
2026/09/26 03:14:04.325, P0, 2955, 14201, 56.24, 0, 0x0000000000000000
2026/09/26 03:14:04.387, P0, 2955, 14201, 56.24, 0, 0x0000000000000000
2026/09/26 03:14:04.450, P0, 2955, 14201, 43.07, 0, 0x0000000000000000
2026/09/26 03:14:04.512, P0, 2955, 14201, 43.07, 0, 0x0000000000000000
2026/09/26 03:14:04.574, P0, 2955, 14201, 43.07, 0, 0x0000000000000000
2026/09/26 03:14:04.636, P0, 2955, 14201, 43.07, 0, 0x0000000000000000
2026/09/26 03:14:04.697, P0, 2955, 14201, 43.07, 0, 0x0000000000000000
2026/09/26 03:14:04.759, P0, 2955, 14201, 43.07, 0, 0x0000000000000000
2026/09/26 03:14:04.822, P0, 2955, 14201, 43.07, 0, 0x0000000000000000
2026/09/26 03:14:04.885, P0, 2955, 14201, 43.07, 0, 0x0000000000000000
2026/09/26 03:14:04.947, P0, 2955, 14201, 37.51, 0, 0x0000000000000000
2026/09/26 03:14:05.010, P0, 2955, 14201, 37.51, 0, 0x0000000000000000
2026/09/26 03:14:05.073, P0, 2955, 14201, 37.51, 0, 0x0000000000000000
2026/09/26 03:14:05.136, P0, 2955, 14201, 37.51, 0, 0x0000000000000000
2026/09/26 03:14:05.198, P0, 2955, 14201, 37.51, 0, 0x0000000000000000
2026/09/26 03:14:05.260, P0, 2955, 14201, 37.51, 0, 0x0000000000000000
2026/09/26 03:14:05.322, P0, 2955, 14201, 37.51, 0, 0x0000000000000000
2026/09/26 03:14:05.386, P0, 2955, 14201, 37.51, 0, 0x0000000000000000
2026/09/26 03:14:05.448, P3, 2955, 14201, 37.48, 0, 0x0000000000000000
2026/09/26 03:14:05.511, P3, 2955, 14201, 37.48, 0, 0x0000000000000000
2026/09/26 03:14:05.573, P3, 2955, 14201, 37.48, 0, 0x0000000000000000
2026/09/26 03:14:05.634, P3, 2955, 14201, 37.48, 0, 0x0000000000000000
2026/09/26 03:14:05.696, P3, 2955, 14201, 37.48, 0, 0x0000000000000000
2026/09/26 03:14:05.759, P3, 2955, 14201, 37.48, 0, 0x0000000000000000
2026/09/26 03:14:05.821, P3, 2955, 14201, 37.48, 0, 0x0000000000000000
2026/09/26 03:14:05.884, P3, 2955, 14201, 37.48, 0, 0x0000000000000000
2026/09/26 03:14:05.946, P3, 720, 7001, 27.06, 0, 0x0000000000000000
2026/09/26 03:14:06.009, P3, 720, 7001, 27.06, 0, 0x0000000000000000
2026/09/26 03:14:06.073, P3, 720, 7001, 27.06, 0, 0x0000000000000000
2026/09/26 03:14:06.136, P3, 720, 7001, 27.06, 0, 0x0000000000000000
2026/09/26 03:14:06.198, P3, 720, 7001, 27.06, 0, 0x0000000000000000
2026/09/26 03:14:06.260, P3, 720, 7001, 27.06, 0, 0x0000000000000000
2026/09/26 03:14:06.322, P3, 720, 7001, 27.06, 0, 0x0000000000000000
2026/09/26 03:14:06.385, P3, 720, 7001, 27.06, 0, 0x0000000000000000
2026/09/26 03:14:06.447, P3, 622, 7001, 16.45, 0, 0x0000000000000000
2026/09/26 03:14:06.509, P3, 622, 7001, 16.45, 0, 0x0000000000000000
2026/09/26 03:14:06.571, P3, 622, 7001, 16.45, 0, 0x0000000000000000
2026/09/26 03:14:06.634, P3, 622, 7001, 16.45, 0, 0x0000000000000000
2026/09/26 03:14:06.697, P3, 622, 7001, 16.45, 0, 0x0000000000000000
2026/09/26 03:14:06.759, P3, 622, 7001, 16.45, 0, 0x0000000000000000
2026/09/26 03:14:06.822, P3, 622, 7001, 16.45, 0, 0x0000000000000000
2026/09/26 03:14:06.884, P3, 622, 7001, 16.45, 0, 0x0000000000000000
2026/09/26 03:14:06.945, P0, 1665, 14201, 18.76, 0, 0x0000000000000000
2026/09/26 03:14:07.009, P0, 1665, 14201, 18.76, 0, 0x0000000000000000
2026/09/26 03:14:07.071, P0, 1665, 14201, 18.76, 0, 0x0000000000000000
2026/09/26 03:14:07.134, P0, 1665, 14201, 18.76, 0, 0x0000000000000000
2026/09/26 03:14:07.196, P0, 1665, 14201, 18.76, 0, 0x0000000000000000
2026/09/26 03:14:07.258, P0, 1665, 14201, 18.76, 0, 0x0000000000000000
2026/09/26 03:14:07.321, P0, 1665, 14201, 18.76, 0, 0x0000000000000000
2026/09/26 03:14:07.383, P0, 1665, 14201, 18.76, 0, 0x0000000000000000
2026/09/26 03:14:07.446, P0, 2535, 14201, 23.88, 0, 0x0000000000000000
2026/09/26 03:14:07.508, P0, 2535, 14201, 23.88, 0, 0x0000000000000000
2026/09/26 03:14:07.571, P0, 2535, 14201, 23.88, 0, 0x0000000000000000
2026/09/26 03:14:07.634, P0, 2535, 14201, 23.88, 0, 0x0000000000000000
2026/09/26 03:14:07.697, P0, 2535, 14201, 23.88, 0, 0x0000000000000000
2026/09/26 03:14:07.759, P0, 2535, 14201, 23.88, 0, 0x0000000000000000
2026/09/26 03:14:07.822, P0, 2535, 14201, 23.88, 0, 0x0000000000000000
2026/09/26 03:14:07.884, P0, 2535, 14201, 23.88, 0, 0x0000000000000000
2026/09/26 03:14:07.947, P0, 2535, 14201, 27.56, 0, 0x0000000000000000
2026/09/26 03:14:08.010, P0, 2535, 14201, 27.56, 0, 0x0000000000000000
2026/09/26 03:14:08.072, P0, 2535, 14201, 27.56, 0, 0x0000000000000000
2026/09/26 03:14:08.134, P0, 2535, 14201, 27.56, 0, 0x0000000000000000
2026/09/26 03:14:08.196, P0, 2535, 14201, 27.56, 0, 0x0000000000000000
2026/09/26 03:14:08.259, P0, 2535, 14201, 27.56, 0, 0x0000000000000000
2026/09/26 03:14:08.321, P0, 2535, 14201, 27.56, 0, 0x0000000000000000
2026/09/26 03:14:08.383, P0, 2535, 14201, 27.56, 0, 0x0000000000000000
2026/09/26 03:14:08.448, P0, 2535, 14201, 27.59, 0, 0x0000000000000000
2026/09/26 03:14:08.511, P0, 2535, 14201, 27.59, 0, 0x0000000000000000
2026/09/26 03:14:08.573, P0, 2535, 14201, 27.59, 0, 0x0000000000000000
2026/09/26 03:14:08.635, P0, 2535, 14201, 27.59, 0, 0x0000000000000000
2026/09/26 03:14:08.696, P0, 2535, 14201, 27.59, 0, 0x0000000000000000
2026/09/26 03:14:08.760, P0, 2535, 14201, 27.59, 0, 0x0000000000000000
2026/09/26 03:14:08.821, P0, 2535, 14201, 27.59, 0, 0x0000000000000000
2026/09/26 03:14:08.883, P0, 2535, 14201, 27.59, 0, 0x0000000000000000
2026/09/26 03:14:08.946, P0, 2535, 14201, 27.62, 0, 0x0000000000000000
2026/09/26 03:14:09.007, P0, 2535, 14201, 27.62, 0, 0x0000000000000000
2026/09/26 03:14:09.069, P0, 2535, 14201, 27.62, 0, 0x0000000000000000
2026/09/26 03:14:09.133, P0, 2535, 14201, 27.62, 0, 0x0000000000000000
2026/09/26 03:14:09.195, P0, 2535, 14201, 27.62, 0, 0x0000000000000000
2026/09/26 03:14:09.257, P0, 2535, 14201, 27.62, 0, 0x0000000000000000
2026/09/26 03:14:09.319, P0, 2535, 14201, 27.62, 0, 0x0000000000000000
2026/09/26 03:14:09.382, P0, 2535, 14201, 27.62, 0, 0x0000000000000000
2026/09/26 03:14:09.444, P0, 2535, 14201, 27.63, 0, 0x0000000000000000
2026/09/26 03:14:09.506, P0, 2535, 14201, 27.63, 0, 0x0000000000000000
2026/09/26 03:14:09.569, P0, 2535, 14201, 27.63, 0, 0x0000000000000000
2026/09/26 03:14:09.632, P0, 2535, 14201, 27.63, 0, 0x0000000000000000
2026/09/26 03:14:09.693, P0, 2535, 14201, 27.63, 0, 0x0000000000000000
2026/09/26 03:14:09.756, P0, 2535, 14201, 27.63, 0, 0x0000000000000000
2026/09/26 03:14:09.821, P0, 2535, 14201, 27.63, 0, 0x0000000000000000
2026/09/26 03:14:09.882, P0, 2535, 14201, 27.63, 0, 0x0000000000000000
2026/09/26 03:14:09.943, P0, 735, 14201, 24.85, 3, 0x0000000000000000
2026/09/26 03:14:10.006, P0, 735, 14201, 24.85, 3, 0x0000000000000000
2026/09/26 03:14:10.067, P0, 735, 14201, 24.85, 3, 0x0000000000000000
2026/09/26 03:14:10.130, P0, 735, 14201, 24.85, 3, 0x0000000000000000
2026/09/26 03:14:10.193, P0, 735, 14201, 24.85, 3, 0x0000000000000000
2026/09/26 03:14:10.256, P0, 735, 14201, 24.85, 3, 0x0000000000000000
2026/09/26 03:14:10.319, P0, 735, 14201, 24.85, 3, 0x0000000000000000
2026/09/26 03:14:10.381, P0, 735, 14201, 24.85, 3, 0x0000000000000000
2026/09/26 03:14:10.443, P1, 2955, 14001, 36.45, 51, 0x0000000000000000
2026/09/26 03:14:10.506, P1, 2955, 14001, 36.45, 51, 0x0000000000000000
2026/09/26 03:14:10.567, P1, 2955, 14001, 36.45, 51, 0x0000000000000000
2026/09/26 03:14:10.629, P1, 2955, 14001, 36.45, 51, 0x0000000000000000
2026/09/26 03:14:10.692, P1, 2955, 14001, 36.45, 51, 0x0000000000000000
2026/09/26 03:14:10.754, P1, 2955, 14001, 36.45, 51, 0x0000000000000000
2026/09/26 03:14:10.817, P1, 2955, 14001, 36.45, 51, 0x0000000000000000
2026/09/26 03:14:10.878, P1, 2955, 14001, 36.45, 51, 0x0000000000000000
2026/09/26 03:14:10.940, P1, 2955, 14001, 56.90, 49, 0x0000000000000000
2026/09/26 03:14:11.003, P1, 2955, 14001, 56.90, 49, 0x0000000000000000
2026/09/26 03:14:11.066, P1, 2955, 14001, 56.90, 49, 0x0000000000000000
2026/09/26 03:14:11.129, P1, 2955, 14001, 56.90, 49, 0x0000000000000000
2026/09/26 03:14:11.192, P1, 2955, 14001, 56.90, 49, 0x0000000000000000
2026/09/26 03:14:11.254, P1, 2955, 14001, 56.90, 49, 0x0000000000000000
2026/09/26 03:14:11.317, P1, 2955, 14001, 56.90, 49, 0x0000000000000000
2026/09/26 03:14:11.380, P1, 2955, 14001, 56.90, 49, 0x0000000000000000
2026/09/26 03:14:11.443, P0, 2955, 14201, 62.31, 40, 0x0000000000000000
2026/09/26 03:14:11.507, P0, 2955, 14201, 62.31, 40, 0x0000000000000000
2026/09/26 03:14:11.569, P0, 2955, 14201, 62.31, 40, 0x0000000000000000
2026/09/26 03:14:11.631, P0, 2955, 14201, 62.31, 40, 0x0000000000000000
2026/09/26 03:14:11.693, P0, 2955, 14201, 62.31, 40, 0x0000000000000000
2026/09/26 03:14:11.756, P0, 2955, 14201, 62.31, 40, 0x0000000000000000
2026/09/26 03:14:11.817, P0, 2955, 14201, 62.31, 40, 0x0000000000000000
2026/09/26 03:14:11.880, P0, 2955, 14201, 62.31, 40, 0x0000000000000000
2026/09/26 03:14:11.943, P0, 2955, 14201, 52.98, 3, 0x0000000000000000
2026/09/26 03:14:12.005, P0, 2955, 14201, 52.98, 3, 0x0000000000000000
2026/09/26 03:14:12.068, P0, 2955, 14201, 52.98, 3, 0x0000000000000000
2026/09/26 03:14:12.129, P0, 2955, 14201, 52.98, 3, 0x0000000000000000
2026/09/26 03:14:12.192, P0, 2955, 14201, 52.98, 3, 0x0000000000000000
2026/09/26 03:14:12.253, P0, 2955, 14201, 52.98, 3, 0x0000000000000000
2026/09/26 03:14:12.315, P0, 2955, 14201, 52.98, 3, 0x0000000000000000
2026/09/26 03:14:12.379, P0, 2955, 14201, 52.98, 3, 0x0000000000000000
2026/09/26 03:14:12.442, P0, 2955, 14201, 43.06, 0, 0x0000000000000000
2026/09/26 03:14:12.505, P0, 2955, 14201, 43.06, 0, 0x0000000000000000
2026/09/26 03:14:12.567, P0, 2955, 14201, 43.06, 0, 0x0000000000000000
2026/09/26 03:14:12.629, P0, 2955, 14201, 43.06, 0, 0x0000000000000000
2026/09/26 03:14:12.691, P0, 2955, 14201, 43.06, 0, 0x0000000000000000
2026/09/26 03:14:12.753, P0, 2955, 14201, 43.06, 0, 0x0000000000000000
2026/09/26 03:14:12.816, P0, 2955, 14201, 43.06, 0, 0x0000000000000000
2026/09/26 03:14:12.879, P0, 2955, 14201, 43.06, 0, 0x0000000000000000
2026/09/26 03:14:12.942, P0, 2955, 14201, 38.28, 0, 0x0000000000000000
2026/09/26 03:14:13.003, P0, 2955, 14201, 38.28, 0, 0x0000000000000000
2026/09/26 03:14:13.065, P0, 2955, 14201, 38.28, 0, 0x0000000000000000
2026/09/26 03:14:13.128, P0, 2955, 14201, 38.28, 0, 0x0000000000000000
2026/09/26 03:14:13.190, P0, 2955, 14201, 38.28, 0, 0x0000000000000000
2026/09/26 03:14:13.253, P0, 2955, 14201, 38.28, 0, 0x0000000000000000
2026/09/26 03:14:13.315, P0, 2955, 14201, 38.28, 0, 0x0000000000000000
2026/09/26 03:14:13.377, P0, 2955, 14201, 38.28, 0, 0x0000000000000000
2026/09/26 03:14:13.439, P0, 2700, 14201, 35.77, 0, 0x0000000000000000
2026/09/26 03:14:13.501, P0, 2700, 14201, 35.77, 0, 0x0000000000000000
2026/09/26 03:14:13.564, P0, 2700, 14201, 35.77, 0, 0x0000000000000000
2026/09/26 03:14:13.627, P0, 2700, 14201, 35.77, 0, 0x0000000000000000
2026/09/26 03:14:13.690, P0, 2700, 14201, 35.77, 0, 0x0000000000000000
2026/09/26 03:14:13.753, P0, 2700, 14201, 35.77, 0, 0x0000000000000000
2026/09/26 03:14:13.816, P0, 2700, 14201, 35.77, 0, 0x0000000000000000
2026/09/26 03:14:13.879, P0, 2700, 14201, 35.77, 0, 0x0000000000000000
2026/09/26 03:14:13.941, P0, 2535, 14201, 31.24, 0, 0x0000000000000000
2026/09/26 03:14:14.003, P0, 2535, 14201, 31.24, 0, 0x0000000000000000
2026/09/26 03:14:14.067, P0, 2535, 14201, 31.24, 0, 0x0000000000000000
2026/09/26 03:14:14.131, P0, 2535, 14201, 31.24, 0, 0x0000000000000000
2026/09/26 03:14:14.193, P0, 2535, 14201, 31.24, 0, 0x0000000000000000
2026/09/26 03:14:14.255, P0, 2535, 14201, 31.24, 0, 0x0000000000000000
2026/09/26 03:14:14.318, P0, 2535, 14201, 31.24, 0, 0x0000000000000000
2026/09/26 03:14:14.381, P0, 2535, 14201, 31.24, 0, 0x0000000000000000
2026/09/26 03:14:14.443, P0, 2535, 14201, 27.59, 0, 0x0000000000000000
2026/09/26 03:14:14.506, P0, 2535, 14201, 27.59, 0, 0x0000000000000000
2026/09/26 03:14:14.568, P0, 2535, 14201, 27.59, 0, 0x0000000000000000
2026/09/26 03:14:14.630, P0, 2535, 14201, 27.59, 0, 0x0000000000000000
2026/09/26 03:14:14.693, P0, 2535, 14201, 27.59, 0, 0x0000000000000000
2026/09/26 03:14:14.756, P0, 2535, 14201, 27.59, 0, 0x0000000000000000
2026/09/26 03:14:14.818, P0, 2535, 14201, 27.59, 0, 0x0000000000000000
2026/09/26 03:14:14.881, P0, 2535, 14201, 27.59, 0, 0x0000000000000000
2026/09/26 03:14:14.944, P3, 922, 7001, 24.50, 0, 0x0000000000000000
2026/09/26 03:14:15.006, P3, 922, 7001, 24.50, 0, 0x0000000000000000
2026/09/26 03:14:15.069, P3, 922, 7001, 24.50, 0, 0x0000000000000000
2026/09/26 03:14:15.131, P3, 922, 7001, 24.50, 0, 0x0000000000000000
2026/09/26 03:14:15.194, P3, 922, 7001, 24.50, 0, 0x0000000000000000
2026/09/26 03:14:15.257, P3, 922, 7001, 24.50, 0, 0x0000000000000000
2026/09/26 03:14:15.321, P3, 922, 7001, 24.50, 0, 0x0000000000000000
2026/09/26 03:14:15.382, P3, 922, 7001, 24.50, 0, 0x0000000000000000
2026/09/26 03:14:15.445, P1, 2610, 14001, 25.25, 23, 0x0000000000000000
2026/09/26 03:14:15.508, P1, 2610, 14001, 25.25, 23, 0x0000000000000000
2026/09/26 03:14:15.570, P1, 2610, 14001, 25.25, 23, 0x0000000000000000
2026/09/26 03:14:15.633, P1, 2610, 14001, 25.25, 23, 0x0000000000000000
2026/09/26 03:14:15.697, P1, 2610, 14001, 25.25, 23, 0x0000000000000000
2026/09/26 03:14:15.759, P1, 2610, 14001, 25.25, 23, 0x0000000000000000
2026/09/26 03:14:15.822, P1, 2610, 14001, 25.25, 23, 0x0000000000000000
2026/09/26 03:14:15.885, P1, 2610, 14001, 25.25, 23, 0x0000000000000000
2026/09/26 03:14:15.947, P1, 2955, 14001, 43.86, 52, 0x0000000000000000
2026/09/26 03:14:16.011, P1, 2955, 14001, 43.86, 52, 0x0000000000000000
2026/09/26 03:14:16.072, P1, 2955, 14001, 43.86, 52, 0x0000000000000000
2026/09/26 03:14:16.134, P1, 2955, 14001, 43.86, 52, 0x0000000000000000
2026/09/26 03:14:16.197, P1, 2955, 14001, 43.86, 52, 0x0000000000000000
2026/09/26 03:14:16.258, P1, 2955, 14001, 43.86, 52, 0x0000000000000000
2026/09/26 03:14:16.320, P1, 2955, 14001, 43.86, 52, 0x0000000000000000
2026/09/26 03:14:16.383, P1, 2955, 14001, 43.86, 52, 0x0000000000000000
2026/09/26 03:14:16.445, P1, 2955, 14001, 60.77, 43, 0x0000000000000000
2026/09/26 03:14:16.507, P1, 2955, 14001, 60.77, 43, 0x0000000000000000
2026/09/26 03:14:16.571, P1, 2955, 14001, 60.77, 43, 0x0000000000000000
2026/09/26 03:14:16.634, P1, 2955, 14001, 60.77, 43, 0x0000000000000000
2026/09/26 03:14:16.696, P1, 2955, 14001, 60.77, 43, 0x0000000000000000
2026/09/26 03:14:16.760, P1, 2955, 14001, 60.77, 43, 0x0000000000000000
2026/09/26 03:14:16.822, P1, 2955, 14001, 60.77, 43, 0x0000000000000000
2026/09/26 03:14:16.885, P1, 2955, 14001, 60.77, 43, 0x0000000000000000
2026/09/26 03:14:16.948, P0, 2955, 14201, 57.79, 28, 0x0000000000000000
2026/09/26 03:14:17.009, P0, 2955, 14201, 57.79, 28, 0x0000000000000000
2026/09/26 03:14:17.072, P0, 2955, 14201, 57.79, 28, 0x0000000000000000
2026/09/26 03:14:17.134, P0, 2955, 14201, 57.79, 28, 0x0000000000000000
2026/09/26 03:14:17.195, P0, 2955, 14201, 57.79, 28, 0x0000000000000000
2026/09/26 03:14:17.258, P0, 2955, 14201, 57.79, 28, 0x0000000000000000
2026/09/26 03:14:17.320, P0, 2955, 14201, 57.79, 28, 0x0000000000000000
2026/09/26 03:14:17.382, P0, 2955, 14201, 57.79, 28, 0x0000000000000000
2026/09/26 03:14:17.444, P0, 2955, 14201, 46.35, 0, 0x0000000000000000
2026/09/26 03:14:17.507, P0, 2955, 14201, 46.35, 0, 0x0000000000000000
2026/09/26 03:14:17.570, P0, 2955, 14201, 46.35, 0, 0x0000000000000000
2026/09/26 03:14:17.633, P0, 2955, 14201, 46.35, 0, 0x0000000000000000
2026/09/26 03:14:17.696, P0, 2955, 14201, 46.35, 0, 0x0000000000000000
2026/09/26 03:14:17.758, P0, 2955, 14201, 46.35, 0, 0x0000000000000000
2026/09/26 03:14:17.820, P0, 2955, 14201, 46.35, 0, 0x0000000000000000
2026/09/26 03:14:17.882, P0, 2955, 14201, 46.35, 0, 0x0000000000000000
2026/09/26 03:14:17.945, P0, 2955, 14201, 39.52, 0, 0x0000000000000000
2026/09/26 03:14:18.007, P0, 2955, 14201, 39.52, 0, 0x0000000000000000
2026/09/26 03:14:18.070, P0, 2955, 14201, 39.52, 0, 0x0000000000000000
2026/09/26 03:14:18.132, P0, 2955, 14201, 39.52, 0, 0x0000000000000000
2026/09/26 03:14:18.195, P0, 2955, 14201, 39.52, 0, 0x0000000000000000
2026/09/26 03:14:18.258, P0, 2955, 14201, 39.52, 0, 0x0000000000000000
2026/09/26 03:14:18.321, P0, 2955, 14201, 39.52, 0, 0x0000000000000000
2026/09/26 03:14:18.383, P0, 2955, 14201, 39.52, 0, 0x0000000000000000
2026/09/26 03:14:18.444, P0, 2955, 14201, 37.46, 0, 0x0000000000000000
2026/09/26 03:14:18.507, P0, 2955, 14201, 37.46, 0, 0x0000000000000000
2026/09/26 03:14:18.568, P0, 2955, 14201, 37.46, 0, 0x0000000000000000
2026/09/26 03:14:18.630, P0, 2955, 14201, 37.46, 0, 0x0000000000000000
2026/09/26 03:14:18.692, P0, 2955, 14201, 37.46, 0, 0x0000000000000000
2026/09/26 03:14:18.754, P0, 2955, 14201, 37.46, 0, 0x0000000000000000
2026/09/26 03:14:18.816, P0, 2955, 14201, 37.46, 0, 0x0000000000000000
2026/09/26 03:14:18.878, P0, 2955, 14201, 37.46, 0, 0x0000000000000000
2026/09/26 03:14:18.941, P0, 2527, 14201, 32.58, 0, 0x0000000000000000
2026/09/26 03:14:19.004, P0, 2527, 14201, 32.58, 0, 0x0000000000000000
2026/09/26 03:14:19.065, P0, 2527, 14201, 32.58, 0, 0x0000000000000000
2026/09/26 03:14:19.129, P0, 2527, 14201, 32.58, 0, 0x0000000000000000
2026/09/26 03:14:19.192, P0, 2527, 14201, 32.58, 0, 0x0000000000000000
2026/09/26 03:14:19.255, P0, 2527, 14201, 32.58, 0, 0x0000000000000000
2026/09/26 03:14:19.316, P0, 2527, 14201, 32.58, 0, 0x0000000000000000
2026/09/26 03:14:19.379, P0, 2527, 14201, 32.58, 0, 0x0000000000000000
2026/09/26 03:14:19.443, P0, 2535, 14201, 28.60, 0, 0x0000000000000000
2026/09/26 03:14:19.505, P0, 2535, 14201, 28.60, 0, 0x0000000000000000
2026/09/26 03:14:19.568, P0, 2535, 14201, 28.60, 0, 0x0000000000000000
2026/09/26 03:14:19.629, P0, 2535, 14201, 28.60, 0, 0x0000000000000000
2026/09/26 03:14:19.692, P0, 2535, 14201, 28.60, 0, 0x0000000000000000
2026/09/26 03:14:19.754, P0, 2535, 14201, 28.60, 0, 0x0000000000000000
2026/09/26 03:14:19.816, P0, 2535, 14201, 28.60, 0, 0x0000000000000000
2026/09/26 03:14:19.878, P0, 2535, 14201, 28.60, 0, 0x0000000000000000
2026/09/26 03:14:19.941, P3, 915, 7001, 24.60, 0, 0x0000000000000000
2026/09/26 03:14:20.003, P3, 915, 7001, 24.60, 0, 0x0000000000000000
2026/09/26 03:14:20.065, P3, 915, 7001, 24.60, 0, 0x0000000000000000
2026/09/26 03:14:20.126, P3, 915, 7001, 24.60, 0, 0x0000000000000000
2026/09/26 03:14:20.189, P3, 915, 7001, 24.60, 0, 0x0000000000000000
2026/09/26 03:14:20.253, P3, 915, 7001, 24.60, 0, 0x0000000000000000
2026/09/26 03:14:20.314, P3, 915, 7001, 24.60, 0, 0x0000000000000000
2026/09/26 03:14:20.376, P3, 915, 7001, 24.60, 0, 0x0000000000000000
2026/09/26 03:14:20.439, P1, 2617, 14001, 24.66, 8, 0x0000000000000000
2026/09/26 03:14:20.503, P1, 2617, 14001, 24.66, 8, 0x0000000000000000
2026/09/26 03:14:20.566, P1, 2617, 14001, 24.66, 8, 0x0000000000000000
2026/09/26 03:14:20.629, P1, 2617, 14001, 24.66, 8, 0x0000000000000000
2026/09/26 03:14:20.693, P1, 2617, 14001, 24.66, 8, 0x0000000000000000
2026/09/26 03:14:20.756, P1, 2617, 14001, 24.66, 8, 0x0000000000000000
2026/09/26 03:14:20.819, P1, 2617, 14001, 24.66, 8, 0x0000000000000000
2026/09/26 03:14:20.882, P1, 2617, 14001, 24.66, 8, 0x0000000000000000
2026/09/26 03:14:20.944, P1, 2955, 14001, 37.78, 45, 0x0000000000000000
2026/09/26 03:14:21.006, P1, 2955, 14001, 37.78, 45, 0x0000000000000000
2026/09/26 03:14:21.068, P1, 2955, 14001, 37.78, 45, 0x0000000000000000
2026/09/26 03:14:21.130, P1, 2955, 14001, 37.78, 45, 0x0000000000000000
2026/09/26 03:14:21.193, P1, 2955, 14001, 37.78, 45, 0x0000000000000000
2026/09/26 03:14:21.255, P1, 2955, 14001, 37.78, 45, 0x0000000000000000
2026/09/26 03:14:21.318, P1, 2955, 14001, 37.78, 45, 0x0000000000000000
2026/09/26 03:14:21.381, P1, 2955, 14001, 37.78, 45, 0x0000000000000000
2026/09/26 03:14:21.443, P1, 2955, 14001, 58.06, 45, 0x0000000000000000
2026/09/26 03:14:21.506, P1, 2955, 14001, 58.06, 45, 0x0000000000000000
2026/09/26 03:14:21.569, P1, 2955, 14001, 58.06, 45, 0x0000000000000000
2026/09/26 03:14:21.630, P1, 2955, 14001, 58.06, 45, 0x0000000000000000
2026/09/26 03:14:21.694, P1, 2955, 14001, 58.06, 45, 0x0000000000000000
2026/09/26 03:14:21.756, P1, 2955, 14001, 58.06, 45, 0x0000000000000000
2026/09/26 03:14:21.819, P1, 2955, 14001, 58.06, 45, 0x0000000000000000
2026/09/26 03:14:21.880, P1, 2955, 14001, 58.06, 45, 0x0000000000000000
2026/09/26 03:14:21.943, P0, 2955, 14201, 61.64, 10, 0x0000000000000000
2026/09/26 03:14:22.004, P0, 2955, 14201, 61.64, 10, 0x0000000000000000
2026/09/26 03:14:22.067, P0, 2955, 14201, 61.64, 10, 0x0000000000000000
2026/09/26 03:14:22.130, P0, 2955, 14201, 61.64, 10, 0x0000000000000000
2026/09/26 03:14:22.193, P0, 2955, 14201, 61.64, 10, 0x0000000000000000
2026/09/26 03:14:22.255, P0, 2955, 14201, 61.64, 10, 0x0000000000000000
2026/09/26 03:14:22.319, P0, 2955, 14201, 61.64, 10, 0x0000000000000000
2026/09/26 03:14:22.382, P0, 2955, 14201, 61.64, 10, 0x0000000000000000
2026/09/26 03:14:22.443, P0, 2955, 14201, 52.65, 0, 0x0000000000000000
2026/09/26 03:14:22.506, P0, 2955, 14201, 52.65, 0, 0x0000000000000000
2026/09/26 03:14:22.570, P0, 2955, 14201, 52.65, 0, 0x0000000000000000
2026/09/26 03:14:22.632, P0, 2955, 14201, 52.65, 0, 0x0000000000000000
2026/09/26 03:14:22.696, P0, 2955, 14201, 52.65, 0, 0x0000000000000000
2026/09/26 03:14:22.758, P0, 2955, 14201, 52.65, 0, 0x0000000000000000
2026/09/26 03:14:22.819, P0, 2955, 14201, 52.65, 0, 0x0000000000000000
2026/09/26 03:14:22.882, P0, 2955, 14201, 52.65, 0, 0x0000000000000000
2026/09/26 03:14:22.945, P0, 2955, 14201, 40.66, 0, 0x0000000000000000
2026/09/26 03:14:23.006, P0, 2955, 14201, 40.66, 0, 0x0000000000000000
2026/09/26 03:14:23.070, P0, 2955, 14201, 40.66, 0, 0x0000000000000000
2026/09/26 03:14:23.133, P0, 2955, 14201, 40.66, 0, 0x0000000000000000
2026/09/26 03:14:23.196, P0, 2955, 14201, 40.66, 0, 0x0000000000000000
2026/09/26 03:14:23.259, P0, 2955, 14201, 40.66, 0, 0x0000000000000000
2026/09/26 03:14:23.321, P0, 2955, 14201, 40.66, 0, 0x0000000000000000
2026/09/26 03:14:23.383, P0, 2955, 14201, 40.66, 0, 0x0000000000000000
2026/09/26 03:14:23.445, P0, 2955, 14201, 37.61, 0, 0x0000000000000000
2026/09/26 03:14:23.509, P0, 2955, 14201, 37.61, 0, 0x0000000000000000
2026/09/26 03:14:23.571, P0, 2955, 14201, 37.61, 0, 0x0000000000000000
2026/09/26 03:14:23.634, P0, 2955, 14201, 37.61, 0, 0x0000000000000000
2026/09/26 03:14:23.696, P0, 2955, 14201, 37.61, 0, 0x0000000000000000
2026/09/26 03:14:23.759, P0, 2955, 14201, 37.61, 0, 0x0000000000000000
2026/09/26 03:14:23.822, P0, 2955, 14201, 37.61, 0, 0x0000000000000000
2026/09/26 03:14:23.886, P0, 2955, 14201, 37.61, 0, 0x0000000000000000
2026/09/26 03:14:23.948, P0, 2535, 14201, 34.68, 0, 0x0000000000000000
2026/09/26 03:14:24.009, P0, 2535, 14201, 34.68, 0, 0x0000000000000000
2026/09/26 03:14:24.073, P0, 2535, 14201, 34.68, 0, 0x0000000000000000
2026/09/26 03:14:24.136, P0, 2535, 14201, 34.68, 0, 0x0000000000000000
2026/09/26 03:14:24.199, P0, 2535, 14201, 34.68, 0, 0x0000000000000000
2026/09/26 03:14:24.262, P0, 2535, 14201, 34.68, 0, 0x0000000000000000
2026/09/26 03:14:24.324, P0, 2535, 14201, 34.68, 0, 0x0000000000000000
2026/09/26 03:14:24.386, P0, 2535, 14201, 34.68, 0, 0x0000000000000000
2026/09/26 03:14:24.448, P0, 2535, 14201, 29.74, 0, 0x0000000000000000
2026/09/26 03:14:24.512, P0, 2535, 14201, 29.74, 0, 0x0000000000000000
2026/09/26 03:14:24.574, P0, 2535, 14201, 29.74, 0, 0x0000000000000000
2026/09/26 03:14:24.637, P0, 2535, 14201, 29.74, 0, 0x0000000000000000
2026/09/26 03:14:24.699, P0, 2535, 14201, 29.74, 0, 0x0000000000000000
2026/09/26 03:14:24.761, P0, 2535, 14201, 29.74, 0, 0x0000000000000000
2026/09/26 03:14:24.822, P0, 2535, 14201, 29.74, 0, 0x0000000000000000
2026/09/26 03:14:24.885, P0, 2535, 14201, 29.74, 0, 0x0000000000000000
2026/09/26 03:14:24.947, P3, 877, 7001, 24.46, 0, 0x0000000000000000
2026/09/26 03:14:25.010, P3, 877, 7001, 24.46, 0, 0x0000000000000000
2026/09/26 03:14:25.073, P3, 877, 7001, 24.46, 0, 0x0000000000000000
2026/09/26 03:14:25.135, P3, 877, 7001, 24.46, 0, 0x0000000000000000
2026/09/26 03:14:25.196, P3, 877, 7001, 24.46, 0, 0x0000000000000000
2026/09/26 03:14:25.259, P3, 877, 7001, 24.46, 0, 0x0000000000000000
2026/09/26 03:14:25.322, P3, 877, 7001, 24.46, 0, 0x0000000000000000
2026/09/26 03:14:25.384, P3, 877, 7001, 24.46, 0, 0x0000000000000000
2026/09/26 03:14:25.445, P0, 1245, 14201, 20.60, 8, 0x0000000000000000
2026/09/26 03:14:25.509, P0, 1245, 14201, 20.60, 8, 0x0000000000000000
2026/09/26 03:14:25.571, P0, 1245, 14201, 20.60, 8, 0x0000000000000000
2026/09/26 03:14:25.634, P0, 1245, 14201, 20.60, 8, 0x0000000000000000
2026/09/26 03:14:25.695, P0, 1245, 14201, 20.60, 8, 0x0000000000000000
2026/09/26 03:14:25.757, P0, 1245, 14201, 20.60, 8, 0x0000000000000000
2026/09/26 03:14:25.820, P0, 1245, 14201, 20.60, 8, 0x0000000000000000
2026/09/26 03:14:25.882, P0, 1245, 14201, 20.60, 8, 0x0000000000000000
2026/09/26 03:14:25.944, P1, 2955, 14001, 34.16, 51, 0x0000000000000000
2026/09/26 03:14:26.007, P1, 2955, 14001, 34.16, 51, 0x0000000000000000
2026/09/26 03:14:26.070, P1, 2955, 14001, 34.16, 51, 0x0000000000000000
2026/09/26 03:14:26.132, P1, 2955, 14001, 34.16, 51, 0x0000000000000000
2026/09/26 03:14:26.195, P1, 2955, 14001, 34.16, 51, 0x0000000000000000
2026/09/26 03:14:26.257, P1, 2955, 14001, 34.16, 51, 0x0000000000000000
2026/09/26 03:14:26.320, P1, 2955, 14001, 34.16, 51, 0x0000000000000000
2026/09/26 03:14:26.382, P1, 2955, 14001, 34.16, 51, 0x0000000000000000
2026/09/26 03:14:26.444, P1, 2955, 14001, 56.09, 53, 0x0000000000000000
2026/09/26 03:14:26.507, P1, 2955, 14001, 56.09, 53, 0x0000000000000000
2026/09/26 03:14:26.570, P1, 2955, 14001, 56.09, 53, 0x0000000000000000
2026/09/26 03:14:26.633, P1, 2955, 14001, 56.09, 53, 0x0000000000000000
2026/09/26 03:14:26.696, P1, 2955, 14001, 56.09, 53, 0x0000000000000000
2026/09/26 03:14:26.761, P1, 2955, 14001, 56.09, 53, 0x0000000000000000
2026/09/26 03:14:26.825, P1, 2955, 14001, 56.09, 53, 0x0000000000000000
2026/09/26 03:14:26.889, P1, 2955, 14001, 56.09, 53, 0x0000000000000000
2026/09/26 03:14:26.952, P1, 2955, 14201, 61.27, 4, 0x0000000000000000
2026/09/26 03:14:27.014, P1, 2955, 14201, 61.27, 4, 0x0000000000000000
2026/09/26 03:14:27.078, P1, 2955, 14201, 61.27, 4, 0x0000000000000000
2026/09/26 03:14:27.140, P1, 2955, 14201, 61.27, 4, 0x0000000000000000
2026/09/26 03:14:27.203, P1, 2955, 14201, 61.27, 4, 0x0000000000000000
2026/09/26 03:14:27.265, P1, 2955, 14201, 61.27, 4, 0x0000000000000000
2026/09/26 03:14:27.327, P1, 2955, 14201, 61.27, 4, 0x0000000000000000
2026/09/26 03:14:27.389, P1, 2955, 14201, 61.27, 4, 0x0000000000000000
2026/09/26 03:14:27.450, P1, 2955, 14001, 52.71, 7, 0x0000000000000000
2026/09/26 03:14:27.513, P1, 2955, 14001, 52.71, 7, 0x0000000000000000
2026/09/26 03:14:27.575, P1, 2955, 14001, 52.71, 7, 0x0000000000000000
2026/09/26 03:14:27.637, P1, 2955, 14001, 52.71, 7, 0x0000000000000000
2026/09/26 03:14:27.699, P1, 2955, 14001, 52.71, 7, 0x0000000000000000
2026/09/26 03:14:27.761, P1, 2955, 14001, 52.71, 7, 0x0000000000000000
2026/09/26 03:14:27.824, P1, 2955, 14001, 52.71, 7, 0x0000000000000000
2026/09/26 03:14:27.886, P1, 2955, 14001, 52.71, 7, 0x0000000000000000
2026/09/26 03:14:27.950, P0, 2955, 14201, 43.14, 0, 0x0000000000000000
2026/09/26 03:14:28.012, P0, 2955, 14201, 43.14, 0, 0x0000000000000000
2026/09/26 03:14:28.073, P0, 2955, 14201, 43.14, 0, 0x0000000000000000
2026/09/26 03:14:28.136, P0, 2955, 14201, 43.14, 0, 0x0000000000000000
2026/09/26 03:14:28.200, P0, 2955, 14201, 43.14, 0, 0x0000000000000000
2026/09/26 03:14:28.262, P0, 2955, 14201, 43.14, 0, 0x0000000000000000
2026/09/26 03:14:28.324, P0, 2955, 14201, 43.14, 0, 0x0000000000000000
2026/09/26 03:14:28.385, P0, 2955, 14201, 43.14, 0, 0x0000000000000000
2026/09/26 03:14:28.447, P0, 2955, 14201, 38.67, 0, 0x0000000000000000
2026/09/26 03:14:28.511, P0, 2955, 14201, 38.67, 0, 0x0000000000000000
2026/09/26 03:14:28.573, P0, 2955, 14201, 38.67, 0, 0x0000000000000000
2026/09/26 03:14:28.636, P0, 2955, 14201, 38.67, 0, 0x0000000000000000
2026/09/26 03:14:28.699, P0, 2955, 14201, 38.67, 0, 0x0000000000000000
2026/09/26 03:14:28.760, P0, 2955, 14201, 38.67, 0, 0x0000000000000000
2026/09/26 03:14:28.822, P0, 2955, 14201, 38.67, 0, 0x0000000000000000
2026/09/26 03:14:28.884, P0, 2955, 14201, 38.67, 0, 0x0000000000000000
2026/09/26 03:14:28.948, P0, 2535, 14201, 35.03, 0, 0x0000000000000000
2026/09/26 03:14:29.010, P0, 2535, 14201, 35.03, 0, 0x0000000000000000
2026/09/26 03:14:29.071, P0, 2535, 14201, 35.03, 0, 0x0000000000000000
2026/09/26 03:14:29.135, P0, 2535, 14201, 35.03, 0, 0x0000000000000000
2026/09/26 03:14:29.197, P0, 2535, 14201, 35.03, 0, 0x0000000000000000
2026/09/26 03:14:29.260, P0, 2535, 14201, 35.03, 0, 0x0000000000000000
2026/09/26 03:14:29.323, P0, 2535, 14201, 35.03, 0, 0x0000000000000000
2026/09/26 03:14:29.385, P0, 2535, 14201, 35.03, 0, 0x0000000000000000
2026/09/26 03:14:29.448, P0, 2535, 14201, 29.84, 0, 0x0000000000000000
2026/09/26 03:14:29.510, P0, 2535, 14201, 29.84, 0, 0x0000000000000000
2026/09/26 03:14:29.573, P0, 2535, 14201, 29.84, 0, 0x0000000000000000
2026/09/26 03:14:29.635, P0, 2535, 14201, 29.84, 0, 0x0000000000000000
2026/09/26 03:14:29.696, P0, 2535, 14201, 29.84, 0, 0x0000000000000000
2026/09/26 03:14:29.759, P0, 2535, 14201, 29.84, 0, 0x0000000000000000
2026/09/26 03:14:29.820, P0, 2535, 14201, 29.84, 0, 0x0000000000000000
2026/09/26 03:14:29.883, P0, 2535, 14201, 29.84, 0, 0x0000000000000000
2026/09/26 03:14:29.946, P3, 982, 7001, 24.66, 0, 0x0000000000000000
2026/09/26 03:14:30.009, P3, 982, 7001, 24.66, 0, 0x0000000000000000
2026/09/26 03:14:30.071, P3, 982, 7001, 24.66, 0, 0x0000000000000000
2026/09/26 03:14:30.133, P3, 982, 7001, 24.66, 0, 0x0000000000000000
2026/09/26 03:14:30.194, P3, 982, 7001, 24.66, 0, 0x0000000000000000
2026/09/26 03:14:30.258, P3, 982, 7001, 24.66, 0, 0x0000000000000000
2026/09/26 03:14:30.319, P3, 982, 7001, 24.66, 0, 0x0000000000000000
2026/09/26 03:14:30.381, P3, 982, 7001, 24.66, 0, 0x0000000000000000
2026/09/26 03:14:30.444, P3, 750, 7001, 18.86, 0, 0x0000000000000000
2026/09/26 03:14:30.507, P3, 750, 7001, 18.86, 0, 0x0000000000000000
2026/09/26 03:14:30.568, P3, 750, 7001, 18.86, 0, 0x0000000000000000
2026/09/26 03:14:30.630, P3, 750, 7001, 18.86, 0, 0x0000000000000000
2026/09/26 03:14:30.693, P3, 750, 7001, 18.86, 0, 0x0000000000000000
2026/09/26 03:14:30.754, P3, 750, 7001, 18.86, 0, 0x0000000000000000
2026/09/26 03:14:30.817, P3, 750, 7001, 18.86, 0, 0x0000000000000000
2026/09/26 03:14:30.880, P3, 750, 7001, 18.86, 0, 0x0000000000000000
2026/09/26 03:14:30.942, P1, 2430, 14001, 22.60, 49, 0x0000000000000000
2026/09/26 03:14:31.005, P1, 2430, 14001, 22.60, 49, 0x0000000000000000
2026/09/26 03:14:31.067, P1, 2430, 14001, 22.60, 49, 0x0000000000000000
2026/09/26 03:14:31.130, P1, 2430, 14001, 22.60, 49, 0x0000000000000000
2026/09/26 03:14:31.193, P1, 2430, 14001, 22.60, 49, 0x0000000000000000
2026/09/26 03:14:31.255, P1, 2430, 14001, 22.60, 49, 0x0000000000000000
2026/09/26 03:14:31.318, P1, 2430, 14001, 22.60, 49, 0x0000000000000000
2026/09/26 03:14:31.380, P1, 2430, 14001, 22.60, 49, 0x0000000000000000
2026/09/26 03:14:31.442, P1, 2955, 14001, 44.26, 48, 0x0000000000000000
2026/09/26 03:14:31.504, P1, 2955, 14001, 44.26, 48, 0x0000000000000000
2026/09/26 03:14:31.567, P1, 2955, 14001, 44.26, 48, 0x0000000000000000
2026/09/26 03:14:31.629, P1, 2955, 14001, 44.26, 48, 0x0000000000000000
2026/09/26 03:14:31.693, P1, 2955, 14001, 44.26, 48, 0x0000000000000000
2026/09/26 03:14:31.757, P1, 2955, 14001, 44.26, 48, 0x0000000000000000
2026/09/26 03:14:31.820, P1, 2955, 14001, 44.26, 48, 0x0000000000000000
2026/09/26 03:14:31.881, P1, 2955, 14001, 44.26, 48, 0x0000000000000000
2026/09/26 03:14:31.944, P1, 2955, 14001, 63.52, 52, 0x0000000000000000
2026/09/26 03:14:32.005, P1, 2955, 14001, 63.52, 52, 0x0000000000000000
2026/09/26 03:14:32.068, P1, 2955, 14001, 63.52, 52, 0x0000000000000000
2026/09/26 03:14:32.130, P1, 2955, 14001, 63.52, 52, 0x0000000000000000
2026/09/26 03:14:32.193, P1, 2955, 14001, 63.52, 52, 0x0000000000000000
2026/09/26 03:14:32.254, P1, 2955, 14001, 63.52, 52, 0x0000000000000000
2026/09/26 03:14:32.317, P1, 2955, 14001, 63.52, 52, 0x0000000000000000
2026/09/26 03:14:32.379, P1, 2955, 14001, 63.52, 52, 0x0000000000000000
2026/09/26 03:14:32.442, P0, 2955, 14201, 56.79, 29, 0x0000000000000000
2026/09/26 03:14:32.505, P0, 2955, 14201, 56.79, 29, 0x0000000000000000
2026/09/26 03:14:32.567, P0, 2955, 14201, 56.79, 29, 0x0000000000000000
2026/09/26 03:14:32.629, P0, 2955, 14201, 56.79, 29, 0x0000000000000000
2026/09/26 03:14:32.693, P0, 2955, 14201, 56.79, 29, 0x0000000000000000
2026/09/26 03:14:32.755, P0, 2955, 14201, 56.79, 29, 0x0000000000000000
2026/09/26 03:14:32.818, P0, 2955, 14201, 56.79, 29, 0x0000000000000000
2026/09/26 03:14:32.879, P0, 2955, 14201, 56.79, 29, 0x0000000000000000
2026/09/26 03:14:32.942, P1, 2955, 14001, 55.87, 46, 0x0000000000000000
2026/09/26 03:14:33.005, P1, 2955, 14001, 55.87, 46, 0x0000000000000000
2026/09/26 03:14:33.067, P1, 2955, 14001, 55.87, 46, 0x0000000000000000
2026/09/26 03:14:33.130, P1, 2955, 14001, 55.87, 46, 0x0000000000000000
2026/09/26 03:14:33.193, P1, 2955, 14001, 55.87, 46, 0x0000000000000000
2026/09/26 03:14:33.255, P1, 2955, 14001, 55.87, 46, 0x0000000000000000
2026/09/26 03:14:33.316, P1, 2955, 14001, 55.87, 46, 0x0000000000000000
2026/09/26 03:14:33.377, P1, 2955, 14001, 55.87, 46, 0x0000000000000000
2026/09/26 03:14:33.439, P1, 2955, 14001, 60.88, 47, 0x0000000000000000
2026/09/26 03:14:33.502, P1, 2955, 14001, 60.88, 47, 0x0000000000000000
2026/09/26 03:14:33.565, P1, 2955, 14001, 60.88, 47, 0x0000000000000000
2026/09/26 03:14:33.628, P1, 2955, 14001, 60.88, 47, 0x0000000000000000
2026/09/26 03:14:33.691, P1, 2955, 14001, 60.88, 47, 0x0000000000000000
2026/09/26 03:14:33.754, P1, 2955, 14001, 60.88, 47, 0x0000000000000000
2026/09/26 03:14:33.817, P1, 2955, 14001, 60.88, 47, 0x0000000000000000
2026/09/26 03:14:33.879, P1, 2955, 14001, 60.88, 47, 0x0000000000000000
2026/09/26 03:14:33.942, P0, 2955, 14201, 59.51, 0, 0x0000000000000000
2026/09/26 03:14:34.004, P0, 2955, 14201, 59.51, 0, 0x0000000000000000
2026/09/26 03:14:34.068, P0, 2955, 14201, 59.51, 0, 0x0000000000000000
2026/09/26 03:14:34.130, P0, 2955, 14201, 59.51, 0, 0x0000000000000000
2026/09/26 03:14:34.193, P0, 2955, 14201, 59.51, 0, 0x0000000000000000
2026/09/26 03:14:34.256, P0, 2955, 14201, 59.51, 0, 0x0000000000000000
2026/09/26 03:14:34.318, P0, 2955, 14201, 59.51, 0, 0x0000000000000000
2026/09/26 03:14:34.381, P0, 2955, 14201, 59.51, 0, 0x0000000000000000
2026/09/26 03:14:34.445, P0, 2955, 14201, 48.80, 0, 0x0000000000000000
2026/09/26 03:14:34.507, P0, 2955, 14201, 48.80, 0, 0x0000000000000000
2026/09/26 03:14:34.568, P0, 2955, 14201, 48.80, 0, 0x0000000000000000
2026/09/26 03:14:34.631, P0, 2955, 14201, 48.80, 0, 0x0000000000000000
2026/09/26 03:14:34.695, P0, 2955, 14201, 48.80, 0, 0x0000000000000000
2026/09/26 03:14:34.758, P0, 2955, 14201, 48.80, 0, 0x0000000000000000
2026/09/26 03:14:34.819, P0, 2955, 14201, 48.80, 0, 0x0000000000000000
2026/09/26 03:14:34.880, P0, 2955, 14201, 48.80, 0, 0x0000000000000000
2026/09/26 03:14:34.943, P0, 2955, 14201, 38.03, 0, 0x0000000000000000
2026/09/26 03:14:35.005, P0, 2955, 14201, 38.03, 0, 0x0000000000000000
2026/09/26 03:14:35.068, P0, 2955, 14201, 38.03, 0, 0x0000000000000000
2026/09/26 03:14:35.130, P0, 2955, 14201, 38.03, 0, 0x0000000000000000
2026/09/26 03:14:35.192, P0, 2955, 14201, 38.03, 0, 0x0000000000000000
2026/09/26 03:14:35.254, P0, 2955, 14201, 38.03, 0, 0x0000000000000000
2026/09/26 03:14:35.316, P0, 2955, 14201, 38.03, 0, 0x0000000000000000
2026/09/26 03:14:35.379, P0, 2955, 14201, 38.03, 0, 0x0000000000000000
2026/09/26 03:14:35.441, P3, 2955, 14201, 37.84, 0, 0x0000000000000000
2026/09/26 03:14:35.504, P3, 2955, 14201, 37.84, 0, 0x0000000000000000
2026/09/26 03:14:35.567, P3, 2955, 14201, 37.84, 0, 0x0000000000000000
2026/09/26 03:14:35.631, P3, 2955, 14201, 37.84, 0, 0x0000000000000000
2026/09/26 03:14:35.694, P3, 2955, 14201, 37.84, 0, 0x0000000000000000
2026/09/26 03:14:35.756, P3, 2955, 14201, 37.84, 0, 0x0000000000000000
2026/09/26 03:14:35.819, P3, 2955, 14201, 37.84, 0, 0x0000000000000000
2026/09/26 03:14:35.882, P3, 2955, 14201, 37.84, 0, 0x0000000000000000
2026/09/26 03:14:35.944, P3, 885, 7001, 27.24, 0, 0x0000000000000000
2026/09/26 03:14:36.005, P3, 885, 7001, 27.24, 0, 0x0000000000000000
2026/09/26 03:14:36.067, P3, 885, 7001, 27.24, 0, 0x0000000000000000
2026/09/26 03:14:36.129, P3, 885, 7001, 27.24, 0, 0x0000000000000000
2026/09/26 03:14:36.193, P3, 885, 7001, 27.24, 0, 0x0000000000000000
2026/09/26 03:14:36.256, P3, 885, 7001, 27.24, 0, 0x0000000000000000
2026/09/26 03:14:36.318, P3, 885, 7001, 27.24, 0, 0x0000000000000000
2026/09/26 03:14:36.381, P3, 885, 7001, 27.24, 0, 0x0000000000000000
2026/09/26 03:14:36.443, P3, 750, 7001, 16.47, 0, 0x0000000000000000
2026/09/26 03:14:36.506, P3, 750, 7001, 16.47, 0, 0x0000000000000000
2026/09/26 03:14:36.569, P3, 750, 7001, 16.47, 0, 0x0000000000000000
2026/09/26 03:14:36.632, P3, 750, 7001, 16.47, 0, 0x0000000000000000
2026/09/26 03:14:36.694, P3, 750, 7001, 16.47, 0, 0x0000000000000000
2026/09/26 03:14:36.757, P3, 750, 7001, 16.47, 0, 0x0000000000000000
2026/09/26 03:14:36.820, P3, 750, 7001, 16.47, 0, 0x0000000000000000
2026/09/26 03:14:36.883, P3, 750, 7001, 16.47, 0, 0x0000000000000000
2026/09/26 03:14:36.947, P0, 667, 14201, 17.37, 10, 0x0000000000000000
2026/09/26 03:14:37.011, P0, 667, 14201, 17.37, 10, 0x0000000000000000
2026/09/26 03:14:37.073, P0, 667, 14201, 17.37, 10, 0x0000000000000000
2026/09/26 03:14:37.136, P0, 667, 14201, 17.37, 10, 0x0000000000000000
2026/09/26 03:14:37.198, P0, 667, 14201, 17.37, 10, 0x0000000000000000
2026/09/26 03:14:37.262, P0, 667, 14201, 17.37, 10, 0x0000000000000000
2026/09/26 03:14:37.324, P0, 667, 14201, 17.37, 10, 0x0000000000000000
2026/09/26 03:14:37.386, P0, 667, 14201, 17.37, 10, 0x0000000000000000
2026/09/26 03:14:37.448, P0, 2655, 14201, 24.77, 8, 0x0000000000000000
2026/09/26 03:14:37.510, P0, 2655, 14201, 24.77, 8, 0x0000000000000000
2026/09/26 03:14:37.573, P0, 2655, 14201, 24.77, 8, 0x0000000000000000
2026/09/26 03:14:37.637, P0, 2655, 14201, 24.77, 8, 0x0000000000000000
2026/09/26 03:14:37.701, P0, 2655, 14201, 24.77, 8, 0x0000000000000000
2026/09/26 03:14:37.763, P0, 2655, 14201, 24.77, 8, 0x0000000000000000
2026/09/26 03:14:37.825, P0, 2655, 14201, 24.77, 8, 0x0000000000000000
2026/09/26 03:14:37.888, P0, 2655, 14201, 24.77, 8, 0x0000000000000000
2026/09/26 03:14:37.950, P0, 2535, 14201, 32.77, 0, 0x0000000000000000
2026/09/26 03:14:38.012, P0, 2535, 14201, 32.77, 0, 0x0000000000000000
2026/09/26 03:14:38.075, P0, 2535, 14201, 32.77, 0, 0x0000000000000000
2026/09/26 03:14:38.138, P0, 2535, 14201, 32.77, 0, 0x0000000000000000
2026/09/26 03:14:38.200, P0, 2535, 14201, 32.77, 0, 0x0000000000000000
2026/09/26 03:14:38.263, P0, 2535, 14201, 32.77, 0, 0x0000000000000000
2026/09/26 03:14:38.326, P0, 2535, 14201, 32.77, 0, 0x0000000000000000
2026/09/26 03:14:38.388, P0, 2535, 14201, 32.77, 0, 0x0000000000000000
2026/09/26 03:14:38.451, P0, 2535, 14201, 31.15, 0, 0x0000000000000000
2026/09/26 03:14:38.514, P0, 2535, 14201, 31.15, 0, 0x0000000000000000
2026/09/26 03:14:38.576, P0, 2535, 14201, 31.15, 0, 0x0000000000000000
2026/09/26 03:14:38.641, P0, 2535, 14201, 31.15, 0, 0x0000000000000000
2026/09/26 03:14:38.703, P0, 2535, 14201, 31.15, 0, 0x0000000000000000
2026/09/26 03:14:38.767, P0, 2535, 14201, 31.15, 0, 0x0000000000000000
2026/09/26 03:14:38.828, P0, 2535, 14201, 31.15, 0, 0x0000000000000000
2026/09/26 03:14:38.891, P0, 2535, 14201, 31.15, 0, 0x0000000000000000
2026/09/26 03:14:38.954, P0, 2535, 14201, 27.76, 0, 0x0000000000000000
2026/09/26 03:14:39.017, P0, 2535, 14201, 27.76, 0, 0x0000000000000000
2026/09/26 03:14:39.079, P0, 2535, 14201, 27.76, 0, 0x0000000000000000
2026/09/26 03:14:39.141, P0, 2535, 14201, 27.76, 0, 0x0000000000000000
2026/09/26 03:14:39.203, P0, 2535, 14201, 27.76, 0, 0x0000000000000000
2026/09/26 03:14:39.266, P0, 2535, 14201, 27.76, 0, 0x0000000000000000
2026/09/26 03:14:39.329, P0, 2535, 14201, 27.76, 0, 0x0000000000000000
2026/09/26 03:14:39.390, P0, 2535, 14201, 27.76, 0, 0x0000000000000000
2026/09/26 03:14:39.452, P0, 2535, 14201, 27.70, 0, 0x0000000000000000
2026/09/26 03:14:39.513, P0, 2535, 14201, 27.70, 0, 0x0000000000000000
2026/09/26 03:14:39.575, P0, 2535, 14201, 27.70, 0, 0x0000000000000000
2026/09/26 03:14:39.638, P0, 2535, 14201, 27.70, 0, 0x0000000000000000
2026/09/26 03:14:39.700, P0, 2535, 14201, 27.70, 0, 0x0000000000000000
2026/09/26 03:14:39.762, P0, 2535, 14201, 27.70, 0, 0x0000000000000000
2026/09/26 03:14:39.824, P0, 2535, 14201, 27.70, 0, 0x0000000000000000
2026/09/26 03:14:39.886, P0, 2535, 14201, 27.70, 0, 0x0000000000000000
2026/09/26 03:14:39.949, P3, 1057, 7001, 24.56, 0, 0x0000000000000000
2026/09/26 03:14:40.012, P3, 1057, 7001, 24.56, 0, 0x0000000000000000
2026/09/26 03:14:40.074, P3, 1057, 7001, 24.56, 0, 0x0000000000000000
2026/09/26 03:14:40.136, P3, 1057, 7001, 24.56, 0, 0x0000000000000000
2026/09/26 03:14:40.198, P3, 1057, 7001, 24.56, 0, 0x0000000000000000
2026/09/26 03:14:40.261, P3, 1057, 7001, 24.56, 0, 0x0000000000000000
2026/09/26 03:14:40.324, P3, 1057, 7001, 24.56, 0, 0x0000000000000000
2026/09/26 03:14:40.386, P3, 1057, 7001, 24.56, 0, 0x0000000000000000
2026/09/26 03:14:40.448, P3, 825, 7001, 19.66, 0, 0x0000000000000000
2026/09/26 03:14:40.509, P3, 825, 7001, 19.66, 0, 0x0000000000000000
2026/09/26 03:14:40.571, P3, 825, 7001, 19.66, 0, 0x0000000000000000
2026/09/26 03:14:40.634, P3, 825, 7001, 19.66, 0, 0x0000000000000000
2026/09/26 03:14:40.696, P3, 825, 7001, 19.66, 0, 0x0000000000000000
2026/09/26 03:14:40.759, P3, 825, 7001, 19.66, 0, 0x0000000000000000
2026/09/26 03:14:40.820, P3, 825, 7001, 19.66, 0, 0x0000000000000000
2026/09/26 03:14:40.881, P3, 825, 7001, 19.66, 0, 0x0000000000000000
2026/09/26 03:14:40.944, P1, 2520, 14001, 23.66, 47, 0x0000000000000000
2026/09/26 03:14:41.006, P1, 2520, 14001, 23.66, 47, 0x0000000000000000
2026/09/26 03:14:41.069, P1, 2520, 14001, 23.66, 47, 0x0000000000000000
2026/09/26 03:14:41.131, P1, 2520, 14001, 23.66, 47, 0x0000000000000000
2026/09/26 03:14:41.193, P1, 2520, 14001, 23.66, 47, 0x0000000000000000
2026/09/26 03:14:41.256, P1, 2520, 14001, 23.66, 47, 0x0000000000000000
2026/09/26 03:14:41.318, P1, 2520, 14001, 23.66, 47, 0x0000000000000000
2026/09/26 03:14:41.379, P1, 2520, 14001, 23.66, 47, 0x0000000000000000
2026/09/26 03:14:41.442, P1, 2955, 14001, 47.40, 50, 0x0000000000000000
2026/09/26 03:14:41.504, P1, 2955, 14001, 47.40, 50, 0x0000000000000000
2026/09/26 03:14:41.567, P1, 2955, 14001, 47.40, 50, 0x0000000000000000
2026/09/26 03:14:41.629, P1, 2955, 14001, 47.40, 50, 0x0000000000000000
2026/09/26 03:14:41.692, P1, 2955, 14001, 47.40, 50, 0x0000000000000000
2026/09/26 03:14:41.755, P1, 2955, 14001, 47.40, 50, 0x0000000000000000
2026/09/26 03:14:41.817, P1, 2955, 14001, 47.40, 50, 0x0000000000000000
2026/09/26 03:14:41.880, P1, 2955, 14001, 47.40, 50, 0x0000000000000000
2026/09/26 03:14:41.943, P1, 2955, 14001, 63.23, 50, 0x0000000000000000
2026/09/26 03:14:42.005, P1, 2955, 14001, 63.23, 50, 0x0000000000000000
2026/09/26 03:14:42.068, P1, 2955, 14001, 63.23, 50, 0x0000000000000000
2026/09/26 03:14:42.131, P1, 2955, 14001, 63.23, 50, 0x0000000000000000
2026/09/26 03:14:42.193, P1, 2955, 14001, 63.23, 50, 0x0000000000000000
2026/09/26 03:14:42.255, P1, 2955, 14001, 63.23, 50, 0x0000000000000000
2026/09/26 03:14:42.318, P1, 2955, 14001, 63.23, 50, 0x0000000000000000
2026/09/26 03:14:42.381, P1, 2955, 14001, 63.23, 50, 0x0000000000000000
2026/09/26 03:14:42.443, P0, 2955, 14201, 56.80, 38, 0x0000000000000000
2026/09/26 03:14:42.505, P0, 2955, 14201, 56.80, 38, 0x0000000000000000
2026/09/26 03:14:42.568, P0, 2955, 14201, 56.80, 38, 0x0000000000000000
2026/09/26 03:14:42.630, P0, 2955, 14201, 56.80, 38, 0x0000000000000000
2026/09/26 03:14:42.692, P0, 2955, 14201, 56.80, 38, 0x0000000000000000
2026/09/26 03:14:42.755, P0, 2955, 14201, 56.80, 38, 0x0000000000000000
2026/09/26 03:14:42.817, P0, 2955, 14201, 56.80, 38, 0x0000000000000000
2026/09/26 03:14:42.879, P0, 2955, 14201, 56.80, 38, 0x0000000000000000
2026/09/26 03:14:42.943, P1, 2955, 14001, 52.94, 54, 0x0000000000000000
2026/09/26 03:14:43.005, P1, 2955, 14001, 52.94, 54, 0x0000000000000000
2026/09/26 03:14:43.067, P1, 2955, 14001, 52.94, 54, 0x0000000000000000
2026/09/26 03:14:43.130, P1, 2955, 14001, 52.94, 54, 0x0000000000000000
2026/09/26 03:14:43.192, P1, 2955, 14001, 52.94, 54, 0x0000000000000000
2026/09/26 03:14:43.255, P1, 2955, 14001, 52.94, 54, 0x0000000000000000
2026/09/26 03:14:43.317, P1, 2955, 14001, 52.94, 54, 0x0000000000000000
2026/09/26 03:14:43.379, P1, 2955, 14001, 52.94, 54, 0x0000000000000000
2026/09/26 03:14:43.441, P1, 2955, 14001, 52.94, 54, 0x0000000000000000
2026/09/26 03:14:43.504, P1, 2955, 14001, 58.06, 52, 0x0000000000000000
2026/09/26 03:14:43.567, P1, 2955, 14001, 58.06, 52, 0x0000000000000000
2026/09/26 03:14:43.629, P1, 2955, 14001, 58.06, 52, 0x0000000000000000
2026/09/26 03:14:43.691, P1, 2955, 14001, 58.06, 52, 0x0000000000000000
2026/09/26 03:14:43.754, P1, 2955, 14001, 58.06, 52, 0x0000000000000000
2026/09/26 03:14:43.818, P1, 2955, 14001, 58.06, 52, 0x0000000000000000
2026/09/26 03:14:43.880, P1, 2955, 14001, 58.06, 52, 0x0000000000000000
2026/09/26 03:14:43.943, P0, 2955, 14201, 63.17, 28, 0x0000000000000000
2026/09/26 03:14:44.005, P0, 2955, 14201, 63.17, 28, 0x0000000000000000
2026/09/26 03:14:44.069, P0, 2955, 14201, 63.17, 28, 0x0000000000000000
2026/09/26 03:14:44.131, P0, 2955, 14201, 63.17, 28, 0x0000000000000000
2026/09/26 03:14:44.194, P0, 2955, 14201, 63.17, 28, 0x0000000000000000
2026/09/26 03:14:44.256, P0, 2955, 14201, 63.17, 28, 0x0000000000000000
2026/09/26 03:14:44.319, P0, 2955, 14201, 63.17, 28, 0x0000000000000000
2026/09/26 03:14:44.380, P0, 2955, 14201, 63.17, 28, 0x0000000000000000
2026/09/26 03:14:44.444, P0, 2955, 14201, 50.66, 0, 0x0000000000000000
2026/09/26 03:14:44.508, P0, 2955, 14201, 50.66, 0, 0x0000000000000000
2026/09/26 03:14:44.569, P0, 2955, 14201, 50.66, 0, 0x0000000000000000
2026/09/26 03:14:44.632, P0, 2955, 14201, 50.66, 0, 0x0000000000000000
2026/09/26 03:14:44.695, P0, 2955, 14201, 50.66, 0, 0x0000000000000000
2026/09/26 03:14:44.758, P0, 2955, 14201, 50.66, 0, 0x0000000000000000
2026/09/26 03:14:44.819, P0, 2955, 14201, 50.66, 0, 0x0000000000000000
2026/09/26 03:14:44.881, P0, 2955, 14201, 50.66, 0, 0x0000000000000000
2026/09/26 03:14:44.944, P0, 2955, 14201, 39.60, 0, 0x0000000000000000
2026/09/26 03:14:45.007, P0, 2955, 14201, 39.60, 0, 0x0000000000000000
2026/09/26 03:14:45.070, P0, 2955, 14201, 39.60, 0, 0x0000000000000000
2026/09/26 03:14:45.131, P0, 2955, 14201, 39.60, 0, 0x0000000000000000
2026/09/26 03:14:45.193, P0, 2955, 14201, 39.60, 0, 0x0000000000000000
2026/09/26 03:14:45.256, P0, 2955, 14201, 39.60, 0, 0x0000000000000000
2026/09/26 03:14:45.320, P0, 2955, 14201, 39.60, 0, 0x0000000000000000
2026/09/26 03:14:45.383, P0, 2955, 14201, 39.60, 0, 0x0000000000000000
2026/09/26 03:14:45.445, P0, 2955, 14201, 37.86, 0, 0x0000000000000000
2026/09/26 03:14:45.507, P0, 2955, 14201, 37.86, 0, 0x0000000000000000
2026/09/26 03:14:45.569, P0, 2955, 14201, 37.86, 0, 0x0000000000000000
2026/09/26 03:14:45.631, P0, 2955, 14201, 37.86, 0, 0x0000000000000000
2026/09/26 03:14:45.694, P0, 2955, 14201, 37.86, 0, 0x0000000000000000
2026/09/26 03:14:45.756, P0, 2955, 14201, 37.86, 0, 0x0000000000000000
2026/09/26 03:14:45.818, P0, 2955, 14201, 37.86, 0, 0x0000000000000000
2026/09/26 03:14:45.880, P0, 2955, 14201, 37.86, 0, 0x0000000000000000
2026/09/26 03:14:45.942, P0, 2955, 14201, 37.86, 0, 0x0000000000000000
2026/09/26 03:14:46.004, P3, 772, 7001, 31.40, 0, 0x0000000000000000
2026/09/26 03:14:46.066, P3, 772, 7001, 31.40, 0, 0x0000000000000000
2026/09/26 03:14:46.128, P3, 772, 7001, 31.40, 0, 0x0000000000000000
2026/09/26 03:14:46.190, P3, 772, 7001, 31.40, 0, 0x0000000000000000
2026/09/26 03:14:46.253, P3, 772, 7001, 31.40, 0, 0x0000000000000000
2026/09/26 03:14:46.315, P3, 772, 7001, 31.40, 0, 0x0000000000000000
2026/09/26 03:14:46.377, P3, 772, 7001, 31.40, 0, 0x0000000000000000
2026/09/26 03:14:46.439, P3, 772, 7001, 31.40, 0, 0x0000000000000000
2026/09/26 03:14:46.501, P3, 697, 7001, 20.62, 0, 0x0000000000000000
2026/09/26 03:14:46.563, P3, 697, 7001, 20.62, 0, 0x0000000000000000
2026/09/26 03:14:46.625, P3, 697, 7001, 20.62, 0, 0x0000000000000000
2026/09/26 03:14:46.687, P3, 697, 7001, 20.62, 0, 0x0000000000000000
2026/09/26 03:14:46.751, P3, 697, 7001, 20.62, 0, 0x0000000000000000
2026/09/26 03:14:46.813, P3, 697, 7001, 20.62, 0, 0x0000000000000000
2026/09/26 03:14:46.876, P3, 697, 7001, 20.62, 0, 0x0000000000000000
2026/09/26 03:14:46.939, P3, 697, 7001, 20.62, 0, 0x0000000000000000
2026/09/26 03:14:47.001, P3, 607, 7001, 16.28, 0, 0x0000000000000000
2026/09/26 03:14:47.064, P3, 607, 7001, 16.28, 0, 0x0000000000000000
2026/09/26 03:14:47.128, P3, 607, 7001, 16.28, 0, 0x0000000000000000
2026/09/26 03:14:47.188, P3, 607, 7001, 16.28, 0, 0x0000000000000000
2026/09/26 03:14:47.251, P3, 607, 7001, 16.28, 0, 0x0000000000000000
2026/09/26 03:14:47.315, P3, 607, 7001, 16.28, 0, 0x0000000000000000
2026/09/26 03:14:47.377, P3, 607, 7001, 16.28, 0, 0x0000000000000000
2026/09/26 03:14:47.439, P3, 607, 7001, 16.28, 0, 0x0000000000000000
2026/09/26 03:14:47.500, P1, 2947, 14001, 30.80, 52, 0x0000000000000000
2026/09/26 03:14:47.563, P1, 2947, 14001, 30.80, 52, 0x0000000000000000
2026/09/26 03:14:47.628, P1, 2947, 14001, 30.80, 52, 0x0000000000000000
2026/09/26 03:14:47.690, P1, 2947, 14001, 30.80, 52, 0x0000000000000000
2026/09/26 03:14:47.753, P1, 2947, 14001, 30.80, 52, 0x0000000000000000
2026/09/26 03:14:47.816, P1, 2947, 14001, 30.80, 52, 0x0000000000000000
2026/09/26 03:14:47.878, P1, 2947, 14001, 30.80, 52, 0x0000000000000000
2026/09/26 03:14:47.941, P1, 2947, 14001, 30.80, 52, 0x0000000000000000
2026/09/26 03:14:48.005, P1, 2955, 14001, 52.44, 52, 0x0000000000000000
2026/09/26 03:14:48.068, P1, 2955, 14001, 52.44, 52, 0x0000000000000000
2026/09/26 03:14:48.129, P1, 2955, 14001, 52.44, 52, 0x0000000000000000
2026/09/26 03:14:48.191, P1, 2955, 14001, 52.44, 52, 0x0000000000000000
2026/09/26 03:14:48.254, P1, 2955, 14001, 52.44, 52, 0x0000000000000000
2026/09/26 03:14:48.316, P1, 2955, 14001, 52.44, 52, 0x0000000000000000
2026/09/26 03:14:48.378, P1, 2955, 14001, 52.44, 52, 0x0000000000000000
2026/09/26 03:14:48.440, P1, 2955, 14001, 52.44, 52, 0x0000000000000000
2026/09/26 03:14:48.502, P0, 2955, 14201, 62.47, 3, 0x0000000000000000
2026/09/26 03:14:48.564, P0, 2955, 14201, 62.47, 3, 0x0000000000000000
2026/09/26 03:14:48.626, P0, 2955, 14201, 62.47, 3, 0x0000000000000000
2026/09/26 03:14:48.688, P0, 2955, 14201, 62.47, 3, 0x0000000000000000
2026/09/26 03:14:48.751, P0, 2955, 14201, 62.47, 3, 0x0000000000000000
2026/09/26 03:14:48.813, P0, 2955, 14201, 62.47, 3, 0x0000000000000000
2026/09/26 03:14:48.875, P0, 2955, 14201, 62.47, 3, 0x0000000000000000
2026/09/26 03:14:48.937, P0, 2955, 14201, 62.47, 3, 0x0000000000000000
2026/09/26 03:14:48.999, P0, 2955, 14201, 50.77, 0, 0x0000000000000000
2026/09/26 03:14:49.062, P0, 2955, 14201, 50.77, 0, 0x0000000000000000
2026/09/26 03:14:49.125, P0, 2955, 14201, 50.77, 0, 0x0000000000000000
2026/09/26 03:14:49.188, P0, 2955, 14201, 50.77, 0, 0x0000000000000000
2026/09/26 03:14:49.250, P0, 2955, 14201, 50.77, 0, 0x0000000000000000
2026/09/26 03:14:49.312, P0, 2955, 14201, 50.77, 0, 0x0000000000000000
2026/09/26 03:14:49.374, P0, 2955, 14201, 50.77, 0, 0x0000000000000000
2026/09/26 03:14:49.437, P0, 2955, 14201, 50.77, 0, 0x0000000000000000
2026/09/26 03:14:49.498, P0, 2955, 14201, 37.97, 0, 0x0000000000000000
2026/09/26 03:14:49.561, P0, 2955, 14201, 37.97, 0, 0x0000000000000000
2026/09/26 03:14:49.623, P0, 2955, 14201, 37.97, 0, 0x0000000000000000
2026/09/26 03:14:49.685, P0, 2955, 14201, 37.97, 0, 0x0000000000000000
2026/09/26 03:14:49.748, P0, 2955, 14201, 37.97, 0, 0x0000000000000000
2026/09/26 03:14:49.810, P0, 2955, 14201, 37.97, 0, 0x0000000000000000
2026/09/26 03:14:49.872, P0, 2955, 14201, 37.97, 0, 0x0000000000000000
2026/09/26 03:14:49.933, P0, 2955, 14201, 37.97, 0, 0x0000000000000000
2026/09/26 03:14:49.996, P0, 2955, 14201, 37.84, 0, 0x0000000000000000
2026/09/26 03:14:50.059, P0, 2955, 14201, 37.84, 0, 0x0000000000000000
2026/09/26 03:14:50.122, P0, 2955, 14201, 37.84, 0, 0x0000000000000000
2026/09/26 03:14:50.184, P0, 2955, 14201, 37.84, 0, 0x0000000000000000
2026/09/26 03:14:50.248, P0, 2955, 14201, 37.84, 0, 0x0000000000000000
2026/09/26 03:14:50.310, P0, 2955, 14201, 37.84, 0, 0x0000000000000000
2026/09/26 03:14:50.373, P0, 2955, 14201, 37.84, 0, 0x0000000000000000
2026/09/26 03:14:50.436, P0, 2955, 14201, 37.84, 0, 0x0000000000000000
2026/09/26 03:14:50.499, P3, 877, 7001, 29.32, 0, 0x0000000000000000
2026/09/26 03:14:50.560, P3, 877, 7001, 29.32, 0, 0x0000000000000000
2026/09/26 03:14:50.623, P3, 877, 7001, 29.32, 0, 0x0000000000000000
2026/09/26 03:14:50.684, P3, 877, 7001, 29.32, 0, 0x0000000000000000
2026/09/26 03:14:50.747, P3, 877, 7001, 29.32, 0, 0x0000000000000000
2026/09/26 03:14:50.809, P3, 877, 7001, 29.32, 0, 0x0000000000000000
2026/09/26 03:14:50.871, P3, 877, 7001, 29.32, 0, 0x0000000000000000
2026/09/26 03:14:50.933, P3, 877, 7001, 29.32, 0, 0x0000000000000000
2026/09/26 03:14:50.995, P3, 735, 7001, 18.56, 0, 0x0000000000000000
2026/09/26 03:14:51.057, P3, 735, 7001, 18.56, 0, 0x0000000000000000
2026/09/26 03:14:51.120, P3, 735, 7001, 18.56, 0, 0x0000000000000000
2026/09/26 03:14:51.184, P3, 735, 7001, 18.56, 0, 0x0000000000000000
2026/09/26 03:14:51.246, P3, 735, 7001, 18.56, 0, 0x0000000000000000
2026/09/26 03:14:51.309, P3, 735, 7001, 18.56, 0, 0x0000000000000000
2026/09/26 03:14:51.371, P3, 735, 7001, 18.56, 0, 0x0000000000000000
2026/09/26 03:14:51.434, P3, 735, 7001, 18.56, 0, 0x0000000000000000
2026/09/26 03:14:51.496, P3, 637, 7001, 16.28, 2, 0x0000000000000000
2026/09/26 03:14:51.559, P3, 637, 7001, 16.28, 2, 0x0000000000000000
2026/09/26 03:14:51.620, P3, 637, 7001, 16.28, 2, 0x0000000000000000
2026/09/26 03:14:51.682, P3, 637, 7001, 16.28, 2, 0x0000000000000000
2026/09/26 03:14:51.744, P3, 637, 7001, 16.28, 2, 0x0000000000000000
2026/09/26 03:14:51.806, P3, 637, 7001, 16.28, 2, 0x0000000000000000
2026/09/26 03:14:51.869, P3, 637, 7001, 16.28, 2, 0x0000000000000000
2026/09/26 03:14:51.932, P3, 637, 7001, 16.28, 2, 0x0000000000000000
2026/09/26 03:14:51.995, P1, 2595, 14001, 23.75, 7, 0x0000000000000000
2026/09/26 03:14:52.058, P1, 2595, 14001, 23.75, 7, 0x0000000000000000
2026/09/26 03:14:52.119, P1, 2595, 14001, 23.75, 7, 0x0000000000000000
2026/09/26 03:14:52.183, P1, 2595, 14001, 23.75, 7, 0x0000000000000000
2026/09/26 03:14:52.243, P1, 2595, 14001, 23.75, 7, 0x0000000000000000
2026/09/26 03:14:52.305, P1, 2595, 14001, 23.75, 7, 0x0000000000000000
2026/09/26 03:14:52.368, P1, 2595, 14001, 23.75, 7, 0x0000000000000000
2026/09/26 03:14:52.430, P1, 2595, 14001, 23.75, 7, 0x0000000000000000
2026/09/26 03:14:52.493, P0, 2535, 14201, 31.54, 0, 0x0000000000000000
2026/09/26 03:14:52.556, P0, 2535, 14201, 31.54, 0, 0x0000000000000000
2026/09/26 03:14:52.617, P0, 2535, 14201, 31.54, 0, 0x0000000000000000
2026/09/26 03:14:52.680, P0, 2535, 14201, 31.54, 0, 0x0000000000000000
2026/09/26 03:14:52.742, P0, 2535, 14201, 31.54, 0, 0x0000000000000000
2026/09/26 03:14:52.805, P0, 2535, 14201, 31.54, 0, 0x0000000000000000
2026/09/26 03:14:52.868, P0, 2535, 14201, 31.54, 0, 0x0000000000000000
2026/09/26 03:14:52.929, P0, 2535, 14201, 31.54, 0, 0x0000000000000000
2026/09/26 03:14:52.992, P0, 2535, 14201, 30.62, 0, 0x0000000000000000
2026/09/26 03:14:53.054, P0, 2535, 14201, 30.62, 0, 0x0000000000000000
2026/09/26 03:14:53.116, P0, 2535, 14201, 30.62, 0, 0x0000000000000000
2026/09/26 03:14:53.179, P0, 2535, 14201, 30.62, 0, 0x0000000000000000
2026/09/26 03:14:53.242, P0, 2535, 14201, 30.62, 0, 0x0000000000000000
2026/09/26 03:14:53.304, P0, 2535, 14201, 30.62, 0, 0x0000000000000000
2026/09/26 03:14:53.366, P0, 2535, 14201, 30.62, 0, 0x0000000000000000
2026/09/26 03:14:53.429, P0, 2535, 14201, 30.62, 0, 0x0000000000000000
2026/09/26 03:14:53.491, P0, 2535, 14201, 27.79, 0, 0x0000000000000000
2026/09/26 03:14:53.554, P0, 2535, 14201, 27.79, 0, 0x0000000000000000
2026/09/26 03:14:53.618, P0, 2535, 14201, 27.79, 0, 0x0000000000000000
2026/09/26 03:14:53.680, P0, 2535, 14201, 27.79, 0, 0x0000000000000000
2026/09/26 03:14:53.742, P0, 2535, 14201, 27.79, 0, 0x0000000000000000
2026/09/26 03:14:53.804, P0, 2535, 14201, 27.79, 0, 0x0000000000000000
2026/09/26 03:14:53.867, P0, 2535, 14201, 27.79, 0, 0x0000000000000000
2026/09/26 03:14:53.931, P0, 2535, 14201, 27.79, 0, 0x0000000000000000
2026/09/26 03:14:53.994, P0, 2535, 14201, 27.66, 0, 0x0000000000000000
2026/09/26 03:14:54.056, P0, 2535, 14201, 27.66, 0, 0x0000000000000000
2026/09/26 03:14:54.118, P0, 2535, 14201, 27.66, 0, 0x0000000000000000
2026/09/26 03:14:54.180, P0, 2535, 14201, 27.66, 0, 0x0000000000000000
2026/09/26 03:14:54.242, P0, 2535, 14201, 27.66, 0, 0x0000000000000000
2026/09/26 03:14:54.303, P0, 2535, 14201, 27.66, 0, 0x0000000000000000
2026/09/26 03:14:54.365, P0, 2535, 14201, 27.66, 0, 0x0000000000000000
2026/09/26 03:14:54.428, P0, 2535, 14201, 27.66, 0, 0x0000000000000000
2026/09/26 03:14:54.490, P0, 2535, 14201, 27.60, 0, 0x0000000000000000
2026/09/26 03:14:54.552, P0, 2535, 14201, 27.60, 0, 0x0000000000000000
2026/09/26 03:14:54.614, P0, 2535, 14201, 27.60, 0, 0x0000000000000000
2026/09/26 03:14:54.676, P0, 2535, 14201, 27.60, 0, 0x0000000000000000
2026/09/26 03:14:54.738, P0, 2535, 14201, 27.60, 0, 0x0000000000000000
2026/09/26 03:14:54.800, P0, 2535, 14201, 27.60, 0, 0x0000000000000000
2026/09/26 03:14:54.863, P0, 2535, 14201, 27.60, 0, 0x0000000000000000
2026/09/26 03:14:54.925, P0, 2535, 14201, 27.60, 0, 0x0000000000000000
2026/09/26 03:14:54.987, P3, 982, 7001, 24.51, 0, 0x0000000000000000
2026/09/26 03:14:55.050, P3, 982, 7001, 24.51, 0, 0x0000000000000000
2026/09/26 03:14:55.112, P3, 982, 7001, 24.51, 0, 0x0000000000000000
2026/09/26 03:14:55.173, P3, 982, 7001, 24.51, 0, 0x0000000000000000
2026/09/26 03:14:55.234, P3, 982, 7001, 24.51, 0, 0x0000000000000000
2026/09/26 03:14:55.296, P3, 982, 7001, 24.51, 0, 0x0000000000000000
2026/09/26 03:14:55.358, P3, 982, 7001, 24.51, 0, 0x0000000000000000
2026/09/26 03:14:55.420, P3, 982, 7001, 24.51, 0, 0x0000000000000000
2026/09/26 03:14:55.483, P0, 2700, 14201, 26.10, 3, 0x0000000000000000
2026/09/26 03:14:55.545, P0, 2700, 14201, 26.10, 3, 0x0000000000000000
2026/09/26 03:14:55.608, P0, 2700, 14201, 26.10, 3, 0x0000000000000000
2026/09/26 03:14:55.673, P0, 2700, 14201, 26.10, 3, 0x0000000000000000
2026/09/26 03:14:55.736, P0, 2700, 14201, 26.10, 3, 0x0000000000000000
2026/09/26 03:14:55.797, P0, 2700, 14201, 26.10, 3, 0x0000000000000000
2026/09/26 03:14:55.861, P0, 2700, 14201, 26.10, 3, 0x0000000000000000
2026/09/26 03:14:55.923, P0, 2700, 14201, 26.10, 3, 0x0000000000000000
2026/09/26 03:14:55.986, P1, 2955, 14001, 38.31, 52, 0x0000000000000000
2026/09/26 03:14:56.049, P1, 2955, 14001, 38.31, 52, 0x0000000000000000
2026/09/26 03:14:56.112, P1, 2955, 14001, 38.31, 52, 0x0000000000000000
2026/09/26 03:14:56.174, P1, 2955, 14001, 38.31, 52, 0x0000000000000000
2026/09/26 03:14:56.238, P1, 2955, 14001, 38.31, 52, 0x0000000000000000
2026/09/26 03:14:56.301, P1, 2955, 14001, 38.31, 52, 0x0000000000000000
2026/09/26 03:14:56.363, P1, 2955, 14001, 38.31, 52, 0x0000000000000000
2026/09/26 03:14:56.426, P1, 2955, 14001, 38.31, 52, 0x0000000000000000
2026/09/26 03:14:56.489, P1, 2955, 14001, 54.30, 49, 0x0000000000000000
2026/09/26 03:14:56.552, P1, 2955, 14001, 54.30, 49, 0x0000000000000000
2026/09/26 03:14:56.615, P1, 2955, 14001, 54.30, 49, 0x0000000000000000
2026/09/26 03:14:56.677, P1, 2955, 14001, 54.30, 49, 0x0000000000000000
2026/09/26 03:14:56.740, P1, 2955, 14001, 54.30, 49, 0x0000000000000000
2026/09/26 03:14:56.804, P1, 2955, 14001, 54.30, 49, 0x0000000000000000
2026/09/26 03:14:56.868, P1, 2955, 14001, 54.30, 49, 0x0000000000000000
2026/09/26 03:14:56.930, P1, 2955, 14001, 54.30, 49, 0x0000000000000000
2026/09/26 03:14:56.993, P0, 2955, 14201, 62.89, 20, 0x0000000000000000
2026/09/26 03:14:57.055, P0, 2955, 14201, 62.89, 20, 0x0000000000000000
2026/09/26 03:14:57.117, P0, 2955, 14201, 62.89, 20, 0x0000000000000000
2026/09/26 03:14:57.180, P0, 2955, 14201, 62.89, 20, 0x0000000000000000
2026/09/26 03:14:57.242, P0, 2955, 14201, 62.89, 20, 0x0000000000000000
2026/09/26 03:14:57.304, P0, 2955, 14201, 62.89, 20, 0x0000000000000000
2026/09/26 03:14:57.367, P0, 2955, 14201, 62.89, 20, 0x0000000000000000
2026/09/26 03:14:57.431, P0, 2955, 14201, 62.89, 20, 0x0000000000000000
2026/09/26 03:14:57.493, P0, 2955, 14201, 51.29, 0, 0x0000000000000000
2026/09/26 03:14:57.555, P0, 2955, 14201, 51.29, 0, 0x0000000000000000
2026/09/26 03:14:57.617, P0, 2955, 14201, 51.29, 0, 0x0000000000000000
2026/09/26 03:14:57.680, P0, 2955, 14201, 51.29, 0, 0x0000000000000000
2026/09/26 03:14:57.741, P0, 2955, 14201, 51.29, 0, 0x0000000000000000
2026/09/26 03:14:57.804, P0, 2955, 14201, 51.29, 0, 0x0000000000000000
2026/09/26 03:14:57.867, P0, 2955, 14201, 51.29, 0, 0x0000000000000000
2026/09/26 03:14:57.929, P0, 2955, 14201, 51.29, 0, 0x0000000000000000
2026/09/26 03:14:57.991, P0, 2955, 14201, 40.04, 0, 0x0000000000000000
2026/09/26 03:14:58.053, P0, 2955, 14201, 40.04, 0, 0x0000000000000000
2026/09/26 03:14:58.115, P0, 2955, 14201, 40.04, 0, 0x0000000000000000
2026/09/26 03:14:58.177, P0, 2955, 14201, 40.04, 0, 0x0000000000000000
2026/09/26 03:14:58.239, P0, 2955, 14201, 40.04, 0, 0x0000000000000000
2026/09/26 03:14:58.302, P0, 2955, 14201, 40.04, 0, 0x0000000000000000
2026/09/26 03:14:58.366, P0, 2955, 14201, 40.04, 0, 0x0000000000000000
2026/09/26 03:14:58.428, P0, 2955, 14201, 40.04, 0, 0x0000000000000000
2026/09/26 03:14:58.492, P0, 2955, 14201, 37.94, 0, 0x0000000000000000
2026/09/26 03:14:58.554, P0, 2955, 14201, 37.94, 0, 0x0000000000000000
2026/09/26 03:14:58.616, P0, 2955, 14201, 37.94, 0, 0x0000000000000000
2026/09/26 03:14:58.679, P0, 2955, 14201, 37.94, 0, 0x0000000000000000
2026/09/26 03:14:58.742, P0, 2955, 14201, 37.94, 0, 0x0000000000000000
2026/09/26 03:14:58.803, P0, 2955, 14201, 37.94, 0, 0x0000000000000000
2026/09/26 03:14:58.865, P0, 2955, 14201, 37.94, 0, 0x0000000000000000
2026/09/26 03:14:58.927, P0, 2955, 14201, 37.94, 0, 0x0000000000000000
2026/09/26 03:14:58.991, P0, 2535, 14201, 34.98, 0, 0x0000000000000000
2026/09/26 03:14:59.055, P0, 2535, 14201, 34.98, 0, 0x0000000000000000
2026/09/26 03:14:59.118, P0, 2535, 14201, 34.98, 0, 0x0000000000000000
2026/09/26 03:14:59.181, P0, 2535, 14201, 34.98, 0, 0x0000000000000000
2026/09/26 03:14:59.243, P0, 2535, 14201, 34.98, 0, 0x0000000000000000
2026/09/26 03:14:59.306, P0, 2535, 14201, 34.98, 0, 0x0000000000000000
2026/09/26 03:14:59.368, P0, 2535, 14201, 34.98, 0, 0x0000000000000000
2026/09/26 03:14:59.431, P0, 2535, 14201, 34.98, 0, 0x0000000000000000
2026/09/26 03:14:59.492, P0, 2535, 14201, 30.02, 0, 0x0000000000000000
2026/09/26 03:14:59.553, P0, 2535, 14201, 30.02, 0, 0x0000000000000000
2026/09/26 03:14:59.617, P0, 2535, 14201, 30.02, 0, 0x0000000000000000
2026/09/26 03:14:59.679, P0, 2535, 14201, 30.02, 0, 0x0000000000000000
2026/09/26 03:14:59.742, P0, 2535, 14201, 30.02, 0, 0x0000000000000000
2026/09/26 03:14:59.804, P0, 2535, 14201, 30.02, 0, 0x0000000000000000
2026/09/26 03:14:59.866, P0, 2535, 14201, 30.02, 0, 0x0000000000000000
2026/09/26 03:14:59.928, P0, 2535, 14201, 30.02, 0, 0x0000000000000000
2026/09/26 03:14:59.991, P3, 900, 7001, 24.86, 0, 0x0000000000000000
2026/09/26 03:15:00.053, P3, 900, 7001, 24.86, 0, 0x0000000000000000
2026/09/26 03:15:00.115, P3, 900, 7001, 24.86, 0, 0x0000000000000000
2026/09/26 03:15:00.178, P3, 900, 7001, 24.86, 0, 0x0000000000000000
2026/09/26 03:15:00.241, P3, 900, 7001, 24.86, 0, 0x0000000000000000
2026/09/26 03:15:00.305, P3, 900, 7001, 24.86, 0, 0x0000000000000000
2026/09/26 03:15:00.367, P3, 900, 7001, 24.86, 0, 0x0000000000000000
2026/09/26 03:15:00.430, P3, 900, 7001, 24.86, 0, 0x0000000000000000
2026/09/26 03:15:00.491, P0, 1882, 14001, 22.85, 10, 0x0000000000000000
2026/09/26 03:15:00.554, P0, 1882, 14001, 22.85, 10, 0x0000000000000000
2026/09/26 03:15:00.616, P0, 1882, 14001, 22.85, 10, 0x0000000000000000
2026/09/26 03:15:00.679, P0, 1882, 14001, 22.85, 10, 0x0000000000000000
2026/09/26 03:15:00.743, P0, 1882, 14001, 22.85, 10, 0x0000000000000000
2026/09/26 03:15:00.806, P0, 1882, 14001, 22.85, 10, 0x0000000000000000
2026/09/26 03:15:00.869, P0, 1882, 14001, 22.85, 10, 0x0000000000000000
2026/09/26 03:15:00.932, P0, 1882, 14001, 22.85, 10, 0x0000000000000000
2026/09/26 03:15:00.994, P1, 2955, 14001, 36.62, 50, 0x0000000000000000
2026/09/26 03:15:01.058, P1, 2955, 14001, 36.62, 50, 0x0000000000000000
2026/09/26 03:15:01.121, P1, 2955, 14001, 36.62, 50, 0x0000000000000000
2026/09/26 03:15:01.183, P1, 2955, 14001, 36.62, 50, 0x0000000000000000
2026/09/26 03:15:01.244, P1, 2955, 14001, 36.62, 50, 0x0000000000000000
2026/09/26 03:15:01.306, P1, 2955, 14001, 36.62, 50, 0x0000000000000000
2026/09/26 03:15:01.369, P1, 2955, 14001, 36.62, 50, 0x0000000000000000
2026/09/26 03:15:01.431, P1, 2955, 14001, 36.62, 50, 0x0000000000000000
2026/09/26 03:15:01.493, P1, 2955, 14001, 55.14, 44, 0x0000000000000000
2026/09/26 03:15:01.556, P1, 2955, 14001, 55.14, 44, 0x0000000000000000
2026/09/26 03:15:01.618, P1, 2955, 14001, 55.14, 44, 0x0000000000000000
2026/09/26 03:15:01.681, P1, 2955, 14001, 55.14, 44, 0x0000000000000000
2026/09/26 03:15:01.745, P1, 2955, 14001, 55.14, 44, 0x0000000000000000
2026/09/26 03:15:01.807, P1, 2955, 14001, 55.14, 44, 0x0000000000000000
2026/09/26 03:15:01.870, P1, 2955, 14001, 55.14, 44, 0x0000000000000000
2026/09/26 03:15:01.932, P1, 2955, 14001, 55.14, 44, 0x0000000000000000
2026/09/26 03:15:01.995, P0, 2955, 14201, 62.04, 45, 0x0000000000000000
2026/09/26 03:15:02.058, P0, 2955, 14201, 62.04, 45, 0x0000000000000000
2026/09/26 03:15:02.121, P0, 2955, 14201, 62.04, 45, 0x0000000000000000
2026/09/26 03:15:02.183, P0, 2955, 14201, 62.04, 45, 0x0000000000000000
2026/09/26 03:15:02.246, P0, 2955, 14201, 62.04, 45, 0x0000000000000000
2026/09/26 03:15:02.309, P0, 2955, 14201, 62.04, 45, 0x0000000000000000
2026/09/26 03:15:02.372, P0, 2955, 14201, 62.04, 45, 0x0000000000000000
2026/09/26 03:15:02.435, P0, 2955, 14201, 62.04, 45, 0x0000000000000000
2026/09/26 03:15:02.498, P1, 2955, 14001, 54.45, 20, 0x0000000000000000
2026/09/26 03:15:02.560, P1, 2955, 14001, 54.45, 20, 0x0000000000000000
2026/09/26 03:15:02.622, P1, 2955, 14001, 54.45, 20, 0x0000000000000000
2026/09/26 03:15:02.685, P1, 2955, 14001, 54.45, 20, 0x0000000000000000
2026/09/26 03:15:02.748, P1, 2955, 14001, 54.45, 20, 0x0000000000000000
2026/09/26 03:15:02.811, P1, 2955, 14001, 54.45, 20, 0x0000000000000000
2026/09/26 03:15:02.873, P1, 2955, 14001, 54.45, 20, 0x0000000000000000
2026/09/26 03:15:02.936, P1, 2955, 14001, 54.45, 20, 0x0000000000000000
2026/09/26 03:15:02.998, P0, 2955, 14201, 44.97, 0, 0x0000000000000000
2026/09/26 03:15:03.060, P0, 2955, 14201, 44.97, 0, 0x0000000000000000
2026/09/26 03:15:03.124, P0, 2955, 14201, 44.97, 0, 0x0000000000000000
2026/09/26 03:15:03.185, P0, 2955, 14201, 44.97, 0, 0x0000000000000000
2026/09/26 03:15:03.247, P0, 2955, 14201, 44.97, 0, 0x0000000000000000
2026/09/26 03:15:03.308, P0, 2955, 14201, 44.97, 0, 0x0000000000000000
2026/09/26 03:15:03.372, P0, 2955, 14201, 44.97, 0, 0x0000000000000000
2026/09/26 03:15:03.434, P0, 2955, 14201, 44.97, 0, 0x0000000000000000
2026/09/26 03:15:03.495, P0, 2955, 14201, 40.06, 0, 0x0000000000000000
2026/09/26 03:15:03.558, P0, 2955, 14201, 40.06, 0, 0x0000000000000000
2026/09/26 03:15:03.620, P0, 2955, 14201, 40.06, 0, 0x0000000000000000
2026/09/26 03:15:03.682, P0, 2955, 14201, 40.06, 0, 0x0000000000000000
2026/09/26 03:15:03.744, P0, 2955, 14201, 40.06, 0, 0x0000000000000000
2026/09/26 03:15:03.807, P0, 2955, 14201, 40.06, 0, 0x0000000000000000
2026/09/26 03:15:03.869, P0, 2955, 14201, 40.06, 0, 0x0000000000000000
2026/09/26 03:15:03.932, P0, 2955, 14201, 40.06, 0, 0x0000000000000000
2026/09/26 03:15:03.994, P0, 2527, 14201, 34.72, 0, 0x0000000000000000
2026/09/26 03:15:04.056, P0, 2527, 14201, 34.72, 0, 0x0000000000000000
2026/09/26 03:15:04.119, P0, 2527, 14201, 34.72, 0, 0x0000000000000000
2026/09/26 03:15:04.181, P0, 2527, 14201, 34.72, 0, 0x0000000000000000
2026/09/26 03:15:04.244, P0, 2527, 14201, 34.72, 0, 0x0000000000000000
2026/09/26 03:15:04.305, P0, 2527, 14201, 34.72, 0, 0x0000000000000000
2026/09/26 03:15:04.366, P0, 2527, 14201, 34.72, 0, 0x0000000000000000
2026/09/26 03:15:04.428, P0, 2527, 14201, 34.72, 0, 0x0000000000000000
2026/09/26 03:15:04.490, P0, 2535, 14201, 29.65, 0, 0x0000000000000000
2026/09/26 03:15:04.551, P0, 2535, 14201, 29.65, 0, 0x0000000000000000
2026/09/26 03:15:04.614, P0, 2535, 14201, 29.65, 0, 0x0000000000000000
2026/09/26 03:15:04.676, P0, 2535, 14201, 29.65, 0, 0x0000000000000000
2026/09/26 03:15:04.739, P0, 2535, 14201, 29.65, 0, 0x0000000000000000
2026/09/26 03:15:04.801, P0, 2535, 14201, 29.65, 0, 0x0000000000000000
2026/09/26 03:15:04.864, P0, 2535, 14201, 29.65, 0, 0x0000000000000000
2026/09/26 03:15:04.926, P0, 2535, 14201, 29.65, 0, 0x0000000000000000
2026/09/26 03:15:04.988, P3, 1042, 7001, 24.55, 0, 0x0000000000000000
2026/09/26 03:15:05.051, P3, 1042, 7001, 24.55, 0, 0x0000000000000000
2026/09/26 03:15:05.114, P3, 1042, 7001, 24.55, 0, 0x0000000000000000
2026/09/26 03:15:05.176, P3, 1042, 7001, 24.55, 0, 0x0000000000000000
2026/09/26 03:15:05.239, P3, 1042, 7001, 24.55, 0, 0x0000000000000000
2026/09/26 03:15:05.301, P3, 1042, 7001, 24.55, 0, 0x0000000000000000
2026/09/26 03:15:05.365, P3, 1042, 7001, 24.55, 0, 0x0000000000000000
2026/09/26 03:15:05.427, P3, 1042, 7001, 24.55, 0, 0x0000000000000000
2026/09/26 03:15:05.489, P3, 787, 7001, 18.86, 0, 0x0000000000000000
2026/09/26 03:15:05.553, P3, 787, 7001, 18.86, 0, 0x0000000000000000
2026/09/26 03:15:05.616, P3, 787, 7001, 18.86, 0, 0x0000000000000000
2026/09/26 03:15:05.679, P3, 787, 7001, 18.86, 0, 0x0000000000000000
2026/09/26 03:15:05.741, P3, 787, 7001, 18.86, 0, 0x0000000000000000
2026/09/26 03:15:05.803, P3, 787, 7001, 18.86, 0, 0x0000000000000000
2026/09/26 03:15:05.865, P3, 787, 7001, 18.86, 0, 0x0000000000000000
2026/09/26 03:15:05.928, P3, 787, 7001, 18.86, 0, 0x0000000000000000
2026/09/26 03:15:05.990, P1, 2797, 14001, 26.15, 44, 0x0000000000000000
2026/09/26 03:15:06.053, P1, 2797, 14001, 26.15, 44, 0x0000000000000000
2026/09/26 03:15:06.115, P1, 2797, 14001, 26.15, 44, 0x0000000000000000
2026/09/26 03:15:06.177, P1, 2797, 14001, 26.15, 44, 0x0000000000000000
2026/09/26 03:15:06.239, P1, 2797, 14001, 26.15, 44, 0x0000000000000000
2026/09/26 03:15:06.301, P1, 2797, 14001, 26.15, 44, 0x0000000000000000
2026/09/26 03:15:06.364, P1, 2797, 14001, 26.15, 44, 0x0000000000000000
2026/09/26 03:15:06.426, P1, 2797, 14001, 26.15, 44, 0x0000000000000000
2026/09/26 03:15:06.490, P1, 2955, 14001, 47.50, 50, 0x0000000000000000
2026/09/26 03:15:06.551, P1, 2955, 14001, 47.50, 50, 0x0000000000000000
2026/09/26 03:15:06.614, P1, 2955, 14001, 47.50, 50, 0x0000000000000000
2026/09/26 03:15:06.679, P1, 2955, 14001, 47.50, 50, 0x0000000000000000
2026/09/26 03:15:06.741, P1, 2955, 14001, 47.50, 50, 0x0000000000000000
2026/09/26 03:15:06.803, P1, 2955, 14001, 47.50, 50, 0x0000000000000000
2026/09/26 03:15:06.865, P1, 2955, 14001, 47.50, 50, 0x0000000000000000
2026/09/26 03:15:06.927, P1, 2955, 14001, 47.50, 50, 0x0000000000000000
2026/09/26 03:15:06.989, P1, 2955, 14001, 63.54, 51, 0x0000000000000000
2026/09/26 03:15:07.052, P1, 2955, 14001, 63.54, 51, 0x0000000000000000
2026/09/26 03:15:07.114, P1, 2955, 14001, 63.54, 51, 0x0000000000000000
2026/09/26 03:15:07.177, P1, 2955, 14001, 63.54, 51, 0x0000000000000000
2026/09/26 03:15:07.242, P1, 2955, 14001, 63.54, 51, 0x0000000000000000
2026/09/26 03:15:07.304, P1, 2955, 14001, 63.54, 51, 0x0000000000000000
2026/09/26 03:15:07.366, P1, 2955, 14001, 63.54, 51, 0x0000000000000000
2026/09/26 03:15:07.428, P1, 2955, 14001, 63.54, 51, 0x0000000000000000
2026/09/26 03:15:07.492, P1, 2955, 14001, 58.36, 53, 0x0000000000000000
2026/09/26 03:15:07.555, P1, 2955, 14001, 58.36, 53, 0x0000000000000000
2026/09/26 03:15:07.617, P1, 2955, 14001, 58.36, 53, 0x0000000000000000
2026/09/26 03:15:07.680, P1, 2955, 14001, 58.36, 53, 0x0000000000000000
2026/09/26 03:15:07.742, P1, 2955, 14001, 58.36, 53, 0x0000000000000000
2026/09/26 03:15:07.804, P1, 2955, 14001, 58.36, 53, 0x0000000000000000
2026/09/26 03:15:07.868, P1, 2955, 14001, 58.36, 53, 0x0000000000000000
2026/09/26 03:15:07.930, P1, 2955, 14001, 58.36, 53, 0x0000000000000000
2026/09/26 03:15:07.993, P1, 2955, 14001, 58.67, 53, 0x0000000000000000
2026/09/26 03:15:08.055, P1, 2955, 14001, 58.67, 53, 0x0000000000000000
2026/09/26 03:15:08.118, P1, 2955, 14001, 58.67, 53, 0x0000000000000000
2026/09/26 03:15:08.181, P1, 2955, 14001, 58.67, 53, 0x0000000000000000
2026/09/26 03:15:08.243, P1, 2955, 14001, 58.67, 53, 0x0000000000000000
2026/09/26 03:15:08.305, P1, 2955, 14001, 58.67, 53, 0x0000000000000000
2026/09/26 03:15:08.368, P1, 2955, 14001, 58.67, 53, 0x0000000000000000
2026/09/26 03:15:08.430, P1, 2955, 14001, 58.67, 53, 0x0000000000000000
2026/09/26 03:15:08.492, P1, 2955, 14001, 64.55, 50, 0x0000000000000000
2026/09/26 03:15:08.556, P1, 2955, 14001, 64.55, 50, 0x0000000000000000
2026/09/26 03:15:08.619, P1, 2955, 14001, 64.55, 50, 0x0000000000000000
2026/09/26 03:15:08.681, P1, 2955, 14001, 64.55, 50, 0x0000000000000000
2026/09/26 03:15:08.744, P1, 2955, 14001, 64.55, 50, 0x0000000000000000
2026/09/26 03:15:08.807, P1, 2955, 14001, 64.55, 50, 0x0000000000000000
2026/09/26 03:15:08.870, P1, 2955, 14001, 64.55, 50, 0x0000000000000000
2026/09/26 03:15:08.933, P1, 2955, 14001, 64.55, 50, 0x0000000000000000
2026/09/26 03:15:08.996, P0, 2955, 14201, 54.93, 7, 0x0000000000000000
2026/09/26 03:15:09.058, P0, 2955, 14201, 54.93, 7, 0x0000000000000000
2026/09/26 03:15:09.121, P0, 2955, 14201, 54.93, 7, 0x0000000000000000
2026/09/26 03:15:09.184, P0, 2955, 14201, 54.93, 7, 0x0000000000000000
2026/09/26 03:15:09.246, P0, 2955, 14201, 54.93, 7, 0x0000000000000000
2026/09/26 03:15:09.310, P0, 2955, 14201, 54.93, 7, 0x0000000000000000
2026/09/26 03:15:09.372, P0, 2955, 14201, 54.93, 7, 0x0000000000000000
2026/09/26 03:15:09.435, P0, 2955, 14201, 54.93, 7, 0x0000000000000000
2026/09/26 03:15:09.497, P0, 2955, 14201, 44.41, 0, 0x0000000000000000
2026/09/26 03:15:09.559, P0, 2955, 14201, 44.41, 0, 0x0000000000000000
2026/09/26 03:15:09.620, P0, 2955, 14201, 44.41, 0, 0x0000000000000000
2026/09/26 03:15:09.682, P0, 2955, 14201, 44.41, 0, 0x0000000000000000
2026/09/26 03:15:09.744, P0, 2955, 14201, 44.41, 0, 0x0000000000000000
2026/09/26 03:15:09.806, P0, 2955, 14201, 44.41, 0, 0x0000000000000000
2026/09/26 03:15:09.867, P0, 2955, 14201, 44.41, 0, 0x0000000000000000
2026/09/26 03:15:09.930, P0, 2955, 14201, 44.41, 0, 0x0000000000000000
2026/09/26 03:15:09.991, P0, 2955, 14201, 38.95, 0, 0x0000000000000000
2026/09/26 03:15:10.054, P0, 2955, 14201, 38.95, 0, 0x0000000000000000
2026/09/26 03:15:10.117, P0, 2955, 14201, 38.95, 0, 0x0000000000000000
2026/09/26 03:15:10.179, P0, 2955, 14201, 38.95, 0, 0x0000000000000000
2026/09/26 03:15:10.242, P0, 2955, 14201, 38.95, 0, 0x0000000000000000
2026/09/26 03:15:10.304, P0, 2955, 14201, 38.95, 0, 0x0000000000000000
2026/09/26 03:15:10.367, P0, 2955, 14201, 38.95, 0, 0x0000000000000000
2026/09/26 03:15:10.429, P0, 2955, 14201, 38.95, 0, 0x0000000000000000
2026/09/26 03:15:10.491, P0, 2700, 14201, 36.00, 0, 0x0000000000000000
2026/09/26 03:15:10.555, P0, 2700, 14201, 36.00, 0, 0x0000000000000000
2026/09/26 03:15:10.617, P0, 2700, 14201, 36.00, 0, 0x0000000000000000
2026/09/26 03:15:10.679, P0, 2700, 14201, 36.00, 0, 0x0000000000000000
2026/09/26 03:15:10.741, P0, 2700, 14201, 36.00, 0, 0x0000000000000000
2026/09/26 03:15:10.803, P0, 2700, 14201, 36.00, 0, 0x0000000000000000
2026/09/26 03:15:10.865, P0, 2700, 14201, 36.00, 0, 0x0000000000000000
2026/09/26 03:15:10.928, P0, 2700, 14201, 36.00, 0, 0x0000000000000000
2026/09/26 03:15:10.991, P0, 2535, 14201, 31.05, 0, 0x0000000000000000
2026/09/26 03:15:11.054, P0, 2535, 14201, 31.05, 0, 0x0000000000000000
2026/09/26 03:15:11.119, P0, 2535, 14201, 31.05, 0, 0x0000000000000000
2026/09/26 03:15:11.181, P0, 2535, 14201, 31.05, 0, 0x0000000000000000
2026/09/26 03:15:11.245, P0, 2535, 14201, 31.05, 0, 0x0000000000000000
2026/09/26 03:15:11.308, P0, 2535, 14201, 31.05, 0, 0x0000000000000000
2026/09/26 03:15:11.370, P0, 2535, 14201, 31.05, 0, 0x0000000000000000
2026/09/26 03:15:11.432, P0, 2535, 14201, 31.05, 0, 0x0000000000000000
2026/09/26 03:15:11.494, P0, 2535, 14201, 27.94, 0, 0x0000000000000000
2026/09/26 03:15:11.556, P0, 2535, 14201, 27.94, 0, 0x0000000000000000
2026/09/26 03:15:11.619, P0, 2535, 14201, 27.94, 0, 0x0000000000000000
2026/09/26 03:15:11.682, P0, 2535, 14201, 27.94, 0, 0x0000000000000000
2026/09/26 03:15:11.745, P0, 2535, 14201, 27.94, 0, 0x0000000000000000
2026/09/26 03:15:11.809, P0, 2535, 14201, 27.94, 0, 0x0000000000000000
2026/09/26 03:15:11.870, P0, 2535, 14201, 27.94, 0, 0x0000000000000000
2026/09/26 03:15:11.934, P0, 2535, 14201, 27.94, 0, 0x0000000000000000
2026/09/26 03:15:11.997, P3, 945, 7001, 24.67, 0, 0x0000000000000000
2026/09/26 03:15:12.059, P3, 945, 7001, 24.67, 0, 0x0000000000000000
2026/09/26 03:15:12.123, P3, 945, 7001, 24.67, 0, 0x0000000000000000
2026/09/26 03:15:12.186, P3, 945, 7001, 24.67, 0, 0x0000000000000000
2026/09/26 03:15:12.249, P3, 945, 7001, 24.67, 0, 0x0000000000000000
2026/09/26 03:15:12.312, P3, 945, 7001, 24.67, 0, 0x0000000000000000
2026/09/26 03:15:12.374, P3, 945, 7001, 24.67, 0, 0x0000000000000000
2026/09/26 03:15:12.437, P3, 945, 7001, 24.67, 0, 0x0000000000000000
2026/09/26 03:15:12.500, P0, 2542, 14201, 23.48, 0, 0x0000000000000000
2026/09/26 03:15:12.563, P0, 2542, 14201, 23.48, 0, 0x0000000000000000
2026/09/26 03:15:12.625, P0, 2542, 14201, 23.48, 0, 0x0000000000000000
2026/09/26 03:15:12.687, P0, 2542, 14201, 23.48, 0, 0x0000000000000000
2026/09/26 03:15:12.749, P0, 2542, 14201, 23.48, 0, 0x0000000000000000
2026/09/26 03:15:12.812, P0, 2542, 14201, 23.48, 0, 0x0000000000000000
2026/09/26 03:15:12.874, P0, 2542, 14201, 23.48, 0, 0x0000000000000000
2026/09/26 03:15:12.937, P0, 2542, 14201, 23.48, 0, 0x0000000000000000
2026/09/26 03:15:12.999, P0, 2527, 14201, 25.58, 0, 0x0000000000000000
2026/09/26 03:15:13.061, P0, 2527, 14201, 25.58, 0, 0x0000000000000000
2026/09/26 03:15:13.123, P0, 2527, 14201, 25.58, 0, 0x0000000000000000
2026/09/26 03:15:13.185, P0, 2527, 14201, 25.58, 0, 0x0000000000000000
2026/09/26 03:15:13.247, P0, 2527, 14201, 25.58, 0, 0x0000000000000000
2026/09/26 03:15:13.310, P0, 2527, 14201, 25.58, 0, 0x0000000000000000
2026/09/26 03:15:13.372, P0, 2527, 14201, 25.58, 0, 0x0000000000000000
2026/09/26 03:15:13.434, P0, 2527, 14201, 25.58, 0, 0x0000000000000000
2026/09/26 03:15:13.496, P0, 2535, 14201, 27.57, 0, 0x0000000000000000
2026/09/26 03:15:13.558, P0, 2535, 14201, 27.57, 0, 0x0000000000000000
2026/09/26 03:15:13.621, P0, 2535, 14201, 27.57, 0, 0x0000000000000000
2026/09/26 03:15:13.683, P0, 2535, 14201, 27.57, 0, 0x0000000000000000
2026/09/26 03:15:13.747, P0, 2535, 14201, 27.57, 0, 0x0000000000000000
2026/09/26 03:15:13.810, P0, 2535, 14201, 27.57, 0, 0x0000000000000000
2026/09/26 03:15:13.873, P0, 2535, 14201, 27.57, 0, 0x0000000000000000
2026/09/26 03:15:13.935, P0, 2535, 14201, 27.57, 0, 0x0000000000000000
2026/09/26 03:15:13.997, P0, 2535, 14201, 27.56, 0, 0x0000000000000000
2026/09/26 03:15:14.059, P0, 2535, 14201, 27.56, 0, 0x0000000000000000
2026/09/26 03:15:14.122, P0, 2535, 14201, 27.56, 0, 0x0000000000000000
2026/09/26 03:15:14.183, P0, 2535, 14201, 27.56, 0, 0x0000000000000000
2026/09/26 03:15:14.245, P0, 2535, 14201, 27.56, 0, 0x0000000000000000
2026/09/26 03:15:14.307, P0, 2535, 14201, 27.56, 0, 0x0000000000000000
2026/09/26 03:15:14.369, P0, 2535, 14201, 27.56, 0, 0x0000000000000000
2026/09/26 03:15:14.431, P0, 2535, 14201, 27.56, 0, 0x0000000000000000
2026/09/26 03:15:14.492, P0, 2535, 14201, 27.70, 0, 0x0000000000000000
2026/09/26 03:15:14.554, P0, 2535, 14201, 27.70, 0, 0x0000000000000000
2026/09/26 03:15:14.617, P0, 2535, 14201, 27.70, 0, 0x0000000000000000
2026/09/26 03:15:14.680, P0, 2535, 14201, 27.70, 0, 0x0000000000000000
2026/09/26 03:15:14.742, P0, 2535, 14201, 27.70, 0, 0x0000000000000000
2026/09/26 03:15:14.804, P0, 2535, 14201, 27.70, 0, 0x0000000000000000
2026/09/26 03:15:14.866, P0, 2535, 14201, 27.70, 0, 0x0000000000000000
2026/09/26 03:15:14.929, P0, 2535, 14201, 27.70, 0, 0x0000000000000000
2026/09/26 03:15:14.991, P3, 840, 7001, 24.72, 0, 0x0000000000000000
2026/09/26 03:15:15.053, P3, 840, 7001, 24.72, 0, 0x0000000000000000
2026/09/26 03:15:15.116, P3, 840, 7001, 24.72, 0, 0x0000000000000000
2026/09/26 03:15:15.178, P3, 840, 7001, 24.72, 0, 0x0000000000000000
2026/09/26 03:15:15.241, P3, 840, 7001, 24.72, 0, 0x0000000000000000
2026/09/26 03:15:15.303, P3, 840, 7001, 24.72, 0, 0x0000000000000000
2026/09/26 03:15:15.366, P3, 840, 7001, 24.72, 0, 0x0000000000000000
2026/09/26 03:15:15.429, P3, 840, 7001, 24.72, 0, 0x0000000000000000
2026/09/26 03:15:15.491, P0, 1822, 14201, 22.58, 10, 0x0000000000000000
2026/09/26 03:15:15.553, P0, 1822, 14201, 22.58, 10, 0x0000000000000000
2026/09/26 03:15:15.615, P0, 1822, 14201, 22.58, 10, 0x0000000000000000
2026/09/26 03:15:15.679, P0, 1822, 14201, 22.58, 10, 0x0000000000000000
2026/09/26 03:15:15.742, P0, 1822, 14201, 22.58, 10, 0x0000000000000000
2026/09/26 03:15:15.805, P0, 1822, 14201, 22.58, 10, 0x0000000000000000
2026/09/26 03:15:15.868, P0, 1822, 14201, 22.58, 10, 0x0000000000000000
2026/09/26 03:15:15.931, P0, 1822, 14201, 22.58, 10, 0x0000000000000000
2026/09/26 03:15:15.993, P1, 2895, 14001, 32.75, 52, 0x0000000000000000
2026/09/26 03:15:16.056, P1, 2895, 14001, 32.75, 52, 0x0000000000000000
2026/09/26 03:15:16.118, P1, 2895, 14001, 32.75, 52, 0x0000000000000000
2026/09/26 03:15:16.179, P1, 2895, 14001, 32.75, 52, 0x0000000000000000
2026/09/26 03:15:16.242, P1, 2895, 14001, 32.75, 52, 0x0000000000000000
2026/09/26 03:15:16.303, P1, 2895, 14001, 32.75, 52, 0x0000000000000000
2026/09/26 03:15:16.367, P1, 2895, 14001, 32.75, 52, 0x0000000000000000
2026/09/26 03:15:16.430, P1, 2895, 14001, 32.75, 52, 0x0000000000000000
2026/09/26 03:15:16.493, P1, 2955, 14001, 52.40, 50, 0x0000000000000000
2026/09/26 03:15:16.555, P1, 2955, 14001, 52.40, 50, 0x0000000000000000
2026/09/26 03:15:16.618, P1, 2955, 14001, 52.40, 50, 0x0000000000000000
2026/09/26 03:15:16.680, P1, 2955, 14001, 52.40, 50, 0x0000000000000000
2026/09/26 03:15:16.743, P1, 2955, 14001, 52.40, 50, 0x0000000000000000
2026/09/26 03:15:16.808, P1, 2955, 14001, 52.40, 50, 0x0000000000000000
2026/09/26 03:15:16.870, P1, 2955, 14001, 52.40, 50, 0x0000000000000000
2026/09/26 03:15:16.933, P1, 2955, 14001, 52.40, 50, 0x0000000000000000
2026/09/26 03:15:16.995, P1, 2955, 14001, 63.54, 53, 0x0000000000000000
2026/09/26 03:15:17.058, P1, 2955, 14001, 63.54, 53, 0x0000000000000000
2026/09/26 03:15:17.120, P1, 2955, 14001, 63.54, 53, 0x0000000000000000
2026/09/26 03:15:17.184, P1, 2955, 14001, 63.54, 53, 0x0000000000000000
2026/09/26 03:15:17.246, P1, 2955, 14001, 63.54, 53, 0x0000000000000000
2026/09/26 03:15:17.308, P1, 2955, 14001, 63.54, 53, 0x0000000000000000
2026/09/26 03:15:17.371, P1, 2955, 14001, 63.54, 53, 0x0000000000000000
2026/09/26 03:15:17.433, P1, 2955, 14001, 63.54, 53, 0x0000000000000000
2026/09/26 03:15:17.496, P0, 2955, 14201, 55.07, 6, 0x0000000000000000
2026/09/26 03:15:17.557, P0, 2955, 14201, 55.07, 6, 0x0000000000000000
2026/09/26 03:15:17.620, P0, 2955, 14201, 55.07, 6, 0x0000000000000000
2026/09/26 03:15:17.683, P0, 2955, 14201, 55.07, 6, 0x0000000000000000
2026/09/26 03:15:17.745, P0, 2955, 14201, 55.07, 6, 0x0000000000000000
2026/09/26 03:15:17.807, P0, 2955, 14201, 55.07, 6, 0x0000000000000000
2026/09/26 03:15:17.871, P0, 2955, 14201, 55.07, 6, 0x0000000000000000
2026/09/26 03:15:17.933, P0, 2955, 14201, 55.07, 6, 0x0000000000000000
2026/09/26 03:15:17.995, P0, 2955, 14201, 44.40, 0, 0x0000000000000000
2026/09/26 03:15:18.058, P0, 2955, 14201, 44.40, 0, 0x0000000000000000
2026/09/26 03:15:18.121, P0, 2955, 14201, 44.40, 0, 0x0000000000000000
2026/09/26 03:15:18.182, P0, 2955, 14201, 44.40, 0, 0x0000000000000000
2026/09/26 03:15:18.245, P0, 2955, 14201, 44.40, 0, 0x0000000000000000
2026/09/26 03:15:18.306, P0, 2955, 14201, 44.40, 0, 0x0000000000000000
2026/09/26 03:15:18.368, P0, 2955, 14201, 44.40, 0, 0x0000000000000000
2026/09/26 03:15:18.431, P0, 2955, 14201, 44.40, 0, 0x0000000000000000
2026/09/26 03:15:18.493, P0, 2955, 14201, 38.37, 0, 0x0000000000000000
2026/09/26 03:15:18.554, P0, 2955, 14201, 38.37, 0, 0x0000000000000000
2026/09/26 03:15:18.617, P0, 2955, 14201, 38.37, 0, 0x0000000000000000
2026/09/26 03:15:18.679, P0, 2955, 14201, 38.37, 0, 0x0000000000000000
2026/09/26 03:15:18.741, P0, 2955, 14201, 38.37, 0, 0x0000000000000000
2026/09/26 03:15:18.802, P0, 2955, 14201, 38.37, 0, 0x0000000000000000
2026/09/26 03:15:18.866, P0, 2955, 14201, 38.37, 0, 0x0000000000000000
2026/09/26 03:15:18.928, P0, 2955, 14201, 38.37, 0, 0x0000000000000000
2026/09/26 03:15:18.989, P0, 2527, 14201, 35.03, 0, 0x0000000000000000
2026/09/26 03:15:19.050, P0, 2527, 14201, 35.03, 0, 0x0000000000000000
2026/09/26 03:15:19.113, P0, 2527, 14201, 35.03, 0, 0x0000000000000000
2026/09/26 03:15:19.175, P0, 2527, 14201, 35.03, 0, 0x0000000000000000
2026/09/26 03:15:19.238, P0, 2527, 14201, 35.03, 0, 0x0000000000000000
2026/09/26 03:15:19.300, P0, 2527, 14201, 35.03, 0, 0x0000000000000000
2026/09/26 03:15:19.363, P0, 2527, 14201, 35.03, 0, 0x0000000000000000
2026/09/26 03:15:19.425, P0, 2527, 14201, 35.03, 0, 0x0000000000000000
2026/09/26 03:15:19.486, P0, 2535, 14201, 29.96, 0, 0x0000000000000000
2026/09/26 03:15:19.548, P0, 2535, 14201, 29.96, 0, 0x0000000000000000
2026/09/26 03:15:19.611, P0, 2535, 14201, 29.96, 0, 0x0000000000000000
2026/09/26 03:15:19.675, P0, 2535, 14201, 29.96, 0, 0x0000000000000000
2026/09/26 03:15:19.737, P0, 2535, 14201, 29.96, 0, 0x0000000000000000
2026/09/26 03:15:19.800, P0, 2535, 14201, 29.96, 0, 0x0000000000000000
2026/09/26 03:15:19.863, P0, 2535, 14201, 29.96, 0, 0x0000000000000000
2026/09/26 03:15:19.926, P0, 2535, 14201, 29.96, 0, 0x0000000000000000
2026/09/26 03:15:19.988, P3, 1035, 7001, 24.84, 0, 0x0000000000000000
2026/09/26 03:15:20.051, P3, 1035, 7001, 24.84, 0, 0x0000000000000000
2026/09/26 03:15:20.113, P3, 1035, 7001, 24.84, 0, 0x0000000000000000
2026/09/26 03:15:20.177, P3, 1035, 7001, 24.84, 0, 0x0000000000000000
2026/09/26 03:15:20.240, P3, 1035, 7001, 24.84, 0, 0x0000000000000000
2026/09/26 03:15:20.302, P3, 1035, 7001, 24.84, 0, 0x0000000000000000
2026/09/26 03:15:20.365, P3, 1035, 7001, 24.84, 0, 0x0000000000000000
2026/09/26 03:15:20.426, P3, 1035, 7001, 24.84, 0, 0x0000000000000000
2026/09/26 03:15:20.489, P0, 780, 14201, 19.05, 2, 0x0000000000000000
2026/09/26 03:15:20.552, P0, 780, 14201, 19.05, 2, 0x0000000000000000
2026/09/26 03:15:20.614, P0, 780, 14201, 19.05, 2, 0x0000000000000000
2026/09/26 03:15:20.677, P0, 780, 14201, 19.05, 2, 0x0000000000000000
2026/09/26 03:15:20.739, P0, 780, 14201, 19.05, 2, 0x0000000000000000
2026/09/26 03:15:20.802, P0, 780, 14201, 19.05, 2, 0x0000000000000000
2026/09/26 03:15:20.865, P0, 780, 14201, 19.05, 2, 0x0000000000000000
2026/09/26 03:15:20.927, P0, 780, 14201, 19.05, 2, 0x0000000000000000
2026/09/26 03:15:20.990, P1, 2775, 14001, 29.44, 42, 0x0000000000000000
2026/09/26 03:15:21.053, P1, 2775, 14001, 29.44, 42, 0x0000000000000000
2026/09/26 03:15:21.116, P1, 2775, 14001, 29.44, 42, 0x0000000000000000
2026/09/26 03:15:21.179, P1, 2775, 14001, 29.44, 42, 0x0000000000000000
2026/09/26 03:15:21.242, P1, 2775, 14001, 29.44, 42, 0x0000000000000000
2026/09/26 03:15:21.304, P1, 2775, 14001, 29.44, 42, 0x0000000000000000
2026/09/26 03:15:21.368, P1, 2775, 14001, 29.44, 42, 0x0000000000000000
2026/09/26 03:15:21.430, P1, 2775, 14001, 29.44, 42, 0x0000000000000000
2026/09/26 03:15:21.492, P1, 2955, 14001, 52.75, 44, 0x0000000000000000
2026/09/26 03:15:21.554, P1, 2955, 14001, 52.75, 44, 0x0000000000000000
2026/09/26 03:15:21.616, P1, 2955, 14001, 52.75, 44, 0x0000000000000000
2026/09/26 03:15:21.678, P1, 2955, 14001, 52.75, 44, 0x0000000000000000
2026/09/26 03:15:21.742, P1, 2955, 14001, 52.75, 44, 0x0000000000000000
2026/09/26 03:15:21.805, P1, 2955, 14001, 52.75, 44, 0x0000000000000000
2026/09/26 03:15:21.868, P1, 2955, 14001, 52.75, 44, 0x0000000000000000
2026/09/26 03:15:21.931, P1, 2955, 14001, 52.75, 44, 0x0000000000000000
2026/09/26 03:15:21.992, P1, 2955, 14001, 62.98, 50, 0x0000000000000000
2026/09/26 03:15:22.055, P1, 2955, 14001, 62.98, 50, 0x0000000000000000
2026/09/26 03:15:22.117, P1, 2955, 14001, 62.98, 50, 0x0000000000000000
2026/09/26 03:15:22.181, P1, 2955, 14001, 62.98, 50, 0x0000000000000000
2026/09/26 03:15:22.243, P1, 2955, 14001, 62.98, 50, 0x0000000000000000
2026/09/26 03:15:22.305, P1, 2955, 14001, 62.98, 50, 0x0000000000000000
2026/09/26 03:15:22.368, P1, 2955, 14001, 62.98, 50, 0x0000000000000000
2026/09/26 03:15:22.429, P1, 2955, 14001, 62.98, 50, 0x0000000000000000
2026/09/26 03:15:22.491, P1, 2955, 14001, 57.09, 13, 0x0000000000000000
2026/09/26 03:15:22.554, P1, 2955, 14001, 57.09, 13, 0x0000000000000000
2026/09/26 03:15:22.615, P1, 2955, 14001, 57.09, 13, 0x0000000000000000
2026/09/26 03:15:22.678, P1, 2955, 14001, 57.09, 13, 0x0000000000000000
2026/09/26 03:15:22.741, P1, 2955, 14001, 57.09, 13, 0x0000000000000000
2026/09/26 03:15:22.803, P1, 2955, 14001, 57.09, 13, 0x0000000000000000
2026/09/26 03:15:22.866, P1, 2955, 14001, 57.09, 13, 0x0000000000000000
2026/09/26 03:15:22.929, P1, 2955, 14001, 57.09, 13, 0x0000000000000000
2026/09/26 03:15:22.990, P1, 2955, 14001, 55.60, 53, 0x0000000000000000
2026/09/26 03:15:23.055, P1, 2955, 14001, 55.60, 53, 0x0000000000000000
2026/09/26 03:15:23.118, P1, 2955, 14001, 55.60, 53, 0x0000000000000000
2026/09/26 03:15:23.180, P1, 2955, 14001, 55.60, 53, 0x0000000000000000
2026/09/26 03:15:23.241, P1, 2955, 14001, 55.60, 53, 0x0000000000000000
2026/09/26 03:15:23.304, P1, 2955, 14001, 55.60, 53, 0x0000000000000000
2026/09/26 03:15:23.367, P1, 2955, 14001, 55.60, 53, 0x0000000000000000
2026/09/26 03:15:23.430, P1, 2955, 14001, 55.60, 53, 0x0000000000000000
2026/09/26 03:15:23.493, P1, 2955, 14001, 62.48, 52, 0x0000000000000000
2026/09/26 03:15:23.556, P1, 2955, 14001, 62.48, 52, 0x0000000000000000
2026/09/26 03:15:23.618, P1, 2955, 14001, 62.48, 52, 0x0000000000000000
2026/09/26 03:15:23.681, P1, 2955, 14001, 62.48, 52, 0x0000000000000000
2026/09/26 03:15:23.744, P1, 2955, 14001, 62.48, 52, 0x0000000000000000
2026/09/26 03:15:23.806, P1, 2955, 14001, 62.48, 52, 0x0000000000000000
2026/09/26 03:15:23.869, P1, 2955, 14001, 62.48, 52, 0x0000000000000000
2026/09/26 03:15:23.931, P1, 2955, 14001, 62.48, 52, 0x0000000000000000
2026/09/26 03:15:23.994, P0, 2955, 14201, 59.41, 8, 0x0000000000000000
2026/09/26 03:15:24.056, P0, 2955, 14201, 59.41, 8, 0x0000000000000000
2026/09/26 03:15:24.118, P0, 2955, 14201, 59.41, 8, 0x0000000000000000
2026/09/26 03:15:24.181, P0, 2955, 14201, 59.41, 8, 0x0000000000000000
2026/09/26 03:15:24.243, P0, 2955, 14201, 59.41, 8, 0x0000000000000000
2026/09/26 03:15:24.305, P0, 2955, 14201, 59.41, 8, 0x0000000000000000
2026/09/26 03:15:24.368, P0, 2955, 14201, 59.41, 8, 0x0000000000000000
2026/09/26 03:15:24.431, P0, 2955, 14201, 59.41, 8, 0x0000000000000000
2026/09/26 03:15:24.492, P0, 2955, 14201, 49.04, 0, 0x0000000000000000
2026/09/26 03:15:24.553, P0, 2955, 14201, 49.04, 0, 0x0000000000000000
2026/09/26 03:15:24.616, P0, 2955, 14201, 49.04, 0, 0x0000000000000000
2026/09/26 03:15:24.679, P0, 2955, 14201, 49.04, 0, 0x0000000000000000
2026/09/26 03:15:24.742, P0, 2955, 14201, 49.04, 0, 0x0000000000000000
2026/09/26 03:15:24.805, P0, 2955, 14201, 49.04, 0, 0x0000000000000000
2026/09/26 03:15:24.866, P0, 2955, 14201, 49.04, 0, 0x0000000000000000
2026/09/26 03:15:24.930, P0, 2955, 14201, 49.04, 0, 0x0000000000000000
2026/09/26 03:15:24.992, P0, 2955, 14201, 39.11, 0, 0x0000000000000000
2026/09/26 03:15:25.054, P0, 2955, 14201, 39.11, 0, 0x0000000000000000
2026/09/26 03:15:25.116, P0, 2955, 14201, 39.11, 0, 0x0000000000000000
2026/09/26 03:15:25.180, P0, 2955, 14201, 39.11, 0, 0x0000000000000000
2026/09/26 03:15:25.242, P0, 2955, 14201, 39.11, 0, 0x0000000000000000
2026/09/26 03:15:25.304, P0, 2955, 14201, 39.11, 0, 0x0000000000000000
2026/09/26 03:15:25.367, P0, 2955, 14201, 39.11, 0, 0x0000000000000000
2026/09/26 03:15:25.430, P0, 2955, 14201, 39.11, 0, 0x0000000000000000
2026/09/26 03:15:25.492, P0, 2955, 14201, 38.22, 0, 0x0000000000000000
2026/09/26 03:15:25.555, P0, 2955, 14201, 38.22, 0, 0x0000000000000000
2026/09/26 03:15:25.619, P0, 2955, 14201, 38.22, 0, 0x0000000000000000
2026/09/26 03:15:25.682, P0, 2955, 14201, 38.22, 0, 0x0000000000000000
2026/09/26 03:15:25.745, P0, 2955, 14201, 38.22, 0, 0x0000000000000000
2026/09/26 03:15:25.807, P0, 2955, 14201, 38.22, 0, 0x0000000000000000
2026/09/26 03:15:25.870, P0, 2955, 14201, 38.22, 0, 0x0000000000000000
2026/09/26 03:15:25.932, P0, 2955, 14201, 38.22, 0, 0x0000000000000000
2026/09/26 03:15:25.994, P0, 2535, 14201, 33.65, 0, 0x0000000000000000
2026/09/26 03:15:26.058, P0, 2535, 14201, 33.65, 0, 0x0000000000000000
2026/09/26 03:15:26.120, P0, 2535, 14201, 33.65, 0, 0x0000000000000000
2026/09/26 03:15:26.182, P0, 2535, 14201, 33.65, 0, 0x0000000000000000
2026/09/26 03:15:26.245, P0, 2535, 14201, 33.65, 0, 0x0000000000000000
2026/09/26 03:15:26.307, P0, 2535, 14201, 33.65, 0, 0x0000000000000000
2026/09/26 03:15:26.370, P0, 2535, 14201, 33.65, 0, 0x0000000000000000
2026/09/26 03:15:26.431, P0, 2535, 14201, 33.65, 0, 0x0000000000000000
2026/09/26 03:15:26.494, P0, 2535, 14201, 28.10, 0, 0x0000000000000000
2026/09/26 03:15:26.559, P0, 2535, 14201, 28.10, 0, 0x0000000000000000
2026/09/26 03:15:26.621, P0, 2535, 14201, 28.10, 0, 0x0000000000000000
2026/09/26 03:15:26.684, P0, 2535, 14201, 28.10