2026/09/26 12:37:47.449, P8, 405, 405, 13.82, 3, 0x0000000000000000
2026/09/26 12:37:47.512, P8, 405, 405, 13.82, 3, 0x0000000000000000
2026/09/26 12:37:47.575, P8, 405, 405, 13.82, 3, 0x0000000000000000
2026/09/26 12:37:47.637, P8, 397, 405, 13.82, 1, 0x0000000000000000
2026/09/26 12:37:47.701, P8, 397, 405, 13.82, 1, 0x0000000000000000
2026/09/26 12:37:47.763, P8, 397, 405, 13.82, 1, 0x0000000000000000
2026/09/26 12:37:47.825, P8, 397, 405, 13.82, 1, 0x0000000000000000
2026/09/26 12:37:47.888, P8, 397, 405, 13.82, 1, 0x0000000000000000
2026/09/26 12:37:47.950, P8, 397, 405, 13.82, 1, 0x0000000000000000
2026/09/26 12:37:48.012, P8, 397, 405, 13.82, 1, 0x0000000000000000
2026/09/26 12:37:48.074, P8, 397, 405, 13.82, 1, 0x0000000000000000
2026/09/26 12:37:48.137, P0, 2685, 14201, 21.29, 17, 0x0000000000000000
2026/09/26 12:37:48.200, P0, 2685, 14201, 21.29, 17, 0x0000000000000000
2026/09/26 12:37:48.261, P0, 2685, 14201, 21.29, 17, 0x0000000000000000
2026/09/26 12:37:48.324, P0, 2685, 14201, 21.29, 17, 0x0000000000000000
2026/09/26 12:37:48.386, P0, 2685, 14201, 21.29, 17, 0x0000000000000000
2026/09/26 12:37:48.448, P0, 2685, 14201, 21.29, 17, 0x0000000000000000
2026/09/26 12:37:48.509, P0, 2685, 14201, 21.29, 17, 0x0000000000000000
2026/09/26 12:37:48.574, P0, 2685, 14201, 21.29, 17, 0x0000000000000000
2026/09/26 12:37:48.637, P0, 2655, 14001, 29.98, 12, 0x0000000000000000
2026/09/26 12:37:48.699, P0, 2655, 14001, 29.98, 12, 0x0000000000000000
2026/09/26 12:37:48.763, P0, 2655, 14001, 29.98, 12, 0x0000000000000000
2026/09/26 12:37:48.825, P0, 2655, 14001, 29.98, 12, 0x0000000000000000
2026/09/26 12:37:48.887, P0, 2655, 14001, 29.98, 12, 0x0000000000000000
2026/09/26 12:37:48.951, P0, 2655, 14001, 29.98, 12, 0x0000000000000000
2026/09/26 12:37:49.013, P0, 2655, 14001, 29.98, 12, 0x0000000000000000
2026/09/26 12:37:49.076, P0, 2655, 14001, 29.98, 12, 0x0000000000000000
2026/09/26 12:37:49.139, P0, 2692, 14201, 34.13, 12, 0x0000000000000000
2026/09/26 12:37:49.200, P0, 2692, 14201, 34.13, 12, 0x0000000000000000
2026/09/26 12:37:49.262, P0, 2692, 14201, 34.13, 12, 0x0000000000000000
2026/09/26 12:37:49.324, P0, 2692, 14201, 34.13, 12, 0x0000000000000000
2026/09/26 12:37:49.385, P0, 2692, 14201, 34.13, 12, 0x0000000000000000
2026/09/26 12:37:49.448, P0, 2692, 14201, 34.13, 12, 0x0000000000000000
2026/09/26 12:37:49.510, P0, 2692, 14201, 34.13, 12, 0x0000000000000000
2026/09/26 12:37:49.573, P0, 2692, 14201, 34.13, 12, 0x0000000000000000
2026/09/26 12:37:49.635, P1, 2632, 14001, 34.37, 15, 0x0000000000000000
2026/09/26 12:37:49.697, P1, 2632, 14001, 34.37, 15, 0x0000000000000000
2026/09/26 12:37:49.760, P1, 2632, 14001, 34.37, 15, 0x0000000000000000
2026/09/26 12:37:49.822, P1, 2632, 14001, 34.37, 15, 0x0000000000000000
2026/09/26 12:37:49.883, P1, 2632, 14001, 34.37, 15, 0x0000000000000000
2026/09/26 12:37:49.946, P1, 2632, 14001, 34.37, 15, 0x0000000000000000
2026/09/26 12:37:50.008, P1, 2632, 14001, 34.37, 15, 0x0000000000000000
2026/09/26 12:37:50.070, P1, 2632, 14001, 34.37, 15, 0x0000000000000000
2026/09/26 12:37:50.133, P0, 2670, 14201, 34.29, 17, 0x0000000000000000
2026/09/26 12:37:50.194, P0, 2670, 14201, 34.29, 17, 0x0000000000000000
2026/09/26 12:37:50.257, P0, 2670, 14201, 34.29, 17, 0x0000000000000000
2026/09/26 12:37:50.319, P0, 2670, 14201, 34.29, 17, 0x0000000000000000
2026/09/26 12:37:50.381, P0, 2670, 14201, 34.29, 17, 0x0000000000000000
2026/09/26 12:37:50.443, P0, 2670, 14201, 34.29, 17, 0x0000000000000000
2026/09/26 12:37:50.506, P0, 2670, 14201, 34.29, 17, 0x0000000000000000
2026/09/26 12:37:50.570, P0, 2670, 14201, 34.29, 17, 0x0000000000000000
2026/09/26 12:37:50.632, P1, 2632, 14001, 34.03, 11, 0x0000000000000000
2026/09/26 12:37:50.695, P1, 2632, 14001, 34.03, 11, 0x0000000000000000
2026/09/26 12:37:50.757, P1, 2632, 14001, 34.03, 11, 0x0000000000000000
2026/09/26 12:37:50.821, P1, 2632, 14001, 34.03, 11, 0x0000000000000000
2026/09/26 12:37:50.883, P1, 2632, 14001, 34.03, 11, 0x0000000000000000
2026/09/26 12:37:50.945, P1, 2632, 14001, 34.03, 11, 0x0000000000000000
2026/09/26 12:37:51.007, P1, 2632, 14001, 34.03, 11, 0x0000000000000000
2026/09/26 12:37:51.071, P1, 2632, 14001, 34.03, 11, 0x0000000000000000
2026/09/26 12:37:51.134, P1, 2730, 14201, 33.73, 10, 0x0000000000000000
2026/09/26 12:37:51.196, P1, 2730, 14201, 33.73, 10, 0x0000000000000000
2026/09/26 12:37:51.258, P1, 2730, 14201, 33.73, 10, 0x0000000000000000
2026/09/26 12:37:51.322, P1, 2730, 14201, 33.73, 10, 0x0000000000000000
2026/09/26 12:37:51.384, P1, 2730, 14201, 33.73, 10, 0x0000000000000000
2026/09/26 12:37:51.448, P1, 2730, 14201, 33.73, 10, 0x0000000000000000
2026/09/26 12:37:51.509, P1, 2730, 14201, 33.73, 10, 0x0000000000000000
2026/09/26 12:37:51.572, P1, 2730, 14201, 33.73, 10, 0x0000000000000000
2026/09/26 12:37:51.634, P1, 2730, 14001, 34.14, 5, 0x0000000000000000
2026/09/26 12:37:51.697, P1, 2730, 14001, 34.14, 5, 0x0000000000000000
2026/09/26 12:37:51.761, P1, 2730, 14001, 34.14, 5, 0x0000000000000000
2026/09/26 12:37:51.824, P1, 2730, 14001, 34.14, 5, 0x0000000000000000
2026/09/26 12:37:51.886, P1, 2730, 14001, 34.14, 5, 0x0000000000000000
2026/09/26 12:37:51.951, P1, 2730, 14001, 34.14, 5, 0x0000000000000000
2026/09/26 12:37:52.014, P1, 2730, 14001, 34.14, 5, 0x0000000000000000
2026/09/26 12:37:52.077, P1, 2730, 14001, 34.14, 5, 0x0000000000000000
2026/09/26 12:37:52.139, P1, 2722, 14001, 34.75, 10, 0x0000000000000000
2026/09/26 12:37:52.202, P1, 2722, 14001, 34.75, 10, 0x0000000000000000
2026/09/26 12:37:52.265, P1, 2722, 14001, 34.75, 10, 0x0000000000000000
2026/09/26 12:37:52.328, P1, 2722, 14001, 34.75, 10, 0x0000000000000000
2026/09/26 12:37:52.391, P1, 2722, 14001, 34.75, 10, 0x0000000000000000
2026/09/26 12:37:52.453, P1, 2722, 14001, 34.75, 10, 0x0000000000000000
2026/09/26 12:37:52.515, P1, 2722, 14001, 34.75, 10, 0x0000000000000000
2026/09/26 12:37:52.579, P1, 2722, 14001, 34.75, 10, 0x0000000000000000
2026/09/26 12:37:52.642, P0, 2730, 14201, 34.60, 4, 0x0000000000000000
2026/09/26 12:37:52.707, P0, 2730, 14201, 34.60, 4, 0x0000000000000000
2026/09/26 12:37:52.769, P0, 2730, 14201, 34.60, 4, 0x0000000000000000
2026/09/26 12:37:52.831, P0, 2730, 14201, 34.60, 4, 0x0000000000000000
2026/09/26 12:37:52.894, P0, 2730, 14201, 34.60, 4, 0x0000000000000000
2026/09/26 12:37:52.957, P0, 2730, 14201, 34.60, 4, 0x0000000000000000
2026/09/26 12:37:53.019, P0, 2730, 14201, 34.60, 4, 0x0000000000000000
2026/09/26 12:37:53.081, P0, 2730, 14201, 34.60, 4, 0x0000000000000000
2026/09/26 12:37:53.144, P0, 2640, 14201, 34.65, 14, 0x0000000000000000
2026/09/26 12:37:53.206, P0, 2640, 14201, 34.65, 14, 0x0000000000000000
2026/09/26 12:37:53.270, P0, 2640, 14201, 34.65, 14, 0x0000000000000000
2026/09/26 12:37:53.333, P0, 2640, 14201, 34.65, 14, 0x0000000000000000
2026/09/26 12:37:53.397, P0, 2640, 14201, 34.65, 14, 0x0000000000000000
2026/09/26 12:37:53.461, P0, 2640, 14201, 34.65, 14, 0x0000000000000000
2026/09/26 12:37:53.523, P0, 2640, 14201, 34.65, 14, 0x0000000000000000
2026/09/26 12:37:53.587, P0, 2640, 14201, 34.65, 14, 0x0000000000000000
2026/09/26 12:37:53.650, P1, 2640, 14201, 34.27, 14, 0x0000000000000000
2026/09/26 12:37:53.712, P1, 2640, 14201, 34.27, 14, 0x0000000000000000
2026/09/26 12:37:53.774, P1, 2640, 14201, 34.27, 14, 0x0000000000000000
2026/09/26 12:37:53.837, P1, 2640, 14201, 34.27, 14, 0x0000000000000000
2026/09/26 12:37:53.898, P1, 2640, 14201, 34.27, 14, 0x0000000000000000
2026/09/26 12:37:53.961, P1, 2640, 14201, 34.27, 14, 0x0000000000000000
2026/09/26 12:37:54.024, P1, 2640, 14201, 34.27, 14, 0x0000000000000000
2026/09/26 12:37:54.087, P1, 2640, 14201, 34.27, 14, 0x0000000000000000
2026/09/26 12:37:54.150, P1, 2700, 14001, 34.71, 9, 0x0000000000000000
2026/09/26 12:37:54.212, P1, 2700, 14001, 34.71, 9, 0x0000000000000000
2026/09/26 12:37:54.274, P1, 2700, 14001, 34.71, 9, 0x0000000000000000
2026/09/26 12:37:54.337, P1, 2700, 14001, 34.71, 9, 0x0000000000000000
2026/09/26 12:37:54.399, P1, 2700, 14001, 34.71, 9, 0x0000000000000000
2026/09/26 12:37:54.463, P1, 2700, 14001, 34.71, 9, 0x0000000000000000
2026/09/26 12:37:54.524, P1, 2700, 14001, 34.71, 9, 0x0000000000000000
2026/09/26 12:37:54.586, P1, 2700, 14001, 34.71, 9, 0x0000000000000000
2026/09/26 12:37:54.649, P0, 2760, 14201, 34.95, 3, 0x0000000000000000
2026/09/26 12:37:54.711, P0, 2760, 14201, 34.95, 3, 0x0000000000000000
2026/09/26 12:37:54.774, P0, 2760, 14201, 34.95, 3, 0x0000000000000000
2026/09/26 12:37:54.835, P0, 2760, 14201, 34.95, 3, 0x0000000000000000
2026/09/26 12:37:54.899, P0, 2760, 14201, 34.95, 3, 0x0000000000000000
2026/09/26 12:37:54.961, P0, 2760, 14201, 34.95, 3, 0x0000000000000000
2026/09/26 12:37:55.023, P0, 2760, 14201, 34.95, 3, 0x0000000000000000
2026/09/26 12:37:55.085, P0, 2760, 14201, 34.95, 3, 0x0000000000000000
2026/09/26 12:37:55.146, P0, 2632, 14201, 35.34, 15, 0x0000000000000000
2026/09/26 12:37:55.210, P0, 2632, 14201, 35.34, 15, 0x0000000000000000
2026/09/26 12:37:55.273, P0, 2632, 14201, 35.34, 15, 0x0000000000000000
2026/09/26 12:37:55.335, P0, 2632, 14201, 35.34, 15, 0x0000000000000000
2026/09/26 12:37:55.398, P0, 2632, 14201, 35.34, 15, 0x0000000000000000
2026/09/26 12:37:55.460, P0, 2632, 14201, 35.34, 15, 0x0000000000000000
2026/09/26 12:37:55.523, P0, 2632, 14201, 35.34, 15, 0x0000000000000000
2026/09/26 12:37:55.585, P0, 2632, 14201, 35.34, 15, 0x0000000000000000
2026/09/26 12:37:55.647, P0, 2655, 14001, 34.08, 11, 0x0000000000000000
2026/09/26 12:37:55.710, P0, 2655, 14001, 34.08, 11, 0x0000000000000000
2026/09/26 12:37:55.771, P0, 2655, 14001, 34.08, 11, 0x0000000000000000
2026/09/26 12:37:55.833, P0, 2655, 14001, 34.08, 11, 0x0000000000000000
2026/09/26 12:37:55.895, P0, 2655, 14001, 34.08, 11, 0x0000000000000000
2026/09/26 12:37:55.958, P0, 2655, 14001, 34.08, 11, 0x0000000000000000
2026/09/26 12:37:56.021, P0, 2655, 14001, 34.08, 11, 0x0000000000000000
2026/09/26 12:37:56.083, P0, 2655, 14001, 34.08, 11, 0x0000000000000000
2026/09/26 12:37:56.145, P0, 2707, 14201, 34.69, 17, 0x0000000000000000
2026/09/26 12:37:56.208, P0, 2707, 14201, 34.69, 17, 0x0000000000000000
2026/09/26 12:37:56.271, P0, 2707, 14201, 34.69, 17, 0x0000000000000000
2026/09/26 12:37:56.333, P0, 2707, 14201, 34.69, 17, 0x0000000000000000
2026/09/26 12:37:56.396, P0, 2707, 14201, 34.69, 17, 0x0000000000000000
2026/09/26 12:37:56.457, P0, 2707, 14201, 34.69, 17, 0x0000000000000000
2026/09/26 12:37:56.519, P0, 2707, 14201, 34.69, 17, 0x0000000000000000
2026/09/26 12:37:56.582, P0, 2707, 14201, 34.69, 17, 0x0000000000000000
2026/09/26 12:37:56.644, P0, 2632, 14201, 35.33, 15, 0x0000000000000000
2026/09/26 12:37:56.706, P0, 2632, 14201, 35.33, 15, 0x0000000000000000
2026/09/26 12:37:56.768, P0, 2632, 14201, 35.33, 15, 0x0000000000000000
2026/09/26 12:37:56.830, P0, 2632, 14201, 35.33, 15, 0x0000000000000000
2026/09/26 12:37:56.893, P0, 2632, 14201, 35.33, 15, 0x0000000000000000
2026/09/26 12:37:56.955, P0, 2632, 14201, 35.33, 15, 0x0000000000000000
2026/09/26 12:37:57.018, P0, 2632, 14201, 35.33, 15, 0x0000000000000000
2026/09/26 12:37:57.080, P0, 2632, 14201, 35.33, 15, 0x0000000000000000
2026/09/26 12:37:57.142, P1, 2655, 14001, 34.24, 15, 0x0000000000000000
2026/09/26 12:37:57.207, P1, 2655, 14001, 34.24, 15, 0x0000000000000000
2026/09/26 12:37:57.269, P1, 2655, 14001, 34.24, 15, 0x0000000000000000
2026/09/26 12:37:57.331, P1, 2655, 14001, 34.24, 15, 0x0000000000000000
2026/09/26 12:37:57.393, P1, 2655, 14001, 34.24, 15, 0x0000000000000000
2026/09/26 12:37:57.455, P1, 2655, 14001, 34.24, 15, 0x0000000000000000
2026/09/26 12:37:57.517, P1, 2655, 14001, 34.24, 15, 0x0000000000000000
2026/09/26 12:37:57.579, P1, 2655, 14001, 34.24, 15, 0x0000000000000000
2026/09/26 12:37:57.642, P0, 2677, 14201, 34.61, 17, 0x0000000000000000
2026/09/26 12:37:57.704, P0, 2677, 14201, 34.61, 17, 0x0000000000000000
2026/09/26 12:37:57.766, P0, 2677, 14201, 34.61, 17, 0x0000000000000000
2026/09/26 12:37:57.828, P0, 2677, 14201, 34.61, 17, 0x0000000000000000
2026/09/26 12:37:57.890, P0, 2677, 14201, 34.61, 17, 0x0000000000000000
2026/09/26 12:37:57.953, P0, 2677, 14201, 34.61, 17, 0x0000000000000000
2026/09/26 12:37:58.015, P0, 2677, 14201, 34.61, 17, 0x0000000000000000
2026/09/26 12:37:58.077, P0, 2677, 14201, 34.61, 17, 0x0000000000000000
2026/09/26 12:37:58.139, P1, 2662, 14201, 34.73, 15, 0x0000000000000000
2026/09/26 12:37:58.201, P1, 2662, 14201, 34.73, 15, 0x0000000000000000
2026/09/26 12:37:58.262, P1, 2662, 14201, 34.73, 15, 0x0000000000000000
2026/09/26 12:37:58.324, P1, 2662, 14201, 34.73, 15, 0x0000000000000000
2026/09/26 12:37:58.387, P1, 2662, 14201, 34.73, 15, 0x0000000000000000
2026/09/26 12:37:58.449, P1, 2662, 14201, 34.73, 15, 0x0000000000000000
2026/09/26 12:37:58.511, P1, 2662, 14201, 34.73, 15, 0x0000000000000000
2026/09/26 12:37:58.573, P1, 2662, 14201, 34.73, 15, 0x0000000000000000
2026/09/26 12:37:58.635, P0, 2722, 14001, 34.21, 3, 0x0000000000000000
2026/09/26 12:37:58.697, P0, 2722, 14001, 34.21, 3, 0x0000000000000000
2026/09/26 12:37:58.759, P0, 2722, 14001, 34.21, 3, 0x0000000000000000
2026/09/26 12:37:58.821, P0, 2722, 14001, 34.21, 3, 0x0000000000000000
2026/09/26 12:37:58.885, P0, 2722, 14001, 34.21, 3, 0x0000000000000000
2026/09/26 12:37:58.947, P0, 2722, 14001, 34.21, 3, 0x0000000000000000
2026/09/26 12:37:59.010, P0, 2722, 14001, 34.21, 3, 0x0000000000000000
2026/09/26 12:37:59.072, P0, 2722, 14001, 34.21, 3, 0x0000000000000000
2026/09/26 12:37:59.136, P0, 2745, 14201, 34.91, 7, 0x0000000000000000
2026/09/26 12:37:59.198, P0, 2745, 14201, 34.91, 7, 0x0000000000000000
2026/09/26 12:37:59.262, P0, 2745, 14201, 34.91, 7, 0x0000000000000000
2026/09/26 12:37:59.324, P0, 2745, 14201, 34.91, 7, 0x0000000000000000
2026/09/26 12:37:59.387, P0, 2745, 14201, 34.91, 7, 0x0000000000000000
2026/09/26 12:37:59.449, P0, 2745, 14201, 34.91, 7, 0x0000000000000000
2026/09/26 12:37:59.512, P0, 2745, 14201, 34.91, 7, 0x0000000000000000
2026/09/26 12:37:59.574, P0, 2745, 14201, 34.91, 7, 0x0000000000000000
2026/09/26 12:37:59.638, P0, 2670, 14201, 35.47, 15, 0x0000000000000000
2026/09/26 12:37:59.700, P0, 2670, 14201, 35.47, 15, 0x0000000000000000
2026/09/26 12:37:59.763, P0, 2670, 14201, 35.47, 15, 0x0000000000000000
2026/09/26 12:37:59.826, P0, 2670, 14201, 35.47, 15, 0x0000000000000000
2026/09/26 12:37:59.889, P0, 2670, 14201, 35.47, 15, 0x0000000000000000
2026/09/26 12:37:59.951, P0, 2670, 14201, 35.47, 15, 0x0000000000000000
2026/09/26 12:38:00.015, P0, 2670, 14201, 35.47, 15, 0x0000000000000000
2026/09/26 12:38:00.078, P0, 2670, 14201, 35.47, 15, 0x0000000000000000
2026/09/26 12:38:00.141, P1, 2640, 14001, 34.64, 10, 0x0000000000000000
2026/09/26 12:38:00.205, P1, 2640, 14001, 34.64, 10, 0x0000000000000000
2026/09/26 12:38:00.268, P1, 2640, 14001, 34.64, 10, 0x0000000000000000
2026/09/26 12:38:00.331, P1, 2640, 14001, 34.64, 10, 0x0000000000000000
2026/09/26 12:38:00.394, P1, 2640, 14001, 34.64, 10, 0x0000000000000000
2026/09/26 12:38:00.457, P1, 2640, 14001, 34.64, 10, 0x0000000000000000
2026/09/26 12:38:00.520, P1, 2640, 14001, 34.64, 10, 0x0000000000000000
2026/09/26 12:38:00.582, P1, 2640, 14001, 34.64, 10, 0x0000000000000000
2026/09/26 12:38:00.645, P0, 2715, 14201, 34.24, 9, 0x0000000000000000
2026/09/26 12:38:00.709, P0, 2715, 14201, 34.24, 9, 0x0000000000000000
2026/09/26 12:38:00.772, P0, 2715, 14201, 34.24, 9, 0x0000000000000000
2026/09/26 12:38:00.834, P0, 2715, 14201, 34.24, 9, 0x0000000000000000
2026/09/26 12:38:00.896, P0, 2715, 14201, 34.24, 9, 0x0000000000000000
2026/09/26 12:38:00.959, P0, 2715, 14201, 34.24, 9, 0x0000000000000000
2026/09/26 12:38:01.021, P0, 2715, 14201, 34.24, 9, 0x0000000000000000
2026/09/26 12:38:01.084, P0, 2715, 14201, 34.24, 9, 0x0000000000000000
2026/09/26 12:38:01.146, P0, 2677, 14201, 35.35, 15, 0x0000000000000000
2026/09/26 12:38:01.208, P0, 2677, 14201, 35.35, 15, 0x0000000000000000
2026/09/26 12:38:01.271, P0, 2677, 14201, 35.35, 15, 0x0000000000000000
2026/09/26 12:38:01.333, P0, 2677, 14201, 35.35, 15, 0x0000000000000000
2026/09/26 12:38:01.395, P0, 2677, 14201, 35.35, 15, 0x0000000000000000
2026/09/26 12:38:01.457, P0, 2677, 14201, 35.35, 15, 0x0000000000000000
2026/09/26 12:38:01.520, P0, 2677, 14201, 35.35, 15, 0x0000000000000000
2026/09/26 12:38:01.582, P0, 2677, 14201, 35.35, 15, 0x0000000000000000
2026/09/26 12:38:01.645, P1, 2670, 14001, 34.61, 15, 0x0000000000000000
2026/09/26 12:38:01.708, P1, 2670, 14001, 34.61, 15, 0x0000000000000000
2026/09/26 12:38:01.770, P1, 2670, 14001, 34.61, 15, 0x0000000000000000
2026/09/26 12:38:01.832, P1, 2670, 14001, 34.61, 15, 0x0000000000000000
2026/09/26 12:38:01.894, P1, 2670, 14001, 34.61, 15, 0x0000000000000000
2026/09/26 12:38:01.956, P1, 2670, 14001, 34.61, 15, 0x0000000000000000
2026/09/26 12:38:02.017, P1, 2670, 14001, 34.61, 15, 0x0000000000000000
2026/09/26 12:38:02.080, P1, 2670, 14001, 34.61, 15, 0x0000000000000000
2026/09/26 12:38:02.144, P0, 2677, 14201, 34.95, 13, 0x0000000000000000
2026/09/26 12:38:02.206, P0, 2677, 14201, 34.95, 13, 0x0000000000000000
2026/09/26 12:38:02.268, P0, 2677, 14201, 34.95, 13, 0x0000000000000000
2026/09/26 12:38:02.330, P0, 2677, 14201, 34.95, 13, 0x0000000000000000
2026/09/26 12:38:02.393, P0, 2677, 14201, 34.95, 13, 0x0000000000000000
2026/09/26 12:38:02.456, P0, 2677, 14201, 34.95, 13, 0x0000000000000000
2026/09/26 12:38:02.518, P0, 2677, 14201, 34.95, 13, 0x0000000000000000
2026/09/26 12:38:02.581, P0, 2677, 14201, 34.95, 13, 0x0000000000000000
2026/09/26 12:38:02.644, P1, 2617, 14001, 34.27, 12, 0x0000000000000000
2026/09/26 12:38:02.706, P1, 2617, 14001, 34.27, 12, 0x0000000000000000
2026/09/26 12:38:02.769, P1, 2617, 14001, 34.27, 12, 0x0000000000000000
2026/09/26 12:38:02.832, P1, 2617, 14001, 34.27, 12, 0x0000000000000000
2026/09/26 12:38:02.895, P1, 2617, 14001, 34.27, 12, 0x0000000000000000
2026/09/26 12:38:02.957, P1, 2617, 14001, 34.27, 12, 0x0000000000000000
2026/09/26 12:38:03.020, P1, 2617, 14001, 34.27, 12, 0x0000000000000000
2026/09/26 12:38:03.082, P1, 2617, 14001, 34.27, 12, 0x0000000000000000
2026/09/26 12:38:03.146, P0, 2692, 14201, 34.29, 12, 0x0000000000000000
2026/09/26 12:38:03.209, P0, 2692, 14201, 34.29, 12, 0x0000000000000000
2026/09/26 12:38:03.271, P0, 2692, 14201, 34.29, 12, 0x0000000000000000
2026/09/26 12:38:03.334, P0, 2692, 14201, 34.29, 12, 0x0000000000000000
2026/09/26 12:38:03.396, P0, 2692, 14201, 34.29, 12, 0x0000000000000000
2026/09/26 12:38:03.459, P0, 2692, 14201, 34.29, 12, 0x0000000000000000
2026/09/26 12:38:03.523, P0, 2692, 14201, 34.29, 12, 0x0000000000000000
2026/09/26 12:38:03.586, P0, 2692, 14201, 34.29, 12, 0x0000000000000000
2026/09/26 12:38:03.649, P0, 2632, 14201, 35.26, 15, 0x0000000000000000
2026/09/26 12:38:03.711, P0, 2632, 14201, 35.26, 15, 0x0000000000000000
2026/09/26 12:38:03.773, P0, 2632, 14201, 35.26, 15, 0x0000000000000000
2026/09/26 12:38:03.836, P0, 2632, 14201, 35.26, 15, 0x0000000000000000
2026/09/26 12:38:03.900, P0, 2632, 14201, 35.26, 15, 0x0000000000000000
2026/09/26 12:38:03.962, P0, 2632, 14201, 35.26, 15, 0x0000000000000000
2026/09/26 12:38:04.025, P0, 2632, 14201, 35.26, 15, 0x0000000000000000
2026/09/26 12:38:04.089, P0, 2632, 14201, 35.26, 15, 0x0000000000000000
2026/09/26 12:38:04.151, P0, 2662, 14001, 34.39, 9, 0x0000000000000000
2026/09/26 12:38:04.214, P0, 2662, 14001, 34.39, 9, 0x0000000000000000
2026/09/26 12:38:04.275, P0, 2662, 14001, 34.39, 9, 0x0000000000000000
2026/09/26 12:38:04.337, P0, 2662, 14001, 34.39, 9, 0x0000000000000000
2026/09/26 12:38:04.398, P0, 2662, 14001, 34.39, 9, 0x0000000000000000
2026/09/26 12:38:04.463, P0, 2662, 14001, 34.39, 9, 0x0000000000000000
2026/09/26 12:38:04.526, P0, 2662, 14001, 34.39, 9, 0x0000000000000000
2026/09/26 12:38:04.588, P0, 2662, 14001, 34.39, 9, 0x0000000000000000
2026/09/26 12:38:04.650, P0, 2700, 14201, 35.21, 13, 0x0000000000000000
2026/09/26 12:38:04.713, P0, 2700, 14201, 35.21, 13, 0x0000000000000000
2026/09/26 12:38:04.777, P0, 2700, 14201, 35.21, 13, 0x0000000000000000
2026/09/26 12:38:04.840, P0, 2700, 14201, 35.21, 13, 0x0000000000000000
2026/09/26 12:38:04.903, P0, 2700, 14201, 35.21, 13, 0x0000000000000000
2026/09/26 12:38:04.965, P0, 2700, 14201, 35.21, 13, 0x0000000000000000
2026/09/26 12:38:05.028, P0, 2700, 14201, 35.21, 13, 0x0000000000000000
2026/09/26 12:38:05.090, P0, 2700, 14201, 35.21, 13, 0x0000000000000000
2026/09/26 12:38:05.154, P1, 2655, 14201, 35.14, 15, 0x0000000000000000
2026/09/26 12:38:05.215, P1, 2655, 14201, 35.14, 15, 0x0000000000000000
2026/09/26 12:38:05.277, P1, 2655, 14201, 35.14, 15, 0x0000000000000000
2026/09/26 12:38:05.341, P1, 2655, 14201, 35.14, 15, 0x0000000000000000
2026/09/26 12:38:05.405, P1, 2655, 14201, 35.14, 15, 0x0000000000000000
2026/09/26 12:38:05.468, P1, 2655, 14201, 35.14, 15, 0x0000000000000000
2026/09/26 12:38:05.530, P1, 2655, 14201, 35.14, 15, 0x0000000000000000
2026/09/26 12:38:05.594, P1, 2655, 14201, 35.14, 15, 0x0000000000000000
2026/09/26 12:38:05.657, P0, 2655, 14201, 34.31, 7, 0x0000000000000000
2026/09/26 12:38:05.718, P0, 2655, 14201, 34.31, 7, 0x0000000000000000
2026/09/26 12:38:05.781, P0, 2655, 14201, 34.31, 7, 0x0000000000000000
2026/09/26 12:38:05.843, P0, 2655, 14201, 34.31, 7, 0x0000000000000000
2026/09/26 12:38:05.908, P0, 2655, 14201, 34.31, 7, 0x0000000000000000
2026/09/26 12:38:05.971, P0, 2655, 14201, 34.31, 7, 0x0000000000000000
2026/09/26 12:38:06.033, P0, 2655, 14201, 34.31, 7, 0x0000000000000000
2026/09/26 12:38:06.096, P0, 2655, 14201, 34.31, 7, 0x0000000000000000
2026/09/26 12:38:06.158, P0, 2670, 14201, 35.19, 15, 0x0000000000000000
2026/09/26 12:38:06.222, P0, 2670, 14201, 35.19, 15, 0x0000000000000000
2026/09/26 12:38:06.285, P0, 2670, 14201, 35.19, 15, 0x0000000000000000
2026/09/26 12:38:06.348, P0, 2670, 14201, 35.19, 15, 0x0000000000000000
2026/09/26 12:38:06.411, P0, 2670, 14201, 35.19, 15, 0x0000000000000000
2026/09/26 12:38:06.474, P0, 2670, 14201, 35.19, 15, 0x0000000000000000
2026/09/26 12:38:06.537, P0, 2670, 14201, 35.19, 15, 0x0000000000000000
2026/09/26 12:38:06.598, P0, 2670, 14201, 35.19, 15, 0x0000000000000000
2026/09/26 12:38:06.661, P1, 2670, 14001, 35.01, 15, 0x0000000000000000
2026/09/26 12:38:06.723, P1, 2670, 14001, 35.01, 15, 0x0000000000000000
2026/09/26 12:38:06.786, P1, 2670, 14001, 35.01, 15, 0x0000000000000000
2026/09/26 12:38:06.849, P1, 2670, 14001, 35.01, 15, 0x0000000000000000
2026/09/26 12:38:06.912, P1, 2670, 14001, 35.01, 15, 0x0000000000000000
2026/09/26 12:38:06.974, P1, 2670, 14001, 35.01, 15, 0x0000000000000000
2026/09/26 12:38:07.037, P1, 2670, 14001, 35.01, 15, 0x0000000000000000
2026/09/26 12:38:07.099, P1, 2670, 14001, 35.01, 15, 0x0000000000000000
2026/09/26 12:38:07.161, P0, 2670, 14201, 34.86, 14, 0x0000000000000000
2026/09/26 12:38:07.224, P0, 2670, 14201, 34.86, 14, 0x0000000000000000
2026/09/26 12:38:07.285, P0, 2670, 14201, 34.86, 14, 0x0000000000000000
2026/09/26 12:38:07.348, P0, 2670, 14201, 34.86, 14, 0x0000000000000000
2026/09/26 12:38:07.410, P0, 2670, 14201, 34.86, 14, 0x0000000000000000
2026/09/26 12:38:07.472, P0, 2670, 14201, 34.86, 14, 0x0000000000000000
2026/09/26 12:38:07.535, P0, 2670, 14201, 34.86, 14, 0x0000000000000000
2026/09/26 12:38:07.600, P0, 2670, 14201, 34.86, 14, 0x0000000000000000
2026/09/26 12:38:07.663, P0, 2677, 14201, 35.05, 15, 0x0000000000000000
2026/09/26 12:38:07.725, P0, 2677, 14201, 35.05, 15, 0x0000000000000000
2026/09/26 12:38:07.789, P0, 2677, 14201, 35.05, 15, 0x0000000000000000
2026/09/26 12:38:07.850, P0, 2677, 14201, 35.05, 15, 0x0000000000000000
2026/09/26 12:38:07.913, P0, 2677, 14201, 35.05, 15, 0x0000000000000000
2026/09/26 12:38:07.975, P0, 2677, 14201, 35.05, 15, 0x0000000000000000
2026/09/26 12:38:08.037, P0, 2677, 14201, 35.05, 15, 0x0000000000000000
2026/09/26 12:38:08.099, P0, 2677, 14201, 35.05, 15, 0x0000000000000000
2026/09/26 12:38:08.161, P0, 2685, 14201, 32.88, 0, 0x0000000000000000
2026/09/26 12:38:08.224, P0, 2685, 14201, 32.88, 0, 0x0000000000000000
2026/09/26 12:38:08.286, P0, 2685, 14201, 32.88, 0, 0x0000000000000000
2026/09/26 12:38:08.350, P0, 2685, 14201, 32.88, 0, 0x0000000000000000
2026/09/26 12:38:08.412, P0, 2685, 14201, 32.88, 0, 0x0000000000000000
2026/09/26 12:38:08.475, P0, 2685, 14201, 32.88, 0, 0x0000000000000000
2026/09/26 12:38:08.537, P0, 2685, 14201, 32.88, 0, 0x0000000000000000
2026/09/26 12:38:08.598, P0, 2685, 14201, 32.88, 0, 0x0000000000000000
2026/09/26 12:38:08.662, P0, 2505, 14201, 28.26, 0, 0x0000000000000000
2026/09/26 12:38:08.724, P0, 2505, 14201, 28.26, 0, 0x0000000000000000
2026/09/26 12:38:08.787, P0, 2505, 14201, 28.26, 0, 0x0000000000000000
2026/09/26 12:38:08.849, P0, 2505, 14201, 28.26, 0, 0x0000000000000000
2026/09/26 12:38:08.913, P0, 2505, 14201, 28.26, 0, 0x0000000000000000
2026/09/26 12:38:08.976, P0, 2505, 14201, 28.26, 0, 0x0000000000000000
2026/09/26 12:38:09.038, P0, 2505, 14201, 28.26, 0, 0x0000000000000000
2026/09/26 12:38:09.100, P0, 2505, 14201, 28.26, 0, 0x0000000000000000
2026/09/26 12:38:09.163, P0, 2520, 14201, 24.70, 0, 0x0000000000000000
2026/09/26 12:38:09.227, P0, 2520, 14201, 24.70, 0, 0x0000000000000000
2026/09/26 12:38:09.289, P0, 2520, 14201, 24.70, 0, 0x0000000000000000
2026/09/26 12:38:09.350, P0, 2520, 14201, 24.70, 0, 0x0000000000000000
2026/09/26 12:38:09.414, P0, 2520, 14201, 24.70, 0, 0x0000000000000000
2026/09/26 12:38:09.476, P0, 2520, 14201, 24.70, 0, 0x0000000000000000
2026/09/26 12:38:09.539, P0, 2520, 14201, 24.70, 0, 0x0000000000000000
2026/09/26 12:38:09.602, P0, 2520, 14201, 24.70, 0, 0x0000000000000000
2026/09/26 12:38:09.663, P0, 2535, 14201, 24.85, 0, 0x0000000000000000
2026/09/26 12:38:09.726, P0, 2535, 14201, 24.85, 0, 0x0000000000000000
2026/09/26 12:38:09.789, P0, 2535, 14201, 24.85, 0, 0x0000000000000000
2026/09/26 12:38:09.852, P0, 2535, 14201, 24.85, 0, 0x0000000000000000
2026/09/26 12:38:09.915, P0, 2535, 14201, 24.85, 0, 0x0000000000000000
2026/09/26 12:38:09.977, P0, 2535, 14201, 24.85, 0, 0x0000000000000000
2026/09/26 12:38:10.040, P0, 2535, 14201, 24.85, 0, 0x0000000000000000
2026/09/26 12:38:10.102, P0, 2535, 14201, 24.85, 0, 0x0000000000000000
2026/09/26 12:38:10.164, P3, 2535, 7001, 24.65, 0, 0x0000000000000000
2026/09/26 12:38:10.225, P3, 2535, 7001, 24.65, 0, 0x0000000000000000
2026/09/26 12:38:10.287, P3, 2535, 7001, 24.65, 0, 0x0000000000000000
2026/09/26 12:38:10.350, P3, 2535, 7001, 24.65, 0, 0x0000000000000000
2026/09/26 12:38:10.412, P3, 2535, 7001, 24.65, 0, 0x0000000000000000
2026/09/26 12:38:10.475, P3, 2535, 7001, 24.65, 0, 0x0000000000000000
2026/09/26 12:38:10.538, P3, 2535, 7001, 24.65, 0, 0x0000000000000000
2026/09/26 12:38:10.600, P3, 2535, 7001, 24.65, 0, 0x0000000000000000
2026/09/26 12:38:10.662, P3, 787, 7001, 20.03, 0, 0x0000000000000000
2026/09/26 12:38:10.724, P3, 787, 7001, 20.03, 0, 0x0000000000000000
2026/09/26 12:38:10.787, P3, 787, 7001, 20.03, 0, 0x0000000000000000
2026/09/26 12:38:10.850, P3, 787, 7001, 20.03, 0, 0x0000000000000000
2026/09/26 12:38:10.911, P3, 787, 7001, 20.03, 0, 0x0000000000000000
2026/09/26 12:38:10.973, P3, 787, 7001, 20.03, 0, 0x0000000000000000
2026/09/26 12:38:11.036, P3, 787, 7001, 20.03, 0, 0x0000000000000000
2026/09/26 12:38:11.099, P3, 787, 7001, 20.03, 0, 0x0000000000000000
2026/09/26 12:38:11.161, P0, 675, 14201, 17.10, 6, 0x0000000000000000
2026/09/26 12:38:11.223, P0, 675, 14201, 17.10, 6, 0x0000000000000000
2026/09/26 12:38:11.284, P0, 675, 14201, 17.10, 6, 0x0000000000000000
2026/09/26 12:38:11.347, P0, 675, 14201, 17.10, 6, 0x0000000000000000
2026/09/26 12:38:11.410, P0, 675, 14201, 17.10, 6, 0x0000000000000000
2026/09/26 12:38:11.473, P0, 675, 14201, 17.10, 6, 0x0000000000000000
2026/09/26 12:38:11.537, P0, 675, 14201, 17.10, 6, 0x0000000000000000
2026/09/26 12:38:11.599, P0, 675, 14201, 17.10, 6, 0x0000000000000000
2026/09/26 12:38:11.662, P1, 2880, 14001, 27.12, 21, 0x0000000000000000
2026/09/26 12:38:11.724, P1, 2880, 14001, 27.12, 21, 0x0000000000000000
2026/09/26 12:38:11.787, P1, 2880, 14001, 27.12, 21, 0x0000000000000000
2026/09/26 12:38:11.850, P1, 2880, 14001, 27.12, 21, 0x0000000000000000
2026/09/26 12:38:11.913, P1, 2880, 14001, 27.12, 21, 0x0000000000000000
2026/09/26 12:38:11.976, P1, 2880, 14001, 27.12, 21, 0x0000000000000000
2026/09/26 12:38:12.038, P1, 2880, 14001, 27.12, 21, 0x0000000000000000
2026/09/26 12:38:12.099, P1, 2880, 14001, 27.12, 21, 0x0000000000000000
2026/09/26 12:38:12.163, P1, 2970, 14001, 39.74, 23, 0x0000000000000000
2026/09/26 12:38:12.225, P1, 2970, 14001, 39.74, 23, 0x0000000000000000
2026/09/26 12:38:12.288, P1, 2970, 14001, 39.74, 23, 0x0000000000000000
2026/09/26 12:38:12.351, P1, 2970, 14001, 39.74, 23, 0x0000000000000000
2026/09/26 12:38:12.414, P1, 2970, 14001, 39.74, 23, 0x0000000000000000
2026/09/26 12:38:12.476, P1, 2970, 14001, 39.74, 23, 0x0000000000000000
2026/09/26 12:38:12.540, P1, 2970, 14001, 39.74, 23, 0x0000000000000000
2026/09/26 12:38:12.603, P1, 2970, 14001, 39.74, 23, 0x0000000000000000
2026/09/26 12:38:12.666, P1, 2842, 14001, 40.42, 6, 0x0000000000000000
2026/09/26 12:38:12.730, P1, 2842, 14001, 40.42, 6, 0x0000000000000000
2026/09/26 12:38:12.792, P1, 2842, 14001, 40.42, 6, 0x0000000000000000
2026/09/26 12:38:12.854, P1, 2842, 14001, 40.42, 6, 0x0000000000000000
2026/09/26 12:38:12.915, P1, 2842, 14001, 40.42, 6, 0x0000000000000000
2026/09/26 12:38:12.979, P1, 2842, 14001, 40.42, 6, 0x0000000000000000
2026/09/26 12:38:13.043, P1, 2842, 14001, 40.42, 6, 0x0000000000000000
2026/09/26 12:38:13.105, P1, 2842, 14001, 40.42, 6, 0x0000000000000000
2026/09/26 12:38:13.167, P0, 2580, 14201, 33.48, 0, 0x0000000000000000
2026/09/26 12:38:13.230, P0, 2580, 14201, 33.48, 0, 0x0000000000000000
2026/09/26 12:38:13.291, P0, 2580, 14201, 33.48, 0, 0x0000000000000000
2026/09/26 12:38:13.354, P0, 2580, 14201, 33.48, 0, 0x0000000000000000
2026/09/26 12:38:13.417, P0, 2580, 14201, 33.48, 0, 0x0000000000000000
2026/09/26 12:38:13.479, P0, 2580, 14201, 33.48, 0, 0x0000000000000000
2026/09/26 12:38:13.541, P0, 2580, 14201, 33.48, 0, 0x0000000000000000
2026/09/26 12:38:13.604, P0, 2580, 14201, 33.48, 0, 0x0000000000000000
2026/09/26 12:38:13.667, P0, 2535, 14201, 27.52, 0, 0x0000000000000000
2026/09/26 12:38:13.728, P0, 2535, 14201, 27.52, 0, 0x0000000000000000
2026/09/26 12:38:13.790, P0, 2535, 14201, 27.52, 0, 0x0000000000000000
2026/09/26 12:38:13.853, P0, 2535, 14201, 27.52, 0, 0x0000000000000000
2026/09/26 12:38:13.916, P0, 2535, 14201, 27.52, 0, 0x0000000000000000
2026/09/26 12:38:13.978, P0, 2535, 14201, 27.52, 0, 0x0000000000000000
2026/09/26 12:38:14.040, P0, 2535, 14201, 27.52, 0, 0x0000000000000000
2026/09/26 12:38:14.103, P0, 2535, 14201, 27.52, 0, 0x0000000000000000
2026/09/26 12:38:14.166, P0, 2535, 14201, 25.46, 0, 0x0000000000000000
2026/09/26 12:38:14.230, P0, 2535, 14201, 25.46, 0, 0x0000000000000000
2026/09/26 12:38:14.291, P0, 2535, 14201, 25.46, 0, 0x0000000000000000
2026/09/26 12:38:14.354, P0, 2535, 14201, 25.46, 0, 0x0000000000000000
2026/09/26 12:38:14.418, P0, 2535, 14201, 25.46, 0, 0x0000000000000000
2026/09/26 12:38:14.481, P0, 2535, 14201, 25.46, 0, 0x0000000000000000
2026/09/26 12:38:14.545, P0, 2535, 14201, 25.46, 0, 0x0000000000000000
2026/09/26 12:38:14.607, P0, 2535, 14201, 25.46, 0, 0x0000000000000000
2026/09/26 12:38:14.670, P0, 2512, 14201, 25.16, 0, 0x0000000000000000
2026/09/26 12:38:14.732, P0, 2512, 14201, 25.16, 0, 0x0000000000000000
2026/09/26 12:38:14.795, P0, 2512, 14201, 25.16, 0, 0x0000000000000000
2026/09/26 12:38:14.858, P0, 2512, 14201, 25.16, 0, 0x0000000000000000
2026/09/26 12:38:14.920, P0, 2512, 14201, 25.16, 0, 0x0000000000000000
2026/09/26 12:38:14.984, P0, 2512, 14201, 25.16, 0, 0x0000000000000000
2026/09/26 12:38:15.046, P0, 2512, 14201, 25.16, 0, 0x0000000000000000
2026/09/26 12:38:15.108, P0, 2512, 14201, 25.16, 0, 0x0000000000000000
2026/09/26 12:38:15.171, P3, 2512, 7001, 24.35, 0, 0x0000000000000000
2026/09/26 12:38:15.233, P3, 2512, 7001, 24.35, 0, 0x0000000000000000
2026/09/26 12:38:15.296, P3, 2512, 7001, 24.35, 0, 0x0000000000000000
2026/09/26 12:38:15.358, P3, 2512, 7001, 24.35, 0, 0x0000000000000000
2026/09/26 12:38:15.420, P3, 2512, 7001, 24.35, 0, 0x0000000000000000
2026/09/26 12:38:15.483, P3, 2512, 7001, 24.35, 0, 0x0000000000000000
2026/09/26 12:38:15.545, P3, 2512, 7001, 24.35, 0, 0x0000000000000000
2026/09/26 12:38:15.607, P3, 2512, 7001, 24.35, 0, 0x0000000000000000
2026/09/26 12:38:15.669, P3, 900, 7001, 19.84, 0, 0x0000000000000000
2026/09/26 12:38:15.732, P3, 900, 7001, 19.84, 0, 0x0000000000000000
2026/09/26 12:38:15.794, P3, 900, 7001, 19.84, 0, 0x0000000000000000
2026/09/26 12:38:15.857, P3, 900, 7001, 19.84, 0, 0x0000000000000000
2026/09/26 12:38:15.921, P3, 900, 7001, 19.84, 0, 0x0000000000000000
2026/09/26 12:38:15.983, P3, 900, 7001, 19.84, 0, 0x0000000000000000
2026/09/26 12:38:16.046, P3, 900, 7001, 19.84, 0, 0x0000000000000000
2026/09/26 12:38:16.110, P3, 900, 7001, 19.84, 0, 0x0000000000000000
2026/09/26 12:38:16.172, P1, 1537, 14001, 19.37, 16, 0x0000000000000000
2026/09/26 12:38:16.234, P1, 1537, 14001, 19.37, 16, 0x0000000000000000
2026/09/26 12:38:16.296, P1, 1537, 14001, 19.37, 16, 0x0000000000000000
2026/09/26 12:38:16.358, P1, 1537, 14001, 19.37, 16, 0x0000000000000000
2026/09/26 12:38:16.420, P1, 1537, 14001, 19.37, 16, 0x0000000000000000
2026/09/26 12:38:16.483, P1, 1537, 14001, 19.37, 16, 0x0000000000000000
2026/09/26 12:38:16.546, P1, 1537, 14001, 19.37, 16, 0x0000000000000000
2026/09/26 12:38:16.610, P1, 1537, 14001, 19.37, 16, 0x0000000000000000
2026/09/26 12:38:16.672, P1, 2970, 14001, 31.21, 12, 0x0000000000000000
2026/09/26 12:38:16.735, P1, 2970, 14001, 31.21, 12, 0x0000000000000000
2026/09/26 12:38:16.798, P1, 2970, 14001, 31.21, 12, 0x0000000000000000
2026/09/26 12:38:16.860, P1, 2970, 14001, 31.21, 12, 0x0000000000000000
2026/09/26 12:38:16.923, P1, 2970, 14001, 31.21, 12, 0x0000000000000000
2026/09/26 12:38:16.985, P1, 2970, 14001, 31.21, 12, 0x0000000000000000
2026/09/26 12:38:17.049, P1, 2970, 14001, 31.21, 12, 0x0000000000000000
2026/09/26 12:38:17.112, P1, 2970, 14001, 31.21, 12, 0x0000000000000000
2026/09/26 12:38:17.175, P1, 2970, 14001, 42.13, 23, 0x0000000000000000
2026/09/26 12:38:17.238, P1, 2970, 14001, 42.13, 23, 0x0000000000000000
2026/09/26 12:38:17.300, P1, 2970, 14001, 42.13, 23, 0x0000000000000000
2026/09/26 12:38:17.363, P1, 2970, 14001, 42.13, 23, 0x0000000000000000
2026/09/26 12:38:17.425, P1, 2970, 14001, 42.13, 23, 0x0000000000000000
2026/09/26 12:38:17.489, P1, 2970, 14001, 42.13, 23, 0x0000000000000000
2026/09/26 12:38:17.551, P1, 2970, 14001, 42.13, 23, 0x0000000000000000
2026/09/26 12:38:17.614, P1, 2970, 14001, 42.13, 23, 0x0000000000000000
2026/09/26 12:38:17.676, P0, 2617, 14201, 38.05, 14, 0x0000000000000000
2026/09/26 12:38:17.741, P0, 2617, 14201, 38.05, 14, 0x0000000000000000
2026/09/26 12:38:17.804, P0, 2617, 14201, 38.05, 14, 0x0000000000000000
2026/09/26 12:38:17.866, P0, 2617, 14201, 38.05, 14, 0x0000000000000000
2026/09/26 12:38:17.930, P0, 2617, 14201, 38.05, 14, 0x0000000000000000
2026/09/26 12:38:17.992, P0, 2617, 14201, 38.05, 14, 0x0000000000000000
2026/09/26 12:38:18.055, P0, 2617, 14201, 38.05, 14, 0x0000000000000000
2026/09/26 12:38:18.118, P0, 2617, 14201, 38.05, 14, 0x0000000000000000
2026/09/26 12:38:18.180, P1, 2970, 14001, 37.12, 17, 0x0000000000000000
2026/09/26 12:38:18.243, P1, 2970, 14001, 37.12, 17, 0x0000000000000000
2026/09/26 12:38:18.306, P1, 2970, 14001, 37.12, 17, 0x0000000000000000
2026/09/26 12:38:18.370, P1, 2970, 14001, 37.12, 17, 0x0000000000000000
2026/09/26 12:38:18.433, P1, 2970, 14001, 37.12, 17, 0x0000000000000000
2026/09/26 12:38:18.496, P1, 2970, 14001, 37.12, 17, 0x0000000000000000
2026/09/26 12:38:18.559, P1, 2970, 14001, 37.12, 17, 0x0000000000000000
2026/09/26 12:38:18.622, P1, 2970, 14001, 37.12, 17, 0x0000000000000000
2026/09/26 12:38:18.684, P1, 2970, 14001, 40.87, 20, 0x0000000000000000
2026/09/26 12:38:18.747, P1, 2970, 14001, 40.87, 20, 0x0000000000000000
2026/09/26 12:38:18.810, P1, 2970, 14001, 40.87, 20, 0x0000000000000000
2026/09/26 12:38:18.872, P1, 2970, 14001, 40.87, 20, 0x0000000000000000
2026/09/26 12:38:18.935, P1, 2970, 14001, 40.87, 20, 0x0000000000000000
2026/09/26 12:38:18.999, P1, 2970, 14001, 40.87, 20, 0x0000000000000000
2026/09/26 12:38:19.061, P1, 2970, 14001, 40.87, 20, 0x0000000000000000
2026/09/26 12:38:19.122, P1, 2970, 14001, 40.87, 20, 0x0000000000000000
2026/09/26 12:38:19.185, P0, 2970, 14201, 41.41, 2, 0x0000000000000000
2026/09/26 12:38:19.247, P0, 2970, 14201, 41.41, 2, 0x0000000000000000
2026/09/26 12:38:19.310, P0, 2970, 14201, 41.41, 2, 0x0000000000000000
2026/09/26 12:38:19.373, P0, 2970, 14201, 41.41, 2, 0x0000000000000000
2026/09/26 12:38:19.435, P0, 2970, 14201, 41.41, 2, 0x0000000000000000
2026/09/26 12:38:19.498, P0, 2970, 14201, 41.41, 2, 0x0000000000000000
2026/09/26 12:38:19.560, P0, 2970, 14201, 41.41, 2, 0x0000000000000000
2026/09/26 12:38:19.621, P0, 2970, 14201, 41.41, 2, 0x0000000000000000
2026/09/26 12:38:19.683, P0, 2535, 14201, 32.61, 0, 0x0000000000000000
2026/09/26 12:38:19.745, P0, 2535, 14201, 32.61, 0, 0x0000000000000000
2026/09/26 12:38:19.809, P0, 2535, 14201, 32.61, 0, 0x0000000000000000
2026/09/26 12:38:19.871, P0, 2535, 14201, 32.61, 0, 0x0000000000000000
2026/09/26 12:38:19.934, P0, 2535, 14201, 32.61, 0, 0x0000000000000000
2026/09/26 12:38:19.996, P0, 2535, 14201, 32.61, 0, 0x0000000000000000
2026/09/26 12:38:20.059, P0, 2535, 14201, 32.61, 0, 0x0000000000000000
2026/09/26 12:38:20.120, P0, 2535, 14201, 32.61, 0, 0x0000000000000000
2026/09/26 12:38:20.181, P3, 2535, 7001, 24.88, 0, 0x0000000000000000
2026/09/26 12:38:20.244, P3, 2535, 7001, 24.88, 0, 0x0000000000000000
2026/09/26 12:38:20.306, P3, 2535, 7001, 24.88, 0, 0x0000000000000000
2026/09/26 12:38:20.369, P3, 2535, 7001, 24.88, 0, 0x0000000000000000
2026/09/26 12:38:20.431, P3, 2535, 7001, 24.88, 0, 0x0000000000000000
2026/09/26 12:38:20.493, P3, 2535, 7001, 24.88, 0, 0x0000000000000000
2026/09/26 12:38:20.555, P3, 2535, 7001, 24.88, 0, 0x0000000000000000
2026/09/26 12:38:20.618, P3, 2535, 7001, 24.88, 0, 0x0000000000000000
2026/09/26 12:38:20.681, P3, 1095, 7001, 19.80, 0, 0x0000000000000000
2026/09/26 12:38:20.743, P3, 1095, 7001, 19.80, 0, 0x0000000000000000
2026/09/26 12:38:20.805, P3, 1095, 7001, 19.80, 0, 0x0000000000000000
2026/09/26 12:38:20.868, P3, 1095, 7001, 19.80, 0, 0x0000000000000000
2026/09/26 12:38:20.931, P3, 1095, 7001, 19.80, 0, 0x0000000000000000
2026/09/26 12:38:20.993, P3, 1095, 7001, 19.80, 0, 0x0000000000000000
2026/09/26 12:38:21.055, P3, 1095, 7001, 19.80, 0, 0x0000000000000000
2026/09/26 12:38:21.117, P3, 1095, 7001, 19.80, 0, 0x0000000000000000
2026/09/26 12:38:21.179, P3, 892, 7001, 15.60, 0, 0x0000000000000000
2026/09/26 12:38:21.241, P3, 892, 7001, 15.60, 0, 0x0000000000000000
2026/09/26 12:38:21.304, P3, 892, 7001, 15.60, 0, 0x0000000000000000
2026/09/26 12:38:21.366, P3, 892, 7001, 15.60, 0, 0x0000000000000000
2026/09/26 12:38:21.428, P3, 892, 7001, 15.60, 0, 0x0000000000000000
2026/09/26 12:38:21.489, P3, 892, 7001, 15.60, 0, 0x0000000000000000
2026/09/26 12:38:21.551, P3, 892, 7001, 15.60, 0, 0x0000000000000000
2026/09/26 12:38:21.613, P3, 892, 7001, 15.60, 0, 0x0000000000000000
2026/09/26 12:38:21.675, P3, 825, 7001, 15.35, 0, 0x0000000000000000
2026/09/26 12:38:21.738, P3, 825, 7001, 15.35, 0, 0x0000000000000000
2026/09/26 12:38:21.800, P3, 825, 7001, 15.35, 0, 0x0000000000000000
2026/09/26 12:38:21.863, P3, 825, 7001, 15.35, 0, 0x0000000000000000
2026/09/26 12:38:21.925, P3, 825, 7001, 15.35, 0, 0x0000000000000000
2026/09/26 12:38:21.988, P3, 825, 7001, 15.35, 0, 0x0000000000000000
2026/09/26 12:38:22.051, P3, 825, 7001, 15.35, 0, 0x0000000000000000
2026/09/26 12:38:22.113, P3, 825, 7001, 15.35, 0, 0x0000000000000000
2026/09/26 12:38:22.176, P0, 705, 14201, 15.74, 2, 0x0000000000000000
2026/09/26 12:38:22.239, P0, 705, 14201, 15.74, 2, 0x0000000000000000
2026/09/26 12:38:22.302, P0, 705, 14201, 15.74, 2, 0x0000000000000000
2026/09/26 12:38:22.364, P0, 705, 14201, 15.74, 2, 0x0000000000000000
2026/09/26 12:38:22.426, P0, 705, 14201, 15.74, 2, 0x0000000000000000
2026/09/26 12:38:22.488, P0, 705, 14201, 15.74, 2, 0x0000000000000000
2026/09/26 12:38:22.550, P0, 705, 14201, 15.74, 2, 0x0000000000000000
2026/09/26 12:38:22.611, P0, 705, 14201, 15.74, 2, 0x0000000000000000
2026/09/26 12:38:22.673, P0, 2535, 14201, 21.31, 0, 0x0000000000000000
2026/09/26 12:38:22.735, P0, 2535, 14201, 21.31, 0, 0x0000000000000000
2026/09/26 12:38:22.797, P0, 2535, 14201, 21.31, 0, 0x0000000000000000
2026/09/26 12:38:22.860, P0, 2535, 14201, 21.31, 0, 0x0000000000000000
2026/09/26 12:38:22.922, P0, 2535, 14201, 21.31, 0, 0x0000000000000000
2026/09/26 12:38:22.984, P0, 2535, 14201, 21.31, 0, 0x0000000000000000
2026/09/26 12:38:23.048, P0, 2535, 14201, 21.31, 0, 0x0000000000000000
2026/09/26 12:38:23.112, P0, 2535, 14201, 21.31, 0, 0x0000000000000000
2026/09/26 12:38:23.174, P0, 2535, 14201, 26.03, 0, 0x0000000000000000
2026/09/26 12:38:23.237, P0, 2535, 14201, 26.03, 0, 0x0000000000000000
2026/09/26 12:38:23.298, P0, 2535, 14201, 26.03, 0, 0x0000000000000000
2026/09/26 12:38:23.360, P0, 2535, 14201, 26.03, 0, 0x0000000000000000
2026/09/26 12:38:23.423, P0, 2535, 14201, 26.03, 0, 0x0000000000000000
2026/09/26 12:38:23.486, P0, 2535, 14201, 26.03, 0, 0x0000000000000000
2026/09/26 12:38:23.549, P0, 2535, 14201, 26.03, 0, 0x0000000000000000
2026/09/26 12:38:23.611, P0, 2535, 14201, 26.03, 0, 0x0000000000000000
2026/09/26 12:38:23.674, P0, 2512, 14201, 25.05, 0, 0x0000000000000000
2026/09/26 12:38:23.737, P0, 2512, 14201, 25.05, 0, 0x0000000000000000
2026/09/26 12:38:23.799, P0, 2512, 14201, 25.05, 0, 0x0000000000000000
2026/09/26 12:38:23.861, P0, 2512, 14201, 25.05, 0, 0x0000000000000000
2026/09/26 12:38:23.923, P0, 2512, 14201, 25.05, 0, 0x0000000000000000
2026/09/26 12:38:23.984, P0, 2512, 14201, 25.05, 0, 0x0000000000000000
2026/09/26 12:38:24.046, P0, 2512, 14201, 25.05, 0, 0x0000000000000000
2026/09/26 12:38:24.109, P0, 2512, 14201, 25.05, 0, 0x0000000000000000
2026/09/26 12:38:24.172, P0, 2512, 14201, 24.77, 0, 0x0000000000000000
2026/09/26 12:38:24.235, P0, 2512, 14201, 24.77, 0, 0x0000000000000000
2026/09/26 12:38:24.297, P0, 2512, 14201, 24.77, 0, 0x0000000000000000
2026/09/26 12:38:24.360, P0, 2512, 14201, 24.77, 0, 0x0000000000000000
2026/09/26 12:38:24.423, P0, 2512, 14201, 24.77, 0, 0x0000000000000000
2026/09/26 12:38:24.486, P0, 2512, 14201, 24.77, 0, 0x0000000000000000
2026/09/26 12:38:24.548, P0, 2512, 14201, 24.77, 0, 0x0000000000000000
2026/09/26 12:38:24.610, P0, 2512, 14201, 24.77, 0, 0x0000000000000000
2026/09/26 12:38:24.673, P0, 2535, 14201, 24.87, 0, 0x0000000000000000
2026/09/26 12:38:24.734, P0, 2535, 14201, 24.87, 0, 0x0000000000000000
2026/09/26 12:38:24.799, P0, 2535, 14201, 24.87, 0, 0x0000000000000000
2026/09/26 12:38:24.861, P0, 2535, 14201, 24.87, 0, 0x0000000000000000
2026/09/26 12:38:24.924, P0, 2535, 14201, 24.87, 0, 0x0000000000000000
2026/09/26 12:38:24.987, P0, 2535, 14201, 24.87, 0, 0x0000000000000000
2026/09/26 12:38:25.049, P0, 2535, 14201, 24.87, 0, 0x0000000000000000
2026/09/26 12:38:25.112, P0, 2535, 14201, 24.87, 0, 0x0000000000000000
2026/09/26 12:38:25.175, P3, 2535, 7001, 24.73, 0, 0x0000000000000000
2026/09/26 12:38:25.237, P3, 2535, 7001, 24.73, 0, 0x0000000000000000
2026/09/26 12:38:25.299, P3, 2535, 7001, 24.73, 0, 0x0000000000000000
2026/09/26 12:38:25.361, P3, 2535, 7001, 24.73, 0, 0x0000000000000000
2026/09/26 12:38:25.424, P3, 2535, 7001, 24.73, 0, 0x0000000000000000
2026/09/26 12:38:25.487, P3, 2535, 7001, 24.73, 0, 0x0000000000000000
2026/09/26 12:38:25.549, P3, 2535, 7001, 24.73, 0, 0x0000000000000000
2026/09/26 12:38:25.612, P3, 2535, 7001, 24.73, 0, 0x0000000000000000
2026/09/26 12:38:25.673, P0, 2070, 14201, 24.18, 7, 0x0000000000000000
2026/09/26 12:38:25.736, P0, 2070, 14201, 24.18, 7, 0x0000000000000000
2026/09/26 12:38:25.798, P0, 2070, 14201, 24.18, 7, 0x0000000000000000
2026/09/26 12:38:25.860, P0, 2070, 14201, 24.18, 7, 0x0000000000000000
2026/09/26 12:38:25.922, P0, 2070, 14201, 24.18, 7, 0x0000000000000000
2026/09/26 12:38:25.986, P0, 2070, 14201, 24.18, 7, 0x0000000000000000
2026/09/26 12:38:26.048, P0, 2070, 14201, 24.18, 7, 0x0000000000000000
2026/09/26 12:38:26.111, P0, 2070, 14201, 24.18, 7, 0x0000000000000000
2026/09/26 12:38:26.173, P1, 2962, 14001, 31.22, 25, 0x0000000000000000
2026/09/26 12:38:26.236, P1, 2962, 14001, 31.22, 25, 0x0000000000000000
2026/09/26 12:38:26.298, P1, 2962, 14001, 31.22, 25, 0x0000000000000000
2026/09/26 12:38:26.363, P1, 2962, 14001, 31.22, 25, 0x0000000000000000
2026/09/26 12:38:26.425, P1, 2962, 14001, 31.22, 25, 0x0000000000000000
2026/09/26 12:38:26.489, P1, 2962, 14001, 31.22, 25, 0x0000000000000000
2026/09/26 12:38:26.551, P1, 2962, 14001, 31.22, 25, 0x0000000000000000
2026/09/26 12:38:26.613, P1, 2962, 14001, 31.22, 25, 0x0000000000000000
2026/09/26 12:38:26.675, P1, 2970, 14001, 40.65, 25, 0x0000000000000000
2026/09/26 12:38:26.737, P1, 2970, 14001, 40.65, 25, 0x0000000000000000
2026/09/26 12:38:26.800, P1, 2970, 14001, 40.65, 25, 0x0000000000000000
2026/09/26 12:38:26.862, P1, 2970, 14001, 40.65, 25, 0x0000000000000000
2026/09/26 12:38:26.926, P1, 2970, 14001, 40.65, 25, 0x0000000000000000
2026/09/26 12:38:26.988, P1, 2970, 14001, 40.65, 25, 0x0000000000000000
2026/09/26 12:38:27.051, P1, 2970, 14001, 40.65, 25, 0x0000000000000000
2026/09/26 12:38:27.113, P1, 2970, 14001, 40.65, 25, 0x0000000000000000
2026/09/26 12:38:27.174, P0, 2805, 14201, 39.97, 3, 0x0000000000000000
2026/09/26 12:38:27.237, P0, 2805, 14201, 39.97, 3, 0x0000000000000000
2026/09/26 12:38:27.300, P0, 2805, 14201, 39.97, 3, 0x0000000000000000
2026/09/26 12:38:27.362, P0, 2805, 14201, 39.97, 3, 0x0000000000000000
2026/09/26 12:38:27.426, P0, 2805, 14201, 39.97, 3, 0x0000000000000000
2026/09/26 12:38:27.487, P0, 2805, 14201, 39.97, 3, 0x0000000000000000
2026/09/26 12:38:27.549, P0, 2805, 14201, 39.97, 3, 0x0000000000000000
2026/09/26 12:38:27.611, P0, 2805, 14201, 39.97, 3, 0x0000000000000000
2026/09/26 12:38:27.674, P0, 2535, 14201, 31.24, 0, 0x0000000000000000
2026/09/26 12:38:27.737, P0, 2535, 14201, 31.24, 0, 0x0000000000000000
2026/09/26 12:38:27.800, P0, 2535, 14201, 31.24, 0, 0x0000000000000000
2026/09/26 12:38:27.861, P0, 2535, 14201, 31.24, 0, 0x0000000000000000
2026/09/26 12:38:27.923, P0, 2535, 14201, 31.24, 0, 0x0000000000000000
2026/09/26 12:38:27.986, P0, 2535, 14201, 31.24, 0, 0x0000000000000000
2026/09/26 12:38:28.047, P0, 2535, 14201, 31.24, 0, 0x0000000000000000
2026/09/26 12:38:28.111, P0, 2535, 14201, 31.24, 0, 0x0000000000000000
2026/09/26 12:38:28.173, P0, 2535, 14201, 25.71, 0, 0x0000000000000000
2026/09/26 12:38:28.236, P0, 2535, 14201, 25.71, 0, 0x0000000000000000
2026/09/26 12:38:28.298, P0, 2535, 14201, 25.71, 0, 0x0000000000000000
2026/09/26 12:38:28.360, P0, 2535, 14201, 25.71, 0, 0x0000000000000000
2026/09/26 12:38:28.422, P0, 2535, 14201, 25.71, 0, 0x0000000000000000
2026/09/26 12:38:28.484, P0, 2535, 14201, 25.71, 0, 0x0000000000000000
2026/09/26 12:38:28.548, P0, 2535, 14201, 25.71, 0, 0x0000000000000000
2026/09/26 12:38:28.610, P0, 2535, 14201, 25.71, 0, 0x0000000000000000
2026/09/26 12:38:28.673, P0, 2535, 14201, 25.30, 0, 0x0000000000000000
2026/09/26 12:38:28.735, P0, 2535, 14201, 25.30, 0, 0x0000000000000000
2026/09/26 12:38:28.797, P0, 2535, 14201, 25.30, 0, 0x0000000000000000
2026/09/26 12:38:28.860, P0, 2535, 14201, 25.30, 0, 0x0000000000000000
2026/09/26 12:38:28.922, P0, 2535, 14201, 25.30, 0, 0x0000000000000000
2026/09/26 12:38:28.984, P0, 2535, 14201, 25.30, 0, 0x0000000000000000
2026/09/26 12:38:29.047, P0, 2535, 14201, 25.30, 0, 0x0000000000000000
2026/09/26 12:38:29.109, P0, 2535, 14201, 25.30, 0, 0x0000000000000000
2026/09/26 12:38:29.172, P3, 2535, 7001, 24.71, 0, 0x0000000000000000
2026/09/26 12:38:29.234, P3, 2535, 7001, 24.71, 0, 0x0000000000000000
2026/09/26 12:38:29.296, P3, 2535, 7001, 24.71, 0, 0x0000000000000000
2026/09/26 12:38:29.358, P3, 2535, 7001, 24.71, 0, 0x0000000000000000
2026/09/26 12:38:29.420, P3, 2535, 7001, 24.71, 0, 0x0000000000000000
2026/09/26 12:38:29.482, P3, 2535, 7001, 24.71, 0, 0x0000000000000000
2026/09/26 12:38:29.546, P3, 2535, 7001, 24.71, 0, 0x0000000000000000
2026/09/26 12:38:29.607, P3, 2535, 7001, 24.71, 0, 0x0000000000000000
2026/09/26 12:38:29.669, P3, 870, 7001, 19.63, 0, 0x0000000000000000
2026/09/26 12:38:29.731, P3, 870, 7001, 19.63, 0, 0x0000000000000000
2026/09/26 12:38:29.793, P3, 870, 7001, 19.63, 0, 0x0000000000000000
2026/09/26 12:38:29.855, P3, 870, 7001, 19.63, 0, 0x0000000000000000
2026/09/26 12:38:29.919, P3, 870, 7001, 19.63, 0, 0x0000000000000000
2026/09/26 12:38:29.981, P3, 870, 7001, 19.63, 0, 0x0000000000000000
2026/09/26 12:38:30.043, P3, 870, 7001, 19.63, 0, 0x0000000000000000
2026/09/26 12:38:30.106, P3, 870, 7001, 19.63, 0, 0x0000000000000000
2026/09/26 12:38:30.168, P0, 712, 14201, 15.47, 2, 0x0000000000000000
2026/09/26 12:38:30.231, P0, 712, 14201, 15.47, 2, 0x0000000000000000
2026/09/26 12:38:30.295, P0, 712, 14201, 15.47, 2, 0x0000000000000000
2026/09/26 12:38:30.358, P0, 712, 14201, 15.47, 2, 0x0000000000000000
2026/09/26 12:38:30.422, P0, 712, 14201, 15.47, 2, 0x0000000000000000
2026/09/26 12:38:30.485, P0, 712, 14201, 15.47, 2, 0x0000000000000000
2026/09/26 12:38:30.547, P0, 712, 14201, 15.47, 2, 0x0000000000000000
2026/09/26 12:38:30.610, P0, 712, 14201, 15.47, 2, 0x0000000000000000
2026/09/26 12:38:30.672, P1, 2662, 14001, 24.00, 17, 0x0000000000000000
2026/09/26 12:38:30.734, P1, 2662, 14001, 24.00, 17, 0x0000000000000000
2026/09/26 12:38:30.797, P1, 2662, 14001, 24.00, 17, 0x0000000000000000
2026/09/26 12:38:30.858, P1, 2662, 14001, 24.00, 17, 0x0000000000000000
2026/09/26 12:38:30.920, P1, 2662, 14001, 24.00, 17, 0x0000000000000000
2026/09/26 12:38:30.983, P1, 2662, 14001, 24.00, 17, 0x0000000000000000
2026/09/26 12:38:31.046, P1, 2662, 14001, 24.00, 17, 0x0000000000000000
2026/09/26 12:38:31.108, P1, 2662, 14001, 24.00, 17, 0x0000000000000000
2026/09/26 12:38:31.171, P1, 2970, 14001, 35.84, 21, 0x0000000000000000
2026/09/26 12:38:31.234, P1, 2970, 14001, 35.84, 21, 0x0000000000000000
2026/09/26 12:38:31.296, P1, 2970, 14001, 35.84, 21, 0x0000000000000000
2026/09/26 12:38:31.359, P1, 2970, 14001, 35.84, 21, 0x0000000000000000
2026/09/26 12:38:31.422, P1, 2970, 14001, 35.84, 21, 0x0000000000000000
2026/09/26 12:38:31.486, P1, 2970, 14001, 35.84, 21, 0x0000000000000000
2026/09/26 12:38:31.547, P1, 2970, 14001, 35.84, 21, 0x0000000000000000
2026/09/26 12:38:31.610, P1, 2970, 14001, 35.84, 21, 0x0000000000000000
2026/09/26 12:38:31.672, P1, 2970, 14001, 42.75, 21, 0x0000000000000000
2026/09/26 12:38:31.735, P1, 2970, 14001, 42.75, 21, 0x0000000000000000
2026/09/26 12:38:31.798, P1, 2970, 14001, 42.75, 21, 0x0000000000000000
2026/09/26 12:38:31.860, P1, 2970, 14001, 42.75, 21, 0x0000000000000000
2026/09/26 12:38:31.923, P1, 2970, 14001, 42.75, 21, 0x0000000000000000
2026/09/26 12:38:31.984, P1, 2970, 14001, 42.75, 21, 0x0000000000000000
2026/09/26 12:38:32.047, P1, 2970, 14001, 42.75, 21, 0x0000000000000000
2026/09/26 12:38:32.110, P1, 2970, 14001, 42.75, 21, 0x0000000000000000
2026/09/26 12:38:32.174, P1, 2925, 14001, 41.18, 10, 0x0000000000000000
2026/09/26 12:38:32.237, P1, 2925, 14001, 41.18, 10, 0x0000000000000000
2026/09/26 12:38:32.300, P1, 2925, 14001, 41.18, 10, 0x0000000000000000
2026/09/26 12:38:32.363, P1, 2925, 14001, 41.18, 10, 0x0000000000000000
2026/09/26 12:38:32.424, P1, 2925, 14001, 41.18, 10, 0x0000000000000000
2026/09/26 12:38:32.486, P1, 2925, 14001, 41.18, 10, 0x0000000000000000
2026/09/26 12:38:32.548, P1, 2925, 14001, 41.18, 10, 0x0000000000000000
2026/09/26 12:38:32.611, P1, 2925, 14001, 41.18, 10, 0x0000000000000000
2026/09/26 12:38:32.674, P1, 2970, 14001, 41.25, 14, 0x0000000000000000
2026/09/26 12:38:32.736, P1, 2970, 14001, 41.25, 14, 0x0000000000000000
2026/09/26 12:38:32.800, P1, 2970, 14001, 41.25, 14, 0x0000000000000000
2026/09/26 12:38:32.864, P1, 2970, 14001, 41.25, 14, 0x0000000000000000
2026/09/26 12:38:32.926, P1, 2970, 14001, 41.25, 14, 0x0000000000000000
2026/09/26 12:38:32.989, P1, 2970, 14001, 41.25, 14, 0x0000000000000000
2026/09/26 12:38:33.053, P1, 2970, 14001, 41.25, 14, 0x0000000000000000
2026/09/26 12:38:33.116, P1, 2970, 14001, 41.25, 14, 0x0000000000000000
2026/09/26 12:38:33.179, P0, 2970, 14201, 42.86, 21, 0x0000000000000000
2026/09/26 12:38:33.241, P0, 2970, 14201, 42.86, 21, 0x0000000000000000
2026/09/26 12:38:33.303, P0, 2970, 14201, 42.86, 21, 0x0000000000000000
2026/09/26 12:38:33.367, P0, 2970, 14201, 42.86, 21, 0x0000000000000000
2026/09/26 12:38:33.429, P0, 2970, 14201, 42.86, 21, 0x0000000000000000
2026/09/26 12:38:33.492, P0, 2970, 14201, 42.86, 21, 0x0000000000000000
2026/09/26 12:38:33.555, P0, 2970, 14201, 42.86, 21, 0x0000000000000000
2026/09/26 12:38:33.618, P0, 2970, 14201, 42.86, 21, 0x0000000000000000
2026/09/26 12:38:33.679, P0, 2632, 14201, 38.05, 9, 0x0000000000000000
2026/09/26 12:38:33.741, P0, 2632, 14201, 38.05, 9, 0x0000000000000000
2026/09/26 12:38:33.804, P0, 2632, 14201, 38.05, 9, 0x0000000000000000
2026/09/26 12:38:33.866, P0, 2632, 14201, 38.05, 9, 0x0000000000000000
2026/09/26 12:38:33.929, P0, 2632, 14201, 38.05, 9, 0x0000000000000000
2026/09/26 12:38:33.991, P0, 2632, 14201, 38.05, 9, 0x0000000000000000
2026/09/26 12:38:34.054, P0, 2632, 14201, 38.05, 9, 0x0000000000000000
2026/09/26 12:38:34.116, P0, 2632, 14201, 38.05, 9, 0x0000000000000000
2026/09/26 12:38:34.177, P0, 2535, 14201, 29.52, 0, 0x0000000000000000
2026/09/26 12:38:34.239, P0, 2535, 14201, 29.52, 0, 0x0000000000000000
2026/09/26 12:38:34.301, P0, 2535, 14201, 29.52, 0, 0x0000000000000000
2026/09/26 12:38:34.363, P0, 2535, 14201, 29.52, 0, 0x0000000000000000
2026/09/26 12:38:34.426, P0, 2535, 14201, 29.52, 0, 0x0000000000000000
2026/09/26 12:38:34.488, P0, 2535, 14201, 29.52, 0, 0x0000000000000000
2026/09/26 12:38:34.551, P0, 2535, 14201, 29.52, 0, 0x0000000000000000
2026/09/26 12:38:34.613, P0, 2535, 14201, 29.52, 0, 0x0000000000000000
2026/09/26 12:38:34.675, P0, 2535, 14201, 27.11, 0, 0x0000000000000000
2026/09/26 12:38:34.737, P0, 2535, 14201, 27.11, 0, 0x0000000000000000
2026/09/26 12:38:34.798, P0, 2535, 14201, 27.11, 0, 0x0000000000000000
2026/09/26 12:38:34.861, P0, 2535, 14201, 27.11, 0, 0x0000000000000000
2026/09/26 12:38:34.923, P0, 2535, 14201, 27.11, 0, 0x0000000000000000
2026/09/26 12:38:34.985, P0, 2535, 14201, 27.11, 0, 0x0000000000000000
2026/09/26 12:38:35.047, P0, 2535, 14201, 27.11, 0, 0x0000000000000000
2026/09/26 12:38:35.109, P0, 2535, 14201, 27.11, 0, 0x0000000000000000
2026/09/26 12:38:35.170, P0, 2535, 14201, 25.49, 0, 0x0000000000000000
2026/09/26 12:38:35.233, P0, 2535, 14201, 25.49, 0, 0x0000000000000000
2026/09/26 12:38:35.295, P0, 2535, 14201, 25.49, 0, 0x0000000000000000
2026/09/26 12:38:35.358, P0, 2535, 14201, 25.49, 0, 0x0000000000000000
2026/09/26 12:38:35.420, P0, 2535, 14201, 25.49, 0, 0x0000000000000000
2026/09/26 12:38:35.483, P0, 2535, 14201, 25.49, 0, 0x0000000000000000
2026/09/26 12:38:35.544, P0, 2535, 14201, 25.49, 0, 0x0000000000000000
2026/09/26 12:38:35.607, P0, 2535, 14201, 25.49, 0, 0x0000000000000000
2026/09/26 12:38:35.670, P0, 2505, 14201, 25.31, 0, 0x0000000000000000
2026/09/26 12:38:35.732, P0, 2505, 14201, 25.31, 0, 0x0000000000000000
2026/09/26 12:38:35.795, P0, 2505, 14201, 25.31, 0, 0x0000000000000000
2026/09/26 12:38:35.857, P0, 2505, 14201, 25.31, 0, 0x0000000000000000
2026/09/26 12:38:35.920, P0, 2505, 14201, 25.31, 0, 0x0000000000000000
2026/09/26 12:38:35.982, P0, 2505, 14201, 25.31, 0, 0x0000000000000000
2026/09/26 12:38:36.045, P0, 2505, 14201, 25.31, 0, 0x0000000000000000
2026/09/26 12:38:36.107, P0, 2505, 14201, 25.31, 0, 0x0000000000000000
2026/09/26 12:38:36.169, P3, 2505, 7001, 24.50, 0, 0x0000000000000000
2026/09/26 12:38:36.231, P3, 2505, 7001, 24.50, 0, 0x0000000000000000
2026/09/26 12:38:36.294, P3, 2505, 7001, 24.50, 0, 0x0000000000000000
2026/09/26 12:38:36.357, P3, 2505, 7001, 24.50, 0, 0x0000000000000000
2026/09/26 12:38:36.419, P3, 2505, 7001, 24.50, 0, 0x0000000000000000
2026/09/26 12:38:36.481, P3, 2505, 7001, 24.50, 0, 0x0000000000000000
2026/09/26 12:38:36.544, P3, 2505, 7001, 24.50, 0, 0x0000000000000000
2026/09/26 12:38:36.605, P3, 2505, 7001, 24.50, 0, 0x0000000000000000
2026/09/26 12:38:36.668, P3, 855, 7001, 20.27, 0, 0x0000000000000000
2026/09/26 12:38:36.730, P3, 855, 7001, 20.27, 0, 0x0000000000000000
2026/09/26 12:38:36.792, P3, 855, 7001, 20.27, 0, 0x0000000000000000
2026/09/26 12:38:36.855, P3, 855, 7001, 20.27, 0, 0x0000000000000000
2026/09/26 12:38:36.918, P3, 855, 7001, 20.27, 0, 0x0000000000000000
2026/09/26 12:38:36.980, P3, 855, 7001, 20.27, 0, 0x0000000000000000
2026/09/26 12:38:37.043, P3, 855, 7001, 20.27, 0, 0x0000000000000000
2026/09/26 12:38:37.107, P3, 855, 7001, 20.27, 0, 0x0000000000000000
2026/09/26 12:38:37.170, P1, 2865, 14001, 25.05, 25, 0x0000000000000000
2026/09/26 12:38:37.233, P1, 2865, 14001, 25.05, 25, 0x0000000000000000
2026/09/26 12:38:37.298, P1, 2865, 14001, 25.05, 25, 0x0000000000000000
2026/09/26 12:38:37.361, P1, 2865, 14001, 25.05, 25, 0x0000000000000000
2026/09/26 12:38:37.423, P1, 2865, 14001, 25.05, 25, 0x0000000000000000
2026/09/26 12:38:37.485, P1, 2865, 14001, 25.05, 25, 0x0000000000000000
2026/09/26 12:38:37.549, P1, 2865, 14001, 25.05, 25, 0x0000000000000000
2026/09/26 12:38:37.612, P1, 2865, 14001, 25.05, 25, 0x0000000000000000
2026/09/26 12:38:37.674, P1, 2970, 14001, 38.61, 20, 0x0000000000000000
2026/09/26 12:38:37.737, P1, 2970, 14001, 38.61, 20, 0x0000000000000000
2026/09/26 12:38:37.800, P1, 2970, 14001, 38.61, 20, 0x0000000000000000
2026/09/26 12:38:37.862, P1, 2970, 14001, 38.61, 20, 0x0000000000000000
2026/09/26 12:38:37.925, P1, 2970, 14001, 38.61, 20, 0x0000000000000000
2026/09/26 12:38:37.988, P1, 2970, 14001, 38.61, 20, 0x0000000000000000
2026/09/26 12:38:38.051, P1, 2970, 14001, 38.61, 20, 0x0000000000000000
2026/09/26 12:38:38.115, P1, 2970, 14001, 38.61, 20, 0x0000000000000000
2026/09/26 12:38:38.178, P0, 2812, 14201, 40.55, 2, 0x0000000000000000
2026/09/26 12:38:38.239, P0, 2812, 14201, 40.55, 2, 0x0000000000000000
2026/09/26 12:38:38.301, P0, 2812, 14201, 40.55, 2, 0x0000000000000000
2026/09/26 12:38:38.363, P0, 2812, 14201, 40.55, 2, 0x0000000000000000
2026/09/26 12:38:38.425, P0, 2812, 14201, 40.55, 2, 0x0000000000000000
2026/09/26 12:38:38.487, P0, 2812, 14201, 40.55, 2, 0x0000000000000000
2026/09/26 12:38:38.548, P0, 2812, 14201, 40.55, 2, 0x0000000000000000
2026/09/26 12:38:38.611, P0, 2812, 14201, 40.55, 2, 0x0000000000000000
2026/09/26 12:38:38.673, P0, 2512, 14201, 31.32, 0, 0x0000000000000000
2026/09/26 12:38:38.736, P0, 2512, 14201, 31.32, 0, 0x0000000000000000
2026/09/26 12:38:38.798, P0, 2512, 14201, 31.32, 0, 0x0000000000000000
2026/09/26 12:38:38.862, P0, 2512, 14201, 31.32, 0, 0x0000000000000000
2026/09/26 12:38:38.923, P0, 2512, 14201, 31.32, 0, 0x0000000000000000
2026/09/26 12:38:38.985, P0, 2512, 14201, 31.32, 0, 0x0000000000000000
2026/09/26 12:38:39.046, P0, 2512, 14201, 31.32, 0, 0x0000000000000000
2026/09/26 12:38:39.107, P0, 2512, 14201, 31.32, 0, 0x0000000000000000
2026/09/26 12:38:39.169, P0, 2512, 14201, 25.49, 0, 0x0000000000000000
2026/09/26 12:38:39.231, P0, 2512, 14201, 25.49, 0, 0x0000000000000000
2026/09/26 12:38:39.294, P0, 2512, 14201, 25.49, 0, 0x0000000000000000
2026/09/26 12:38:39.357, P0, 2512, 14201, 25.49, 0, 0x0000000000000000
2026/09/26 12:38:39.421, P0, 2512, 14201, 25.49, 0, 0x0000000000000000
2026/09/26 12:38:39.485, P0, 2512, 14201, 25.49, 0, 0x0000000000000000
2026/09/26 12:38:39.547, P0, 2512, 14201, 25.49, 0, 0x0000000000000000
2026/09/26 12:38:39.609, P0, 2512, 14201, 25.49, 0, 0x0000000000000000
2026/09/26 12:38:39.673, P0, 2535, 14201, 25.28, 0, 0x0000000000000000
2026/09/26 12:38:39.735, P0, 2535, 14201, 25.28, 0, 0x0000000000000000
2026/09/26 12:38:39.797, P0, 2535, 14201, 25.28, 0, 0x0000000000000000
2026/09/26 12:38:39.860, P0, 2535, 14201, 25.28, 0, 0x0000000000000000
2026/09/26 12:38:39.922, P0, 2535, 14201, 25.28, 0, 0x0000000000000000
2026/09/26 12:38:39.986, P0, 2535, 14201, 25.28, 0, 0x0000000000000000
2026/09/26 12:38:40.048, P0, 2535, 14201, 25.28, 0, 0x0000000000000000
2026/09/26 12:38:40.112, P0, 2535, 14201, 25.28, 0, 0x0000000000000000
2026/09/26 12:38:40.174, P3, 2535, 7001, 25.07, 0, 0x0000000000000000
2026/09/26 12:38:40.237, P3, 2535, 7001, 25.07, 0, 0x0000000000000000
2026/09/26 12:38:40.298, P3, 2535, 7001, 25.07, 0, 0x0000000000000000
2026/09/26 12:38:40.359, P3, 2535, 7001, 25.07, 0, 0x0000000000000000
2026/09/26 12:38:40.421, P3, 2535, 7001, 25.07, 0, 0x0000000000000000
2026/09/26 12:38:40.482, P3, 2535, 7001, 25.07, 0, 0x0000000000000000
2026/09/26 12:38:40.544, P3, 2535, 7001, 25.07, 0, 0x0000000000000000
2026/09/26 12:38:40.605, P3, 2535, 7001, 25.07, 0, 0x0000000000000000
2026/09/26 12:38:40.667, P3, 990, 7001, 20.24, 0, 0x0000000000000000
2026/09/26 12:38:40.729, P3, 990, 7001, 20.24, 0, 0x0000000000000000
2026/09/26 12:38:40.791, P3, 990, 7001, 20.24, 0, 0x0000000000000000
2026/09/26 12:38:40.853, P3, 990, 7001, 20.24, 0, 0x0000000000000000
2026/09/26 12:38:40.916, P3, 990, 7001, 20.24, 0, 0x0000000000000000
2026/09/26 12:38:40.978, P3, 990, 7001, 20.24, 0, 0x0000000000000000
2026/09/26 12:38:41.041, P3, 990, 7001, 20.24, 0, 0x0000000000000000
2026/09/26 12:38:41.104, P3, 990, 7001, 20.24, 0, 0x0000000000000000
2026/09/26 12:38:41.167, P0, 840, 14201, 16.39, 2, 0x0000000000000000
2026/09/26 12:38:41.231, P0, 840, 14201, 16.39, 2, 0x0000000000000000
2026/09/26 12:38:41.293, P0, 840, 14201, 16.39, 2, 0x0000000000000000
2026/09/26 12:38:41.356, P0, 840, 14201, 16.39, 2, 0x0000000000000000
2026/09/26 12:38:41.420, P0, 840, 14201, 16.39, 2, 0x0000000000000000
2026/09/26 12:38:41.482, P0, 840, 14201, 16.39, 2, 0x0000000000000000
2026/09/26 12:38:41.545, P0, 840, 14201, 16.39, 2, 0x0000000000000000
2026/09/26 12:38:41.608, P0, 840, 14201, 16.39, 2, 0x0000000000000000
2026/09/26 12:38:41.671, P1, 2767, 14001, 23.55, 6, 0x0000000000000000
2026/09/26 12:38:41.733, P1, 2767, 14001, 23.55, 6, 0x0000000000000000
2026/09/26 12:38:41.796, P1, 2767, 14001, 23.55, 6, 0x0000000000000000
2026/09/26 12:38:41.860, P1, 2767, 14001, 23.55, 6, 0x0000000000000000
2026/09/26 12:38:41.922, P1, 2767, 14001, 23.55, 6, 0x0000000000000000
2026/09/26 12:38:41.986, P1, 2767, 14001, 23.55, 6, 0x0000000000000000
2026/09/26 12:38:42.048, P1, 2767, 14001, 23.55, 6, 0x0000000000000000
2026/09/26 12:38:42.111, P1, 2767, 14001, 23.55, 6, 0x0000000000000000
2026/09/26 12:38:42.173, P1, 2970, 14001, 35.86, 16, 0x0000000000000000
2026/09/26 12:38:42.236, P1, 2970, 14001, 35.86, 16, 0x0000000000000000
2026/09/26 12:38:42.298, P1, 2970, 14001, 35.86, 16, 0x0000000000000000
2026/09/26 12:38:42.361, P1, 2970, 14001, 35.86, 16, 0x0000000000000000
2026/09/26 12:38:42.424, P1, 2970, 14001, 35.86, 16, 0x0000000000000000
2026/09/26 12:38:42.486, P1, 2970, 14001, 35.86, 16, 0x0000000000000000
2026/09/26 12:38:42.548, P1, 2970, 14001, 35.86, 16, 0x0000000000000000
2026/09/26 12:38:42.611, P1, 2970, 14001, 35.86, 16, 0x0000000000000000
2026/09/26 12:38:42.674, P0, 2970, 14001, 43.03, 26, 0x0000000000000000
2026/09/26 12:38:42.737, P0, 2970, 14001, 43.03, 26, 0x0000000000000000
2026/09/26 12:38:42.800, P0, 2970, 14001, 43.03, 26, 0x0000000000000000
2026/09/26 12:38:42.863, P0, 2970, 14001, 43.03, 26, 0x0000000000000000
2026/09/26 12:38:42.923, P0, 2970, 14001, 43.03, 26, 0x0000000000000000
2026/09/26 12:38:42.985, P0, 2970, 14001, 43.03, 26, 0x0000000000000000
2026/09/26 12:38:43.049, P0, 2970, 14001, 43.03, 26, 0x0000000000000000
2026/09/26 12:38:43.111, P0, 2970, 14001, 43.03, 26, 0x0000000000000000
2026/09/26 12:38:43.172, P0, 2535, 14201, 36.47, 0, 0x0000000000000000
2026/09/26 12:38:43.234, P0, 2535, 14201, 36.47, 0, 0x0000000000000000
2026/09/26 12:38:43.297, P0, 2535, 14201, 36.47, 0, 0x0000000000000000
2026/09/26 12:38:43.360, P0, 2535, 14201, 36.47, 0, 0x0000000000000000
2026/09/26 12:38:43.421, P0, 2535, 14201, 36.47, 0, 0x0000000000000000
2026/09/26 12:38:43.485, P0, 2535, 14201, 36.47, 0, 0x0000000000000000
2026/09/26 12:38:43.548, P0, 2535, 14201, 36.47, 0, 0x0000000000000000
2026/09/26 12:38:43.609, P0, 2535, 14201, 36.47, 0, 0x0000000000000000
2026/09/26 12:38:43.672, P0, 2535, 14201, 28.52, 0, 0x0000000000000000
2026/09/26 12:38:43.734, P0, 2535, 14201, 28.52, 0, 0x0000000000000000
2026/09/26 12:38:43.797, P0, 2535, 14201, 28.52, 0, 0x0000000000000000
2026/09/26 12:38:43.859, P0, 2535, 14201, 28.52, 0, 0x0000000000000000
2026/09/26 12:38:43.922, P0, 2535, 14201, 28.52, 0, 0x0000000000000000
2026/09/26 12:38:43.985, P0, 2535, 14201, 28.52, 0, 0x0000000000000000
2026/09/26 12:38:44.045, P0, 2535, 14201, 28.52, 0, 0x0000000000000000
2026/09/26 12:38:44.108, P0, 2535, 14201, 28.52, 0, 0x0000000000000000
2026/09/26 12:38:44.170, P3, 2535, 7001, 24.97, 0, 0x0000000000000000
2026/09/26 12:38:44.232, P3, 2535, 7001, 24.97, 0, 0x0000000000000000
2026/09/26 12:38:44.294, P3, 2535, 7001, 24.97, 0, 0x0000000000000000
2026/09/26 12:38:44.357, P3, 2535, 7001, 24.97, 0, 0x0000000000000000
2026/09/26 12:38:44.419, P3, 2535, 7001, 24.97, 0, 0x0000000000000000
2026/09/26 12:38:44.482, P3, 2535, 7001, 24.97, 0, 0x0000000000000000
2026/09/26 12:38:44.544, P3, 2535, 7001, 24.97, 0, 0x0000000000000000
2026/09/26 12:38:44.605, P3, 2535, 7001, 24.97, 0, 0x0000000000000000
2026/09/26 12:38:44.668, P3, 1072, 7001, 19.79, 0, 0x0000000000000000
2026/09/26 12:38:44.730, P3, 1072, 7001, 19.79, 0, 0x0000000000000000
2026/09/26 12:38:44.792, P3, 1072, 7001, 19.79, 0, 0x0000000000000000
2026/09/26 12:38:44.855, P3, 1072, 7001, 19.79, 0, 0x0000000000000000
2026/09/26 12:38:44.919, P3, 1072, 7001, 19.79, 0, 0x0000000000000000
2026/09/26 12:38:44.981, P3, 1072, 7001, 19.79, 0, 0x0000000000000000
2026/09/26 12:38:45.044, P3, 1072, 7001, 19.79, 0, 0x0000000000000000
2026/09/26 12:38:45.106, P3, 1072, 7001, 19.79, 0, 0x0000000000000000
2026/09/26 12:38:45.168, P3, 862, 7001, 15.03, 0, 0x0000000000000000
2026/09/26 12:38:45.231, P3, 862, 7001, 15.03, 0, 0x0000000000000000
2026/09/26 12:38:45.293, P3, 862, 7001, 15.03, 0, 0x0000000000000000
2026/09/26 12:38:45.355, P3, 862, 7001, 15.03, 0, 0x0000000000000000
2026/09/26 12:38:45.417, P3, 862, 7001, 15.03, 0, 0x0000000000000000
2026/09/26 12:38:45.478, P3, 862, 7001, 15.03, 0, 0x0000000000000000
2026/09/26 12:38:45.541, P3, 862, 7001, 15.03, 0, 0x0000000000000000
2026/09/26 12:38:45.603, P3, 862, 7001, 15.03, 0, 0x0000000000000000
2026/09/26 12:38:45.666, P3, 810, 7001, 15.35, 0, 0x0000000000000000
2026/09/26 12:38:45.728, P3, 810, 7001, 15.35, 0, 0x0000000000000000
2026/09/26 12:38:45.792, P3, 810, 7001, 15.35, 0, 0x0000000000000000
2026/09/26 12:38:45.855, P3, 810, 7001, 15.35, 0, 0x0000000000000000
2026/09/26 12:38:45.916, P3, 810, 7001, 15.35, 0, 0x0000000000000000
2026/09/26 12:38:45.979, P3, 810, 7001, 15.35, 0, 0x0000000000000000
2026/09/26 12:38:46.042, P3, 810, 7001, 15.35, 0, 0x0000000000000000
2026/09/26 12:38:46.104, P3, 810, 7001, 15.35, 0, 0x0000000000000000
2026/09/26 12:38:46.165, P0, 2790, 14201, 21.32, 4, 0x0000000000000000
2026/09/26 12:38:46.228, P0, 2790, 14201, 21.32, 4, 0x0000000000000000
2026/09/26 12:38:46.290, P0, 2790, 14201, 21.32, 4, 0x0000000000000000
2026/09/26 12:38:46.351, P0, 2790, 14201, 21.32, 4, 0x0000000000000000
2026/09/26 12:38:46.413, P0, 2790, 14201, 21.32, 4, 0x0000000000000000
2026/09/26 12:38:46.475, P0, 2790, 14201, 21.32, 4, 0x0000000000000000
2026/09/26 12:38:46.537, P0, 2790, 14201, 21.32, 4, 0x0000000000000000
2026/09/26 12:38:46.602, P0, 2790, 14201, 21.32, 4, 0x0000000000000000
2026/09/26 12:38:46.666, P1, 2632, 14001, 28.04, 5, 0x0000000000000000
2026/09/26 12:38:46.727, P1, 2632, 14001, 28.04, 5, 0x0000000000000000
2026/09/26 12:38:46.790, P1, 2632, 14001, 28.04, 5, 0x0000000000000000
2026/09/26 12:38:46.852, P1, 2632, 14001, 28.04, 5, 0x0000000000000000
2026/09/26 12:38:46.915, P1, 2632, 14001, 28.04, 5, 0x0000000000000000
2026/09/26 12:38:46.978, P1, 2632, 14001, 28.04, 5, 0x0000000000000000
2026/09/26 12:38:47.040, P1, 2632, 14001, 28.04, 5, 0x0000000000000000
2026/09/26 12:38:47.103, P1, 2632, 14001, 28.04, 5, 0x0000000000000000
2026/09/26 12:38:47.166, P1, 2970, 14001, 36.65, 9, 0x0000000000000000
2026/09/26 12:38:47.229, P1, 2970, 14001, 36.65, 9, 0x0000000000000000
2026/09/26 12:38:47.292, P1, 2970, 14001, 36.65, 9, 0x0000000000000000
2026/09/26 12:38:47.354, P1, 2970, 14001, 36.65, 9, 0x0000000000000000
2026/09/26 12:38:47.417, P1, 2970, 14001, 36.65, 9, 0x0000000000000000
2026/09/26 12:38:47.480, P1, 2970, 14001, 36.65, 9, 0x0000000000000000
2026/09/26 12:38:47.542, P1, 2970, 14001, 36.65, 9, 0x0000000000000000
2026/09/26 12:38:47.605, P1, 2970, 14001, 36.65, 9, 0x0000000000000000
2026/09/26 12:38:47.668, P1, 2970, 14001, 42.88, 22, 0x0000000000000000
2026/09/26 12:38:47.731, P1, 2970, 14001, 42.88, 22, 0x0000000000000000
2026/09/26 12:38:47.794, P1, 2970, 14001, 42.88, 22, 0x0000000000000000
2026/09/26 12:38:47.857, P1, 2970, 14001, 42.88, 22, 0x0000000000000000
2026/09/26 12:38:47.922, P1, 2970, 14001, 42.88, 22, 0x0000000000000000
2026/09/26 12:38:47.984, P1, 2970, 14001, 42.88, 22, 0x0000000000000000
2026/09/26 12:38:48.046, P1, 2970, 14001, 42.88, 22, 0x0000000000000000
2026/09/26 12:38:48.107, P1, 2970, 14001, 42.88, 22, 0x0000000000000000
2026/09/26 12:38:48.169, P0, 2775, 14201, 39.46, 0, 0x0000000000000000
2026/09/26 12:38:48.232, P0, 2775, 14201, 39.46, 0, 0x0000000000000000
2026/09/26 12:38:48.296, P0, 2775, 14201, 39.46, 0, 0x0000000000000000
2026/09/26 12:38:48.358, P0, 2775, 14201, 39.46, 0, 0x0000000000000000
2026/09/26 12:38:48.420, P0, 2775, 14201, 39.46, 0, 0x0000000000000000
2026/09/26 12:38:48.482, P0, 2775, 14201, 39.46, 0, 0x0000000000000000
2026/09/26 12:38:48.544, P0, 2775, 14201, 39.46, 0, 0x0000000000000000
2026/09/26 12:38:48.607, P0, 2775, 14201, 39.46, 0, 0x0000000000000000
2026/09/26 12:38:48.669, P0, 2535, 14201, 31.88, 0, 0x0000000000000000
2026/09/26 12:38:48.731, P0, 2535, 14201, 31.88, 0, 0x0000000000000000
2026/09/26 12:38:48.794, P0, 2535, 14201, 31.88, 0, 0x0000000000000000
2026/09/26 12:38:48.855, P0, 2535, 14201, 31.88, 0, 0x0000000000000000
2026/09/26 12:38:48.919, P0, 2535, 14201, 31.88, 0, 0x0000000000000000
2026/09/26 12:38:48.981, P0, 2535, 14201, 31.88, 0, 0x0000000000000000
2026/09/26 12:38:49.044, P0, 2535, 14201, 31.88, 0, 0x0000000000000000
2026/09/26 12:38:49.107, P0, 2535, 14201, 31.88, 0, 0x0000000000000000
2026/09/26 12:38:49.169, P0, 2535, 14201, 25.59, 0, 0x0000000000000000
2026/09/26 12:38:49.232, P0, 2535, 14201, 25.59, 0, 0x0000000000000000
2026/09/26 12:38:49.294, P0, 2535, 14201, 25.59, 0, 0x0000000000000000
2026/09/26 12:38:49.356, P0, 2535, 14201, 25.59, 0, 0x0000000000000000
2026/09/26 12:38:49.418, P0, 2535, 14201, 25.59, 0, 0x0000000000000000
2026/09/26 12:38:49.481, P0, 2535, 14201, 25.59, 0, 0x0000000000000000
2026/09/26 12:38:49.542, P0, 2535, 14201, 25.59, 0, 0x0000000000000000
2026/09/26 12:38:49.604, P0, 2535, 14201, 25.59, 0, 0x0000000000000000
2026/09/26 12:38:49.667, P0, 2535, 14201, 25.57, 0, 0x0000000000000000
2026/09/26 12:38:49.729, P0, 2535, 14201, 25.57, 0, 0x0000000000000000
2026/09/26 12:38:49.791, P0, 2535, 14201, 25.57, 0, 0x0000000000000000
2026/09/26 12:38:49.854, P0, 2535, 14201, 25.57, 0, 0x0000000000000000
2026/09/26 12:38:49.917, P0, 2535, 14201, 25.57, 0, 0x0000000000000000
2026/09/26 12:38:49.979, P0, 2535, 14201, 25.57, 0, 0x0000000000000000
2026/09/26 12:38:50.041, P0, 2535, 14201, 25.57, 0, 0x0000000000000000
2026/09/26 12:38:50.104, P0, 2535, 14201, 25.57, 0, 0x0000000000000000
2026/09/26 12:38:50.166, P3, 2535, 7001, 24.94, 0, 0x0000000000000000
2026/09/26 12:38:50.229, P3, 2535, 7001, 24.94, 0, 0x0000000000000000
2026/09/26 12:38:50.291, P3, 2535, 7001, 24.94, 0, 0x0000000000000000
2026/09/26 12:38:50.355, P3, 2535, 7001, 24.94, 0, 0x0000000000000000
2026/09/26 12:38:50.417, P3, 2535, 7001, 24.94, 0, 0x0000000000000000
2026/09/26 12:38:50.479, P3, 2535, 7001, 24.94, 0, 0x0000000000000000
2026/09/26 12:38:50.541, P3, 2535, 7001, 24.94, 0, 0x0000000000000000
2026/09/26 12:38:50.604, P3, 2535, 7001, 24.94, 0, 0x0000000000000000
2026/09/26 12:38:50.666, P3, 825, 7001, 19.74, 0, 0x0000000000000000
2026/09/26 12:38:50.729, P3, 825, 7001, 19.74, 0, 0x0000000000000000
2026/09/26 12:38:50.792, P3, 825, 7001, 19.74, 0, 0x0000000000000000
2026/09/26 12:38:50.854, P3, 825, 7001, 19.74, 0, 0x0000000000000000
2026/09/26 12:38:50.916, P3, 825, 7001, 19.74, 0, 0x0000000000000000
2026/09/26 12:38:50.980, P3, 825, 7001, 19.74, 0, 0x0000000000000000
2026/09/26 12:38:51.042, P3, 825, 7001, 19.74, 0, 0x0000000000000000
2026/09/26 12:38:51.105, P3, 825, 7001, 19.74, 0, 0x0000000000000000
2026/09/26 12:38:51.169, P0, 660, 14201, 15.65, 3, 0x0000000000000000
2026/09/26 12:38:51.231, P0, 660, 14201, 15.65, 3, 0x0000000000000000
2026/09/26 12:38:51.294, P0, 660, 14201, 15.65, 3, 0x0000000000000000
2026/09/26 12:38:51.357, P0, 660, 14201, 15.65, 3, 0x0000000000000000
2026/09/26 12:38:51.419, P0, 660, 14201, 15.65, 3, 0x0000000000000000
2026/09/26 12:38:51.482, P0, 660, 14201, 15.65, 3, 0x0000000000000000
2026/09/26 12:38:51.545, P0, 660, 14201, 15.65, 3, 0x0000000000000000
2026/09/26 12:38:51.608, P0, 660, 14201, 15.65, 3, 0x0000000000000000
2026/09/26 12:38:51.670, P1, 2632, 14001, 22.22, 4, 0x0000000000000000
2026/09/26 12:38:51.734, P1, 2632, 14001, 22.22, 4, 0x0000000000000000
2026/09/26 12:38:51.797, P1, 2632, 14001, 22.22, 4, 0x0000000000000000
2026/09/26 12:38:51.861, P1, 2632, 14001, 22.22, 4, 0x0000000000000000
2026/09/26 12:38:51.923, P1, 2632, 14001, 22.22, 4, 0x0000000000000000
2026/09/26 12:38:51.987, P1, 2632, 14001, 22.22, 4, 0x0000000000000000
2026/09/26 12:38:52.049, P1, 2632, 14001, 22.22, 4, 0x0000000000000000
2026/09/26 12:38:52.111, P1, 2632, 14001, 22.22, 4, 0x0000000000000000
2026/09/26 12:38:52.173, P1, 2970, 14001, 36.59, 18, 0x0000000000000000
2026/09/26 12:38:52.237, P1, 2970, 14001, 36.59, 18, 0x0000000000000000
2026/09/26 12:38:52.300, P1, 2970, 14001, 36.59, 18, 0x0000000000000000
2026/09/26 12:38:52.362, P1, 2970, 14001, 36.59, 18, 0x0000000000000000
2026/09/26 12:38:52.426, P1, 2970, 14001, 36.59, 18, 0x0000000000000000
2026/09/26 12:38:52.489, P1, 2970, 14001, 36.59, 18, 0x0000000000000000
2026/09/26 12:38:52.552, P1, 2970, 14001, 36.59, 18, 0x0000000000000000
2026/09/26 12:38:52.616, P1, 2970, 14001, 36.59, 18, 0x0000000000000000
2026/09/26 12:38:52.679, P1, 2970, 14001, 41.35, 17, 0x0000000000000000
2026/09/26 12:38:52.741, P1, 2970, 14001, 41.35, 17, 0x0000000000000000
2026/09/26 12:38:52.806, P1, 2970, 14001, 41.35, 17, 0x0000000000000000
2026/09/26 12:38:52.868, P1, 2970, 14001, 41.35, 17, 0x0000000000000000
2026/09/26 12:38:52.932, P1, 2970, 14001, 41.35, 17, 0x0000000000000000
2026/09/26 12:38:52.993, P1, 2970, 14001, 41.35, 17, 0x0000000000000000
2026/09/26 12:38:53.055, P1, 2970, 14001, 41.35, 17, 0x0000000000000000
2026/09/26 12:38:53.118, P1, 2970, 14001, 41.35, 17, 0x0000000000000000
2026/09/26 12:38:53.181, P0, 2932, 14201, 41.04, 0, 0x0000000000000000
2026/09/26 12:38:53.242, P0, 2932, 14201, 41.04, 0, 0x0000000000000000
2026/09/26 12:38:53.303, P0, 2932, 14201, 41.04, 0, 0x0000000000000000
2026/09/26 12:38:53.365, P0, 2932, 14201, 41.04, 0, 0x0000000000000000
2026/09/26 12:38:53.426, P0, 2932, 14201, 41.04, 0, 0x0000000000000000
2026/09/26 12:38:53.488, P0, 2932, 14201, 41.04, 0, 0x0000000000000000
2026/09/26 12:38:53.550, P0, 2932, 14201, 41.04, 0, 0x0000000000000000
2026/09/26 12:38:53.613, P0, 2932, 14201, 41.04, 0, 0x0000000000000000
2026/09/26 12:38:53.676, P0, 2505, 14201, 32.15, 0, 0x0000000000000000
2026/09/26 12:38:53.738, P0, 2505, 14201, 32.15, 0, 0x0000000000000000
2026/09/26 12:38:53.802, P0, 2505, 14201, 32.15, 0, 0x0000000000000000
2026/09/26 12:38:53.864, P0, 2505, 14201, 32.15, 0, 0x0000000000000000
2026/09/26 12:38:53.927, P0, 2505, 14201, 32.15, 0, 0x0000000000000000
2026/09/26 12:38:53.990, P0, 2505, 14201, 32.15, 0, 0x0000000000000000
2026/09/26 12:38:54.052, P0, 2505, 14201, 32.15, 0, 0x0000000000000000
2026/09/26 12:38:54.114, P0, 2505, 14201, 32.15, 0, 0x0000000000000000
2026/09/26 12:38:54.177, P3, 2505, 7001, 24.58, 0, 0x0000000000000000
2026/09/26 12:38:54.239, P3, 2505, 7001, 24.58, 0, 0x0000000000000000
2026/09/26 12:38:54.301, P3, 2505, 7001, 24.58, 0, 0x0000000000000000
2026/09/26 12:38:54.363, P3, 2505, 7001, 24.58, 0, 0x0000000000000000
2026/09/26 12:38:54.427, P3, 2505, 7001, 24.58, 0, 0x0000000000000000
2026/09/26 12:38:54.489, P3, 2505, 7001, 24.58, 0, 0x0000000000000000
2026/09/26 12:38:54.550, P3, 2505, 7001, 24.58, 0, 0x0000000000000000
2026/09/26 12:38:54.613, P3, 2505, 7001, 24.58, 0, 0x0000000000000000
2026/09/26 12:38:54.675, P3, 1252, 7001, 19.93, 0, 0x0000000000000000
2026/09/26 12:38:54.736, P3, 1252, 7001, 19.93, 0, 0x0000000000000000
2026/09/26 12:38:54.799, P3, 1252, 7001, 19.93, 0, 0x0000000000000000
2026/09/26 12:38:54.861, P3, 1252, 7001, 19.93, 0, 0x0000000000000000
2026/09/26 12:38:54.924, P3, 1252, 7001, 19.93, 0, 0x0000000000000000
2026/09/26 12:38:54.985, P3, 1252, 7001, 19.93, 0, 0x0000000000000000
2026/09/26 12:38:55.047, P3, 1252, 7001, 19.93, 0, 0x0000000000000000
2026/09/26 12:38:55.111, P3, 1252, 7001, 19.93, 0, 0x0000000000000000
2026/09/26 12:38:55.173, P3, 1042, 7001, 15.97, 0, 0x0000000000000000
2026/09/26 12:38:55.235, P3, 1042, 7001, 15.97, 0, 0x0000000000000000
2026/09/26 12:38:55.297, P3, 1042, 7001, 15.97, 0, 0x0000000000000000
2026/09/26 12:38:55.359, P3, 1042, 7001, 15.97, 0, 0x0000000000000000
2026/09/26 12:38:55.421, P3, 1042, 7001, 15.97, 0, 0x0000000000000000
2026/09/26 12:38:55.484, P3, 1042, 7001, 15.97, 0, 0x0000000000000000
2026/09/26 12:38:55.547, P3, 1042, 7001, 15.97, 0, 0x0000000000000000
2026/09/26 12:38:55.609, P3, 1042, 7001, 15.97, 0, 0x0000000000000000
2026/09/26 12:38:55.671, P3, 870, 7001, 15.91, 0, 0x0000000000000000
2026/09/26 12:38:55.734, P3, 870, 7001, 15.91, 0, 0x0000000000000000
2026/09/26 12:38:55.795, P3, 870, 7001, 15.91, 0, 0x0000000000000000
2026/09/26 12:38:55.857, P3, 870, 7001, 15.91, 0, 0x0000000000000000
2026/09/26 12:38:55.919, P3, 870, 7001, 15.91, 0, 0x0000000000000000
2026/09/26 12:38:55.983, P3, 870, 7001, 15.91, 0, 0x0000000000000000
2026/09/26 12:38:56.045, P3, 870, 7001, 15.91, 0, 0x0000000000000000
2026/09/26 12:38:56.106, P3, 870, 7001, 15.91, 0, 0x0000000000000000
2026/09/26 12:38:56.170, P0, 742, 14201, 16.57, 6, 0x0000000000000000
2026/09/26 12:38:56.232, P0, 742, 14201, 16.57, 6, 0x0000000000000000
2026/09/26 12:38:56.295, P0, 742, 14201, 16.57, 6, 0x0000000000000000
2026/09/26 12:38:56.359, P0, 742, 14201, 16.57, 6, 0x0000000000000000
2026/09/26 12:38:56.421, P0, 742, 14201, 16.57, 6, 0x0000000000000000
2026/09/26 12:38:56.485, P0, 742, 14201, 16.57, 6, 0x0000000000000000
2026/09/26 12:38:56.547, P0, 742, 14201, 16.57, 6, 0x0000000000000000
2026/09/26 12:38:56.610, P0, 742, 14201, 16.57, 6, 0x0000000000000000
2026/09/26 12:38:56.673, P0, 2655, 14201, 23.94, 4, 0x0000000000000000
2026/09/26 12:38:56.735, P0, 2655, 14201, 23.94, 4, 0x0000000000000000
2026/09/26 12:38:56.798, P0, 2655, 14201, 23.94, 4, 0x0000000000000000
2026/09/26 12:38:56.860, P0, 2655, 14201, 23.94, 4, 0x0000000000000000
2026/09/26 12:38:56.923, P0, 2655, 14201, 23.94, 4, 0x0000000000000000
2026/09/26 12:38:56.986, P0, 2655, 14201, 23.94, 4, 0x0000000000000000
2026/09/26 12:38:57.049, P0, 2655, 14201, 23.94, 4, 0x0000000000000000
2026/09/26 12:38:57.112, P0, 2655, 14201, 23.94, 4, 0x0000000000000000
2026/09/26 12:38:57.176, P0, 2520, 14201, 28.57, 0, 0x0000000000000000
2026/09/26 12:38:57.238, P0, 2520, 14201, 28.57, 0, 0x0000000000000000
2026/09/26 12:38:57.300, P0, 2520, 14201, 28.57, 0, 0x0000000000000000
2026/09/26 12:38:57.363, P0, 2520, 14201, 28.57, 0, 0x0000000000000000
2026/09/26 12:38:57.426, P0, 2520, 14201, 28.57, 0, 0x0000000000000000
2026/09/26 12:38:57.489, P0, 2520, 14201, 28.57, 0, 0x0000000000000000
2026/09/26 12:38:57.552, P0, 2520, 14201, 28.57, 0, 0x0000000000000000
2026/09/26 12:38:57.613, P0, 2520, 14201, 28.57, 0, 0x0000000000000000
2026/09/26 12:38:57.676, P0, 2535, 14201, 25.18, 0, 0x0000000000000000
2026/09/26 12:38:57.738, P0, 2535, 14201, 25.18, 0, 0x0000000000000000
2026/09/26 12:38:57.799, P0, 2535, 14201, 25.18, 0, 0x0000000000000000
2026/09/26 12:38:57.860, P0, 2535, 14201, 25.18, 0, 0x0000000000000000
2026/09/26 12:38:57.922, P0, 2535, 14201, 25.18, 0, 0x0000000000000000
2026/09/26 12:38:57.984, P0, 2535, 14201, 25.18, 0, 0x0000000000000000
2026/09/26 12:38:58.048, P0, 2535, 14201, 25.18, 0, 0x0000000000000000
2026/09/26 12:38:58.110, P0, 2535, 14201, 25.18, 0, 0x0000000000000000
2026/09/26 12:38:58.172, P0, 2535, 14201, 25.51, 0, 0x0000000000000000
2026/09/26 12:38:58.234, P0, 2535, 14201, 25.51, 0, 0x0000000000000000
2026/09/26 12:38:58.297, P0, 2535, 14201, 25.51, 0, 0x0000000000000000
2026/09/26 12:38:58.360, P0, 2535, 14201, 25.51, 0, 0x0000000000000000
2026/09/26 12:38:58.422, P0, 2535, 14201, 25.51, 0, 0x0000000000000000
2026/09/26 12:38:58.486, P0, 2535, 14201, 25.51, 0, 0x0000000000000000
2026/09/26 12:38:58.549, P0, 2535, 14201, 25.51, 0, 0x0000000000000000
2026/09/26 12:38:58.612, P0, 2535, 14201, 25.51, 0, 0x0000000000000000
2026/09/26 12:38:58.674, P0, 2535, 14201, 25.51, 0, 0x0000000000000000
2026/09/26 12:38:58.736, P0, 2535, 14201, 25.51, 0, 0x0000000000000000
2026/09/26 12:38:58.797, P0, 2535, 14201, 25.51, 0, 0x0000000000000000
2026/09/26 12:38:58.859, P0, 2535, 14201, 25.51, 0, 0x0000000000000000
2026/09/26 12:38:58.922, P0, 2535, 14201, 25.51, 0, 0x0000000000000000
2026/09/26 12:38:58.984, P0, 2535, 14201, 25.51, 0, 0x0000000000000000
2026/09/26 12:38:59.047, P0, 2535, 14201, 25.51, 0, 0x0000000000000000
2026/09/26 12:38:59.109, P0, 2535, 14201, 25.51, 0, 0x0000000000000000
2026/09/26 12:38:59.171, P0, 2535, 14201, 25.71, 0, 0x0000000000000000
2026/09/26 12:38:59.233, P0, 2535, 14201, 25.71, 0, 0x0000000000000000
2026/09/26 12:38:59.295, P0, 2535, 14201, 25.71, 0, 0x0000000000000000
2026/09/26 12:38:59.359, P0, 2535, 14201, 25.71, 0, 0x0000000000000000
2026/09/26 12:38:59.423, P0, 2535, 14201, 25.71, 0, 0x0000000000000000
2026/09/26 12:38:59.485, P0, 2535, 14201, 25.71, 0, 0x0000000000000000
2026/09/26 12:38:59.547, P0, 2535, 14201, 25.71, 0, 0x0000000000000000
2026/09/26 12:38:59.611, P0, 2535, 14201, 25.71, 0, 0x0000000000000000
2026/09/26 12:38:59.673, P0, 2512, 14201, 25.48, 0, 0x0000000000000000
2026/09/26 12:38:59.735, P0, 2512, 14201, 25.48, 0, 0x0000000000000000
2026/09/26 12:38:59.798, P0, 2512, 14201, 25.48, 0, 0x0000000000000000
2026/09/26 12:38:59.861, P0, 2512, 14201, 25.48, 0, 0x0000000000000000
2026/09/26 12:38:59.925, P0, 2512, 14201, 25.48, 0, 0x0000000000000000
2026/09/26 12:38:59.988, P0, 2512, 14201, 25.48, 0, 0x0000000000000000
2026/09/26 12:39:00.051, P0, 2512, 14201, 25.48, 0, 0x0000000000000000
2026/09/26 12:39:00.114, P0, 2512, 14201, 25.48, 0, 0x0000000000000000
2026/09/26 12:39:00.175, P1, 2962, 14001, 31.09, 24, 0x0000000000000000
2026/09/26 12:39:00.238, P1, 2962, 14001, 31.09, 24, 0x0000000000000000
2026/09/26 12:39:00.302, P1, 2962, 14001, 31.09, 24, 0x0000000000000000
2026/09/26 12:39:00.365, P1, 2962, 14001, 31.09, 24, 0x0000000000000000
2026/09/26 12:39:00.427, P1, 2962, 14001, 31.09, 24, 0x0000000000000000
2026/09/26 12:39:00.491, P1, 2962, 14001, 31.09, 24, 0x0000000000000000
2026/09/26 12:39:00.553, P1, 2962, 14001, 31.09, 24, 0x0000000000000000
2026/09/26 12:39:00.617, P1, 2962, 14001, 31.09, 24, 0x0000000000000000
2026/09/26 12:39:00.680, P1, 2970, 14001, 40.83, 24, 0x0000000000000000
2026/09/26 12:39:00.742, P1, 2970, 14001, 40.83, 24, 0x0000000000000000
2026/09/26 12:39:00.805, P1, 2970, 14001, 40.83, 24, 0x0000000000000000
2026/09/26 12:39:00.868, P1, 2970, 14001, 40.83, 24, 0x0000000000000000
2026/09/26 12:39:00.930, P1, 2970, 14001, 40.83, 24, 0x0000000000000000
2026/09/26 12:39:00.994, P1, 2970, 14001, 40.83, 24, 0x0000000000000000
2026/09/26 12:39:01.058, P1, 2970, 14001, 40.83, 24, 0x0000000000000000
2026/09/26 12:39:01.120, P1, 2970, 14001, 40.83, 24, 0x0000000000000000
2026/09/26 12:39:01.183, P1, 2805, 14001, 41.72, 25, 0x0000000000000000
2026/09/26 12:39:01.244, P1, 2805, 14001, 41.72, 25, 0x0000000000000000
2026/09/26 12:39:01.307, P1, 2805, 14001, 41.72, 25, 0x0000000000000000
2026/09/26 12:39:01.370, P1, 2805, 14001, 41.72, 25, 0x0000000000000000
2026/09/26 12:39:01.432, P1, 2805, 14001, 41.72, 25, 0x0000000000000000
2026/09/26 12:39:01.495, P1, 2805, 14001, 41.72, 25, 0x0000000000000000
2026/09/26 12:39:01.558, P1, 2805, 14001, 41.72, 25, 0x0000000000000000
2026/09/26 12:39:01.620, P1, 2805, 14001, 41.72, 25, 0x0000000000000000
2026/09/26 12:39:01.683, P1, 2970, 14001, 41.86, 23, 0x0000000000000000
2026/09/26 12:39:01.747, P1, 2970, 14001, 41.86, 23, 0x0000000000000000
2026/09/26 12:39:01.809, P1, 2970, 14001, 41.86, 23, 0x0000000000000000
2026/09/26 12:39:01.872, P1, 2970, 14001, 41.86, 23, 0x0000000000000000
2026/09/26 12:39:01.935, P1, 2970, 14001, 41.86, 23, 0x0000000000000000
2026/09/26 12:39:01.998, P1, 2970, 14001, 41.86, 23, 0x0000000000000000
2026/09/26 12:39:02.061, P1, 2970, 14001, 41.86, 23, 0x0000000000000000
2026/09/26 12:39:02.123, P1, 2970, 14001, 41.86, 23, 0x0000000000000000
2026/09/26 12:39:02.186, P0, 2827, 14201, 41.59, 14, 0x0000000000000000
2026/09/26 12:39:02.249, P0, 2827, 14201, 41.59, 14, 0x0000000000000000
2026/09/26 12:39:02.310, P0, 2827, 14201, 41.59, 14, 0x0000000000000000
2026/09/26 12:39:02.373, P0, 2827, 14201, 41.59, 14, 0x0000000000000000
2026/09/26 12:39:02.436, P0, 2827, 14201, 41.59, 14, 0x0000000000000000
2026/09/26 12:39:02.499, P0, 2827, 14201, 41.59, 14, 0x0000000000000000
2026/09/26 12:39:02.562, P0, 2827, 14201, 41.59, 14, 0x0000000000000000
2026/09/26 12:39:02.624, P0, 2827, 14201, 41.59, 14, 0x0000000000000000
2026/09/26 12:39:02.687, P0, 2505, 14201, 32.38, 0, 0x0000000000000000
2026/09/26 12:39:02.750, P0, 2505, 14201, 32.38, 0, 0x0000000000000000
2026/09/26 12:39:02.813, P0, 2505, 14201, 32.38, 0, 0x0000000000000000
2026/09/26 12:39:02.876, P0, 2505, 14201, 32.38, 0, 0x0000000000000000
2026/09/26 12:39:02.940, P0, 2505, 14201, 32.38, 0, 0x0000000000000000
2026/09/26 12:39:03.002, P0, 2505, 14201, 32.38, 0, 0x0000000000000000
2026/09/26 12:39:03.064, P0, 2505, 14201, 32.38, 0, 0x0000000000000000
2026/09/26 12:39:03.126, P0, 2505, 14201, 32.38, 0, 0x0000000000000000
2026/09/26 12:39:03.189, P0, 2505, 14201, 25.12, 0, 0x0000000000000000
2026/09/26 12:39:03.252, P0, 2505, 14201, 25.12, 0, 0x0000000000000000
2026/09/26 12:39:03.314, P0, 2505, 14201, 25.12, 0, 0x0000000000000000
2026/09/26 12:39:03.376, P0, 2505, 14201, 25.12, 0, 0x0000000000000000
2026/09/26 12:39:03.440, P0, 2505, 14201, 25.12, 0, 0x0000000000000000
2026/09/26 12:39:03.502, P0, 2505, 14201, 25.12, 0, 0x0000000000000000
2026/09/26 12:39:03.563, P0, 2505, 14201, 25.12, 0, 0x0000000000000000
2026/09/26 12:39:03.626, P0, 2505, 14201, 25.12, 0, 0x0000000000000000
2026/09/26 12:39:03.689, P0, 2535, 14201, 25.36, 0, 0x0000000000000000
2026/09/26 12:39:03.751, P0, 2535, 14201, 25.36, 0, 0x0000000000000000
2026/09/26 12:39:03.812, P0, 2535, 14201, 25.36, 0, 0x0000000000000000
2026/09/26 12:39:03.874, P0, 2535, 14201, 25.36, 0, 0x0000000000000000
2026/09/26 12:39:03.935, P0, 2535, 14201, 25.36, 0, 0x0000000000000000
2026/09/26 12:39:03.997, P0, 2535, 14201, 25.36, 0, 0x0000000000000000
2026/09/26 12:39:04.058, P0, 2535, 14201, 25.36, 0, 0x0000000000000000
2026/09/26 12:39:04.121, P0, 2535, 14201, 25.36, 0, 0x0000000000000000
2026/09/26 12:39:04.183, P3, 2535, 7001, 25.28, 0, 0x0000000000000000
2026/09/26 12:39:04.244, P3, 2535, 7001, 25.28, 0, 0x0000000000000000
2026/09/26 12:39:04.306, P3, 2535, 7001, 25.28, 0, 0x0000000000000000
2026/09/26 12:39:04.368, P3, 2535, 7001, 25.28, 0, 0x0000000000000000
2026/09/26 12:39:04.431, P3, 2535, 7001, 25.28, 0, 0x0000000000000000
2026/09/26 12:39:04.494, P3, 2535, 7001, 25.28, 0, 0x0000000000000000
2026/09/26 12:39:04.556, P3, 2535, 7001, 25.28, 0, 0x0000000000000000
2026/09/26 12:39:04.617, P3, 2535, 7001, 25.28, 0, 0x0000000000000000
2026/09/26 12:39:04.680, P3, 1005, 7001, 20.38, 0, 0x0000000000000000
2026/09/26 12:39:04.741, P3, 1005, 7001, 20.38, 0, 0x0000000000000000
2026/09/26 12:39:04.805, P3, 1005, 7001, 20.38, 0, 0x0000000000000000
2026/09/26 12:39:04.868, P3, 1005, 7001, 20.38, 0, 0x0000000000000000
2026/09/26 12:39:04.931, P3, 1005, 7001, 20.38, 0, 0x0000000000000000
2026/09/26 12:39:04.993, P3, 1005, 7001, 20.38, 0, 0x0000000000000000
2026/09/26 12:39:05.056, P3, 1005, 7001, 20.38, 0, 0x0000000000000000
2026/09/26 12:39:05.118, P3, 1005, 7001, 20.38, 0, 0x0000000000000000
2026/09/26 12:39:05.180, P1, 847, 14201, 15.96, 0, 0x0000000000000000
2026/09/26 12:39:05.245, P1, 847, 14201, 15.96, 0, 0x0000000000000000
2026/09/26 12:39:05.308, P1, 847, 14201, 15.96, 0, 0x0000000000000000
2026/09/26 12:39:05.370, P1, 847, 14201, 15.96, 0, 0x0000000000000000
2026/09/26 12:39:05.435, P1, 847, 14201, 15.96, 0, 0x0000000000000000
2026/09/26 12:39:05.499, P1, 847, 14201, 15.96, 0, 0x0000000000000000
2026/09/26 12:39:05.561, P1, 847, 14201, 15.96, 0, 0x0000000000000000
2026/09/26 12:39:05.622, P1, 847, 14201, 15.96, 0, 0x0000000000000000
2026/09/26 12:39:05.686, P0, 2602, 14201, 23.03, 9, 0x0000000000000000
2026/09/26 12:39:05.749, P0, 2602, 14201, 23.03, 9, 0x0000000000000000
2026/09/26 12:39:05.812, P0, 2602, 14201, 23.03, 9, 0x0000000000000000
2026/09/26 12:39:05.876, P0, 2602, 14201, 23.03, 9, 0x0000000000000000
2026/09/26 12:39:05.938, P0, 2602, 14201, 23.03, 9, 0x0000000000000000
2026/09/26 12:39:06.001, P0, 2602, 14201, 23.03, 9, 0x0000000000000000
2026/09/26 12:39:06.064, P0, 2602, 14201, 23.03, 9, 0x0000000000000000
2026/09/26 12:39:06.126, P0, 2602, 14201, 23.03, 9, 0x0000000000000000
2026/09/26 12:39:06.188, P1, 2970, 14001, 33.15, 25, 0x0000000000000000
2026/09/26 12:39:06.250, P1, 2970, 14001, 33.15, 25, 0x0000000000000000
2026/09/26 12:39:06.313, P1, 2970, 14001, 33.15, 25, 0x0000000000000000
2026/09/26 12:39:06.376, P1, 2970, 14001, 33.15, 25, 0x0000000000000000
2026/09/26 12:39:06.438, P1, 2970, 14001, 33.15, 25, 0x0000000000000000
2026/09/26 12:39:06.502, P1, 2970, 14001, 33.15, 25, 0x0000000000000000
2026/09/26 12:39:06.564, P1, 2970, 14001, 33.15, 25, 0x0000000000000000
2026/09/26 12:39:06.626, P1, 2970, 14001, 33.15, 25, 0x0000000000000000
2026/09/26 12:39:06.688, P1, 2970, 14001, 41.45, 24, 0x0000000000000000
2026/09/26 12:39:06.751, P1, 2970, 14001, 41.45, 24, 0x0000000000000000
2026/09/26 12:39:06.812, P1, 2970, 14001, 41.45, 24, 0x0000000000000000
2026/09/26 12:39:06.874, P1, 2970, 14001, 41.45, 24, 0x0000000000000000
2026/09/26 12:39:06.938, P1, 2970, 14001, 41.45, 24, 0x0000000000000000
2026/09/26 12:39:07.001, P1, 2970, 14001, 41.45, 24, 0x0000000000000000
2026/09/26 12:39:07.062, P1, 2970, 14001, 41.45, 24, 0x0000000000000000
2026/09/26 12:39:07.125, P1, 2970, 14001, 41.45, 24, 0x0000000000000000
2026/09/26 12:39:07.187, P0, 2685, 14201, 39.01, 0, 0x0000000000000000
2026/09/26 12:39:07.249, P0, 2685, 14201, 39.01, 0, 0x0000000000000000
2026/09/26 12:39:07.313, P0, 2685, 14201, 39.01, 0, 0x0000000000000000
2026/09/26 12:39:07.375, P0, 2685, 14201, 39.01, 0, 0x0000000000000000
2026/09/26 12:39:07.437, P0, 2685, 14201, 39.01, 0, 0x0000000000000000
2026/09/26 12:39:07.499, P0, 2685, 14201, 39.01, 0, 0x0000000000000000
2026/09/26 12:39:07.562, P0, 2685, 14201, 39.01, 0, 0x0000000000000000
2026/09/26 12:39:07.626, P0, 2685, 14201, 39.01, 0, 0x0000000000000000
2026/09/26 12:39:07.688, P0, 2535, 14201, 31.43, 0, 0x0000000000000000
2026/09/26 12:39:07.750, P0, 2535, 14201, 31.43, 0, 0x0000000000000000
2026/09/26 12:39:07.812, P0, 2535, 14201, 31.43, 0, 0x0000000000000000
2026/09/26 12:39:07.875, P0, 2535, 14201, 31.43, 0, 0x0000000000000000
2026/09/26 12:39:07.938, P0, 2535, 14201, 31.43, 0, 0x0000000000000000
2026/09/26 12:39:08.002, P0, 2535, 14201, 31.43, 0, 0x0000000000000000
2026/09/26 12:39:08.064, P0, 2535, 14201, 31.43, 0, 0x0000000000000000
2026/09/26 12:39:08.126, P0, 2535, 14201, 31.43, 0, 0x0000000000000000
2026/09/26 12:39:08.188, P3, 2535, 7001, 25.44, 0, 0x0000000000000000
2026/09/26 12:39:08.250, P3, 2535, 7001, 25.44, 0, 0x0000000000000000
2026/09/26 12:39:08.313, P3, 2535, 7001, 25.44, 0, 0x0000000000000000
2026/09/26 12:39:08.376, P3, 2535, 7001, 25.44, 0, 0x0000000000000000
2026/09/26 12:39:08.438, P3, 2535, 7001, 25.44, 0, 0x0000000000000000
2026/09/26 12:39:08.500, P3, 2535, 7001, 25.44, 0, 0x0000000000000000
2026/09/26 12:39:08.563, P3, 2535, 7001, 25.44, 0, 0x0000000000000000
2026/09/26 12:39:08.625, P3, 2535, 7001, 25.44, 0, 0x0000000000000000
2026/09/26 12:39:08.687, P3, 1162, 7001, 20.65, 0, 0x0000000000000000
2026/09/26 12:39:08.748, P3, 1162, 7001, 20.65, 0, 0x0000000000000000
2026/09/26 12:39:08.812, P3, 1162, 7001, 20.65, 0, 0x0000000000000000
2026/09/26 12:39:08.876, P3, 1162, 7001, 20.65, 0, 0x0000000000000000
2026/09/26 12:39:08.938, P3, 1162, 7001, 20.65, 0, 0x0000000000000000
2026/09/26 12:39:09.000, P3, 1162, 7001, 20.65, 0, 0x0000000000000000
2026/09/26 12:39:09.062, P3, 1162, 7001, 20.65, 0, 0x0000000000000000
2026/09/26 12:39:09.125, P3, 1162, 7001, 20.65, 0, 0x0000000000000000
2026/09/26 12:39:09.187, P3, 952, 7001, 15.79, 0, 0x0000000000000000
2026/09/26 12:39:09.250, P3, 952, 7001, 15.79, 0, 0x0000000000000000
2026/09/26 12:39:09.312, P3, 952, 7001, 15.79, 0, 0x0000000000000000
2026/09/26 12:39:09.374, P3, 952, 7001, 15.79, 0, 0x0000000000000000
2026/09/26 12:39:09.437, P3, 952, 7001, 15.79, 0, 0x0000000000000000
2026/09/26 12:39:09.498, P3, 952, 7001, 15.79, 0, 0x0000000000000000
2026/09/26 12:39:09.559, P3, 952, 7001, 15.79, 0, 0x0000000000000000
2026/09/26 12:39:09.622, P3, 952, 7001, 15.79, 0, 0x0000000000000000
2026/09/26 12:39:09.685, P3, 870, 7001, 15.57, 0, 0x0000000000000000
2026/09/26 12:39:09.748, P3, 870, 7001, 15.57, 0, 0x0000000000000000
2026/09/26 12:39:09.811, P3, 870, 7001, 15.57, 0, 0x0000000000000000
2026/09/26 12:39:09.874, P3, 870, 7001, 15.57, 0, 0x0000000000000000
2026/09/26 12:39:09.936, P3, 870, 7001, 15.57, 0, 0x0000000000000000
2026/09/26 12:39:09.998, P3, 870, 7001, 15.57, 0, 0x0000000000000000
2026/09/26 12:39:10.060, P3, 870, 7001, 15.57, 0, 0x0000000000000000
2026/09/26 12:39:10.122, P3, 870, 7001, 15.57, 0, 0x0000000000000000
2026/09/26 12:39:10.184, P1, 1365, 14201, 18.72, 6, 0x0000000000000000
2026/09/26 12:39:10.247, P1, 1365, 14201, 18.72, 6, 0x0000000000000000
2026/09/26 12:39:10.310, P1, 1365, 14201, 18.72, 6, 0x0000000000000000
2026/09/26 12:39:10.373, P1, 1365, 14201, 18.72, 6, 0x0000000000000000
2026/09/26 12:39:10.434, P1, 1365, 14201, 18.72, 6, 0x0000000000000000
2026/09/26 12:39:10.497, P1, 1365, 14201, 18.72, 6, 0x0000000000000000
2026/09/26 12:39:10.560, P1, 1365, 14201, 18.72, 6, 0x0000000000000000
2026/09/26 12:39:10.622, P1, 1365, 14201, 18.72, 6, 0x0000000000000000
2026/09/26 12:39:10.684, P0, 2632, 14201, 24.37, 0, 0x0000000000000000
2026/09/26 12:39:10.747, P0, 2632, 14201, 24.37, 0, 0x0000000000000000
2026/09/26 12:39:10.810, P0, 2632, 14201, 24.37, 0, 0x0000000000000000
2026/09/26 12:39:10.872, P0, 2632, 14201, 24.37, 0, 0x0000000000000000
2026/09/26 12:39:10.934, P0, 2632, 14201, 24.37, 0, 0x0000000000000000
2026/09/26 12:39:10.999, P0, 2632, 14201, 24.37, 0, 0x0000000000000000
2026/09/26 12:39:11.062, P0, 2632, 14201, 24.37, 0, 0x0000000000000000
2026/09/26 12:39:11.123, P0, 2632, 14201, 24.37, 0, 0x0000000000000000
2026/09/26 12:39:11.185, P0, 2535, 14201, 27.67, 0, 0x0000000000000000
2026/09/26 12:39:11.247, P0, 2535, 14201, 27.67, 0, 0x0000000000000000
2026/09/26 12:39:11.310, P0, 2535, 14201, 27.67, 0, 0x0000000000000000
2026/09/26 12:39:11.372, P0, 2535, 14201, 27.67, 0, 0x0000000000000000
2026/09/26 12:39:11.435, P0, 2535, 14201, 27.67, 0, 0x0000000000000000
2026/09/26 12:39:11.499, P0, 2535, 14201, 27.67, 0, 0x0000000000000000
2026/09/26 12:39:11.561, P0, 2535, 14201, 27.67, 0, 0x0000000000000000
2026/09/26 12:39:11.622, P0, 2535, 14201, 27.67, 0, 0x0000000000000000
2026/09/26 12:39:11.683, P0, 2505, 14201, 25.20, 0, 0x0000000000000000
2026/09/26 12:39:11.746, P0, 2505, 14201, 25.20, 0, 0x0000000000000000
2026/09/26 12:39:11.807, P0, 2505, 14201, 25.20, 0, 0x0000000000000000
2026/09/26 12:39:11.870, P0, 2505, 14201, 25.20, 0, 0x0000000000000000
2026/09/26 12:39:11.933, P0, 2505, 14201, 25.20, 0, 0x0000000000000000
2026/09/26 12:39:11.996, P0, 2505, 14201, 25.20, 0, 0x0000000000000000
2026/09/26 12:39:12.059, P0, 2505, 14201, 25.20, 0, 0x0000000000000000
2026/09/26 12:39:12.121, P0, 2505, 14201, 25.20, 0, 0x0000000000000000
2026/09/26 12:39:12.183, P0, 2512, 14201, 25.00, 0, 0x0000000000000000
2026/09/26 12:39:12.245, P0, 2512, 14201, 25.00, 0, 0x0000000000000000
2026/09/26 12:39:12.309, P0, 2512, 14201, 25.00, 0, 0x0000000000000000
2026/09/26 12:39:12.371, P0, 2512, 14201, 25.00, 0, 0x0000000000000000
2026/09/26 12:39:12.432, P0, 2512, 14201, 25.00, 0, 0x0000000000000000
2026/09/26 12:39:12.495, P0, 2512, 14201, 25.00, 0, 0x0000000000000000
2026/09/26 12:39:12.557, P0, 2512, 14201, 25.00, 0, 0x0000000000000000
2026/09/26 12:39:12.619, P0, 2512, 14201, 25.00, 0, 0x0000000000000000
2026/09/26 12:39:12.682, P0, 2535, 14201, 25.31, 0, 0x0000000000000000
2026/09/26 12:39:12.744, P0, 2535, 14201, 25.31, 0, 0x0000000000000000
2026/09/26 12:39:12.806, P0, 2535, 14201, 25.31, 0, 0x0000000000000000
2026/09/26 12:39:12.870, P0, 2535, 14201, 25.31, 0, 0x0000000000000000
2026/09/26 12:39:12.934, P0, 2535, 14201, 25.31, 0, 0x0000000000000000
2026/09/26 12:39:12.997, P0, 2535, 14201, 25.31, 0, 0x0000000000000000
2026/09/26 12:39:13.059, P0, 2535, 14201, 25.31, 0, 0x0000000000000000
2026/09/26 12:39:13.121, P0, 2535, 14201, 25.31, 0, 0x0000000000000000
2026/09/26 12:39:13.182, P3, 2535, 7001, 25.24, 0, 0x0000000000000000
2026/09/26 12:39:13.244, P3, 2535, 7001, 25.24, 0, 0x0000000000000000
2026/09/26 12:39:13.306, P3, 2535, 7001, 25.24, 0, 0x0000000000000000
2026/09/26 12:39:13.368, P3, 2535, 7001, 25.24, 0, 0x0000000000000000
2026/09/26 12:39:13.431, P3, 2535, 7001, 25.24, 0, 0x0000000000000000
2026/09/26 12:39:13.495, P3, 2535, 7001, 25.24, 0, 0x0000000000000000
2026/09/26 12:39:13.557, P3, 2535, 7001, 25.24, 0, 0x0000000000000000
2026/09/26 12:39:13.618, P3, 2535, 7001, 25.24, 0, 0x0000000000000000
2026/09/26 12:39:13.680, P1, 675, 14001, 22.15, 4, 0x0000000000000000
2026/09/26 12:39:13.742, P1, 675, 14001, 22.15, 4, 0x0000000000000000
2026/09/26 12:39:13.805, P1, 675, 14001, 22.15, 4, 0x0000000000000000
2026/09/26 12:39:13.867, P1, 675, 14001, 22.15, 4, 0x0000000000000000
2026/09/26 12:39:13.930, P1, 675, 14001, 22.15, 4, 0x0000000000000000
2026/09/26 12:39:13.993, P1, 675, 14001, 22.15, 4, 0x0000000000000000
2026/09/26 12:39:14.055, P1, 675, 14001, 22.15, 4, 0x0000000000000000
2026/09/26 12:39:14.117, P1, 675, 14001, 22.15, 4, 0x0000000000000000
2026/09/26 12:39:14.179, P1, 2797, 14001, 28.20, 15, 0x0000000000000000
2026/09/26 12:39:14.242, P1, 2797, 14001, 28.20, 15, 0x0000000000000000
2026/09/26 12:39:14.305, P1, 2797, 14001, 28.20, 15, 0x0000000000000000
2026/09/26 12:39:14.367, P1, 2797, 14001, 28.20, 15, 0x0000000000000000
2026/09/26 12:39:14.429, P1, 2797, 14001, 28.20, 15, 0x0000000000000000
2026/09/26 12:39:14.491, P1, 2797, 14001, 28.20, 15, 0x0000000000000000
2026/09/26 12:39:14.553, P1, 2797, 14001, 28.20, 15, 0x0000000000000000
2026/09/26 12:39:14.617, P1, 2797, 14001, 28.20, 15, 0x0000000000000000
2026/09/26 12:39:14.681, P1, 2970, 14001, 39.41, 17, 0x0000000000000000
2026/09/26 12:39:14.744, P1, 2970, 14001, 39.41, 17, 0x0000000000000000
2026/09/26 12:39:14.807, P1, 2970, 14001, 39.41, 17, 0x0000000000000000
2026/09/26 12:39:14.870, P1, 2970, 14001, 39.41, 17, 0x0000000000000000
2026/09/26 12:39:14.932, P1, 2970, 14001, 39.41, 17, 0x0000000000000000
2026/09/26 12:39:14.995, P1, 2970, 14001, 39.41, 17, 0x0000000000000000
2026/09/26 12:39:15.057, P1, 2970, 14001, 39.41, 17, 0x0000000000000000
2026/09/26 12:39:15.120, P1, 2970, 14001, 39.41, 17, 0x0000000000000000
2026/09/26 12:39:15.183, P0, 2970, 14201, 41.69, 1, 0x0000000000000000
2026/09/26 12:39:15.245, P0, 2970, 14201, 41.69, 1, 0x0000000000000000
2026/09/26 12:39:15.307, P0, 2970, 14201, 41.69, 1, 0x0000000000000000
2026/09/26 12:39:15.368, P0, 2970, 14201, 41.69, 1, 0x0000000000000000
2026/09/26 12:39:15.430, P0, 2970, 14201, 41.69, 1, 0x0000000000000000
2026/09/26 12:39:15.493, P0, 2970, 14201, 41.69, 1, 0x0000000000000000
2026/09/26 12:39:15.557, P0, 2970, 14201, 41.69, 1, 0x0000000000000000
2026/09/26 12:39:15.621, P0, 2970, 14201, 41.69, 1, 0x0000000000000000
2026/09/26 12:39:15.684, P0, 2535, 14201, 34.01, 0, 0x0000000000000000
2026/09/26 12:39:15.746, P0, 2535, 14201, 34.01, 0, 0x0000000000000000
2026/09/26 12:39:15.808, P0, 2535, 14201, 34.01, 0, 0x0000000000000000
2026/09/26 12:39:15.870, P0, 2535, 14201, 34.01, 0, 0x0000000000000000
2026/09/26 12:39:15.933, P0, 2535, 14201, 34.01, 0, 0x0000000000000000
2026/09/26 12:39:15.996, P0, 2535, 14201, 34.01, 0, 0x0000000000000000
2026/09/26 12:39:16.058, P0, 2535, 14201, 34.01, 0, 0x0000000000000000
2026/09/26 12:39:16.120, P0, 2535, 14201, 34.01, 0, 0x0000000000000000
2026/09/26 12:39:16.183, P3, 2535, 7001, 25.64, 0, 0x0000000000000000
2026/09/26 12:39:16.245, P3, 2535, 7001, 25.64, 0, 0x0000000000000000
2026/09/26 12:39:16.306, P3, 2535, 7001, 25.64, 0, 0x0000000000000000
2026/09/26 12:39:16.368, P3, 2535, 7001, 25.64, 0, 0x0000000000000000
2026/09/26 12:39:16.430, P3, 2535, 7001, 25.64, 0, 0x0000000000000000
2026/09/26 12:39:16.493, P3, 2535, 7001, 25.64, 0, 0x0000000000000000
2026/09/26 12:39:16.555, P3, 2535, 7001, 25.64, 0, 0x0000000000000000
2026/09/26 12:39:16.616, P3, 2535, 7001, 25.64, 0, 0x0000000000000000
2026/09/26 12:39:16.678, P3, 1320, 7001, 20.58, 0, 0x0000000000000000
2026/09/26 12:39:16.741, P3, 1320, 7001, 20.58, 0, 0x0000000000000000
2026/09/26 12:39:16.804, P3, 1320, 7001, 20.58, 0, 0x0000000000000000
2026/09/26 12:39:16.866, P3, 1320, 7001, 20.58, 0, 0x0000000000000000
2026/09/26 12:39:16.928, P3, 1320, 7001, 20.58, 0, 0x0000000000000000
2026/09/26 12:39:16.991, P3, 1320, 7001, 20.58, 0, 0x0000000000000000
2026/09/26 12:39:17.053, P3, 1320, 7001, 20.58, 0, 0x0000000000000000
2026/09/26 12:39:17.117, P3, 1320, 7001, 20.58, 0, 0x0000000000000000
2026/09/26 12:39:17.180, P3, 1102, 7001, 16.55, 0, 0x0000000000000000
2026/09/26 12:39:17.241, P3, 1102, 7001, 16.55, 0, 0x0000000000000000
2026/09/26 12:39:17.303, P3, 1102, 7001, 16.55, 0, 0x0000000000000000
2026/09/26 12:39:17.364, P3, 1102, 7001, 16.55, 0, 0x0000000000000000
2026/09/26 12:39:17.427, P3, 1102, 7001, 16.55, 0, 0x0000000000000000
2026/09/26 12:39:17.490, P3, 1102, 7001, 16.55, 0, 0x0000000000000000
2026/09/26 12:39:17.552, P3, 1102, 7001, 16.55, 0, 0x0000000000000000
2026/09/26 12:39:17.613, P3, 1102, 7001, 16.55, 0, 0x0000000000000000
2026/09/26 12:39:17.676, P3, 787, 7001, 15.59, 0, 0x0000000000000000
2026/09/26 12:39:17.738, P3, 787, 7001, 15.59, 0, 0x0000000000000000
2026/09/26 12:39:17.800, P3, 787, 7001, 15.59, 0, 0x0000000000000000
2026/09/26 12:39:17.864, P3, 787, 7001, 15.59, 0, 0x0000000000000000
2026/09/26 12:39:17.926, P3, 787, 7001, 15.59, 0, 0x0000000000000000
2026/09/26 12:39:17.988, P3, 787, 7001, 15.59, 0, 0x0000000000000000
2026/09/26 12:39:18.051, P3, 787, 7001, 15.59, 0, 0x0000000000000000
2026/09/26 12:39:18.113, P3, 787, 7001, 15.59, 0, 0x0000000000000000
2026/09/26 12:39:18.176, P0, 667, 14201, 15.30, 3, 0x0000000000000000
2026/09/26 12:39:18.239, P0, 667, 14201, 15.30, 3, 0x0000000000000000
2026/09/26 12:39:18.300, P0, 667, 14201, 15.30, 3, 0x0000000000000000
2026/09/26 12:39:18.363, P0, 667, 14201, 15.30, 3, 0x0000000000000000
2026/09/26 12:39:18.425, P0, 667, 14201, 15.30, 3, 0x0000000000000000
2026/09/26 12:39:18.488, P0, 667, 14201, 15.30, 3, 0x0000000000000000
2026/09/26 12:39:18.550, P0, 667, 14201, 15.30, 3, 0x0000000000000000
2026/09/26 12:39:18.612, P0, 667, 14201, 15.30, 3, 0x0000000000000000
2026/09/26 12:39:18.675, P1, 2970, 14001, 26.49, 25, 0x0000000000000000
2026/09/26 12:39:18.737, P1, 2970, 14001, 26.49, 25, 0x0000000000000000
2026/09/26 12:39:18.800, P1, 2970, 14001, 26.49, 25, 0x0000000000000000
2026/09/26 12:39:18.863, P1, 2970, 14001, 26.49, 25, 0x0000000000000000
2026/09/26 12:39:18.927, P1, 2970, 14001, 26.49, 25, 0x0000000000000000
2026/09/26 12:39:18.990, P1, 2970, 14001, 26.49, 25, 0x0000000000000000
2026/09/26 12:39:19.053, P1, 2970, 14001, 26.49, 25, 0x0000000000000000
2026/09/26 12:39:19.116, P1, 2970, 14001, 26.49, 25, 0x0000000000000000
2026/09/26 12:39:19.178, P1, 2970, 14001, 41.72, 25, 0x0000000000000000
2026/09/26 12:39:19.240, P1, 2970, 14001, 41.72, 25, 0x0000000000000000
2026/09/26 12:39:19.304, P1, 2970, 14001, 41.72, 25, 0x0000000000000000
2026/09/26 12:39:19.366, P1, 2970, 14001, 41.72, 25, 0x0000000000000000
2026/09/26 12:39:19.429, P1, 2970, 14001, 41.72, 25, 0x0000000000000000
2026/09/26 12:39:19.492, P1, 2970, 14001, 41.72, 25, 0x0000000000000000
2026/09/26 12:39:19.555, P1, 2970, 14001, 41.72, 25, 0x0000000000000000
2026/09/26 12:39:19.618, P1, 2970, 14001, 41.72, 25, 0x0000000000000000
2026/09/26 12:39:19.680, P1, 2655, 14001, 40.35, 14, 0x0000000000000000
2026/09/26 12:39:19.743, P1, 2655, 14001, 40.35, 14, 0x0000000000000000
2026/09/26 12:39:19.805, P1, 2655, 14001, 40.35, 14, 0x0000000000000000
2026/09/26 12:39:19.867, P1, 2655, 14001, 40.35, 14, 0x0000000000000000
2026/09/26 12:39:19.930, P1, 2655, 14001, 40.35, 14, 0x0000000000000000
2026/09/26 12:39:19.995, P1, 2655, 14001, 40.35, 14, 0x0000000000000000
2026/09/26 12:39:20.058, P1, 2655, 14001, 40.35, 14, 0x0000000000000000
2026/09/26 12:39:20.121, P1, 2655, 14001, 40.35, 14, 0x0000000000000000
2026/09/26 12:39:20.182, P1, 2767, 14001, 35.94, 16, 0x0000000000000000
2026/09/26 12:39:20.245, P1, 2767, 14001, 35.94, 16, 0x0000000000000000
2026/09/26 12:39:20.308, P1, 2767, 14001, 35.94, 16, 0x0000000000000000
2026/09/26 12:39:20.371, P1, 2767, 14001, 35.94, 16, 0x0000000000000000
2026/09/26 12:39:20.433, P1, 2767, 14001, 35.94, 16, 0x0000000000000000
2026/09/26 12:39:20.497, P1, 2767, 14001, 35.94, 16, 0x0000000000000000
2026/09/26 12:39:20.560, P1, 2767, 14001, 35.94, 16, 0x0000000000000000
2026/09/26 12:39:20.623, P1, 2767, 14001, 35.94, 16, 0x0000000000000000
2026/09/26 12:39:20.685, P1, 2970, 14001, 39.37, 26, 0x0000000000000000
2026/09/26 12:39:20.748, P1, 2970, 14001, 39.37, 26, 0x0000000000000000
2026/09/26 12:39:20.811, P1, 2970, 14001, 39.37, 26, 0x0000000000000000
2026/09/26 12:39:20.874, P1, 2970, 14001, 39.37, 26, 0x0000000000000000
2026/09/26 12:39:20.937, P1, 2970, 14001, 39.37, 26, 0x0000000000000000
2026/09/26 12:39:21.000, P1, 2970, 14001, 39.37, 26, 0x0000000000000000
2026/09/26 12:39:21.061, P1, 2970, 14001, 39.37, 26, 0x0000000000000000
2026/09/26 12:39:21.123, P1, 2970, 14001, 39.37, 26, 0x0000000000000000
2026/09/26 12:39:21.187, P0, 2970, 14201, 43.38, 17, 0x0000000000000000
2026/09/26 12:39:21.249, P0, 2970, 14201, 43.38, 17, 0x0000000000000000
2026/09/26 12:39:21.312, P0, 2970, 14201, 43.38, 17, 0x0000000000000000
2026/09/26 12:39:21.374, P0, 2970, 14201, 43.38, 17, 0x0000000000000000
2026/09/26 12:39:21.436, P0, 2970, 14201, 43.38, 17, 0x0000000000000000
2026/09/26 12:39:21.499, P0, 2970, 14201, 43.38, 17, 0x0000000000000000
2026/09/26 12:39:21.561, P0, 2970, 14201, 43.38, 17, 0x0000000000000000
2026/09/26 12:39:21.623, P0, 2970, 14201, 43.38, 17, 0x0000000000000000
2026/09/26 12:39:21.685, P0, 2640, 14201, 37.77, 0, 0x0000000000000000
2026/09/26 12:39:21.748, P0, 2640, 14201, 37.77, 0, 0x0000000000000000
2026/09/26 12:39:21.812, P0, 2640, 14201, 37.77, 0, 0x0000000000000000
2026/09/26 12:39:21.874, P0, 2640, 14201, 37.77, 0, 0x0000000000000000
2026/09/26 12:39:21.936, P0, 2640, 14201, 37.77, 0, 0x0000000000000000
2026/09/26 12:39:22.000, P0, 2640, 14201, 37.77, 0, 0x0000000000000000
2026/09/26 12:39:22.062, P0, 2640, 14201, 37.77, 0, 0x0000000000000000
2026/09/26 12:39:22.124, P0, 2640, 14201, 37.77, 0, 0x0000000000000000
2026/09/26 12:39:22.186, P0, 2535, 14201, 29.73, 0, 0x0000000000000000
2026/09/26 12:39:22.249, P0, 2535, 14201, 29.73, 0, 0x0000000000000000
2026/09/26 12:39:22.311, P0, 2535, 14201, 29.73, 0, 0x0000000000000000
2026/09/26 12:39:22.374, P0, 2535, 14201, 29.73, 0, 0x0000000000000000
2026/09/26 12:39:22.436, P0, 2535, 14201, 29.73, 0, 0x0000000000000000
2026/09/26 12:39:22.498, P0, 2535, 14201, 29.73, 0, 0x0000000000000000
2026/09/26 12:39:22.561, P0, 2535, 14201, 29.73, 0, 0x0000000000000000
2026/09/26 12:39:22.623, P0, 2535, 14201, 29.73, 0, 0x0000000000000000
2026/09/26 12:39:22.684, P0, 2535, 14201, 25.86, 0, 0x0000000000000000
2026/09/26 12:39:22.745, P0, 2535, 14201, 25.86, 0, 0x0000000000000000
2026/09/26 12:39:22.807, P0, 2535, 14201, 25.86, 0, 0x0000000000000000
2026/09/26 12:39:22.869, P0, 2535, 14201, 25.86, 0, 0x0000000000000000
2026/09/26 12:39:22.931, P0, 2535, 14201, 25.86, 0, 0x0000000000000000
2026/09/26 12:39:22.993, P0, 2535, 14201, 25.86, 0, 0x0000000000000000
2026/09/26 12:39:23.055, P0, 2535, 14201, 25.86, 0, 0x0000000000000000
2026/09/26 12:39:23.118, P0, 2535, 14201, 25.86, 0, 0x0000000000000000
2026/09/26 12:39:23.183, P0, 2535, 14201, 25.83, 0, 0x0000000000000000
2026/09/26 12:39:23.244, P0, 2535, 14201, 25.83, 0, 0x0000000000000000
2026/09/26 12:39:23.307, P0, 2535, 14201, 25.83, 0, 0x0000000000000000
2026/09/26 12:39:23.369, P0, 2535, 14201, 25.83, 0, 0x0000000000000000
2026/09/26 12:39:23.432, P0, 2535, 14201, 25.83, 0, 0x0000000000000000
2026/09/26 12:39:23.495, P0, 2535, 14201, 25.83, 0, 0x0000000000000000
2026/09/26 12:39:23.557, P0, 2535, 14201, 25.83, 0, 0x0000000000000000
2026/09/26 12:39:23.620, P0, 2535, 14201, 25.83, 0, 0x0000000000000000
2026/09/26 12:39:23.682, P0, 2512, 14201, 25.60, 0, 0x0000000000000000
2026/09/26 12:39:23.743, P0, 2512, 14201, 25.60, 0, 0x0000000000000000
2026/09/26 12:39:23.805, P0, 2512, 14201, 25.60, 0, 0x0000000000000000
2026/09/26 12:39:23.868, P0, 2512, 14201, 25.60, 0, 0x0000000000000000
2026/09/26 12:39:23.930, P0, 2512, 14201, 25.60, 0, 0x0000000000000000
2026/09/26 12:39:23.993, P0, 2512, 14201, 25.60, 0, 0x0000000000000000
2026/09/26 12:39:24.056, P0, 2512, 14201, 25.60, 0, 0x0000000000000000
2026/09/26 12:39:24.119, P0, 2512, 14201, 25.60, 0, 0x0000000000000000
2026/09/26 12:39:24.182, P3, 2512, 7001, 24.82, 0, 0x0000000000000000
2026/09/26 12:39:24.243, P3, 2512, 7001, 24.82, 0, 0x0000000000000000
2026/09/26 12:39:24.305, P3, 2512, 7001, 24.82, 0, 0x0000000000000000
2026/09/26 12:39:24.368, P3, 2512, 7001, 24.82, 0, 0x0000000000000000
2026/09/26 12:39:24.431, P3, 2512, 7001, 24.82, 0, 0x0000000000000000
2026/09/26 12:39:24.492, P3, 2512, 7001, 24.82, 0, 0x0000000000000000
2026/09/26 12:39:24.555, P3, 2512, 7001, 24.82, 0, 0x0000000000000000
2026/09/26 12:39:24.619, P3, 2512, 7001, 24.82, 0, 0x0000000000000000
2026/09/26 12:39:24.681, P1, 1665, 14001, 23.36, 6, 0x0000000000000000
2026/09/26 12:39:24.745, P1, 1665, 14001, 23.36, 6, 0x0000000000000000
2026/09/26 12:39:24.807, P1, 1665, 14001, 23.36, 6, 0x0000000000000000
2026/09/26 12:39:24.870, P1, 1665, 14001, 23.36, 6, 0x0000000000000000
2026/09/26 12:39:24.933, P1, 1665, 14001, 23.36, 6, 0x0000000000000000
2026/09/26 12:39:24.995, P1, 1665, 14001, 23.36, 6, 0x0000000000000000
2026/09/26 12:39:25.059, P1, 1665, 14001, 23.36, 6, 0x0000000000000000
2026/09/26 12:39:25.122, P1, 1665, 14001, 23.36, 6, 0x0000000000000000
2026/09/26 12:39:25.184, P1, 2805, 14001, 29.41, 25, 0x0000000000000000
2026/09/26 12:39:25.247, P1, 2805, 14001, 29.41, 25, 0x0000000000000000
2026/09/26 12:39:25.311, P1, 2805, 14001, 29.41, 25, 0x0000000000000000
2026/09/26 12:39:25.373, P1, 2805, 14001, 29.41, 25, 0x0000000000000000
2026/09/26 12:39:25.436, P1, 2805, 14001, 29.41, 25, 0x0000000000000000
2026/09/26 12:39:25.500, P1, 2805, 14001, 29.41, 25, 0x0000000000000000
2026/09/26 12:39:25.561, P1, 2805, 14001, 29.41, 25, 0x0000000000000000
2026/09/26 12:39:25.623, P1, 2805, 14001, 29.41, 25, 0x0000000000000000
2026/09/26 12:39:25.687, P1, 2970, 14001, 40.12, 20, 0x0000000000000000
2026/09/26 12:39:25.749, P1, 2970, 14001, 40.12, 20, 0x0000000000000000
2026/09/26 12:39:25.813, P1, 2970, 14001, 40.12, 20, 0x0000000000000000
2026/09/26 12:39:25.875, P1, 2970, 14001, 40.12, 20, 0x0000000000000000
2026/09/26 12:39:25.937, P1, 2970, 14001, 40.12, 20, 0x0000000000000000
2026/09/26 12:39:26.000, P1, 2970, 14001, 40.12, 20, 0x0000000000000000
2026/09/26 12:39:26.063, P1, 2970, 14001, 40.12, 20, 0x0000000000000000
2026/09/26 12:39:26.125, P1, 2970, 14001, 40.12, 20, 0x0000000000000000
2026/09/26 12:39:26.189, P0, 2820, 14201, 40.67, 0, 0x0000000000000000
2026/09/26 12:39:26.252, P0, 2820, 14201, 40.67, 0, 0x0000000000000000
2026/09/26 12:39:26.314, P0, 2820, 14201, 40.67, 0, 0x0000000000000000
2026/09/26 12:39:26.377, P0, 2820, 14201, 40.67, 0, 0x0000000000000000
2026/09/26 12:39:26.440, P0, 2820, 14201, 40.67, 0, 0x0000000000000000
2026/09/26 12:39:26.502, P0, 2820, 14201, 40.67, 0, 0x0000000000000000
2026/09/26 12:39:26.565, P0, 2820, 14201, 40.67, 0, 0x0000000000000000
2026/09/26 12:39:26.627, P0, 2820, 14201, 40.67, 0, 0x0000000000000000
2026/09/26 12:39:26.690, P0, 2512, 14201, 31.63, 0, 0x0000000000000000
2026/09/26 12:39:26.752, P0, 2512, 14201, 31.63, 0, 0x0000000000000000
2026/09/26 12:39:26.815, P0, 2512, 14201, 31.63, 0, 0x0000000000000000
2026/09/26 12:39:26.878, P0, 2512, 14201, 31.63, 0, 0x0000000000000000
2026/09/26 12:39:26.939, P0, 2512, 14201, 31.63, 0, 0x0000000000000000
2026/09/26 12:39:27.002, P0, 2512, 14201, 31.63, 0, 0x0000000000000000
2026/09/26 12:39:27.063, P0, 2512, 14201, 31.63, 0, 0x0000000000000000
2026/09/26 12:39:27.125, P0, 2512, 14201, 31.63, 0, 0x0000000000000000
2026/09/26 12:39:27.187, P3, 2512, 7001, 25.02, 0, 0x0000000000000000
2026/09/26 12:39:27.250, P3, 2512, 7001, 25.02, 0, 0x0000000000000000
2026/09/26 12:39:27.312, P3, 2512, 7001, 25.02, 0, 0x0000000000000000
2026/09/26 12:39:27.375, P3, 2512, 7001, 25.02, 0, 0x0000000000000000
2026/09/26 12:39:27.438, P3, 2512, 7001, 25.02, 0, 0x0000000000000000
2026/09/26 12:39:27.500, P3, 2512, 7001, 25.02, 0, 0x0000000000000000
2026/09/26 12:39:27.563, P3, 2512, 7001, 25.02, 0, 0x0000000000000000
2026/09/26 12:39:27.624, P3, 2512, 7001, 25.02, 0, 0x0000000000000000
2026/09/26 12:39:27.686, P3, 1267, 7001, 20.29, 0, 0x0000000000000000
2026/09/26 12:39:27.749, P3, 1267, 7001, 20.29, 0, 0x0000000000000000
2026/09/26 12:39:27.811, P3, 1267, 7001, 20.29, 0, 0x0000000000000000
2026/09/26 12:39:27.874, P3, 1267, 7001, 20.29, 0, 0x0000000000000000
2026/09/26 12:39:27.936, P3, 1267, 7001, 20.29, 0, 0x0000000000000000
2026/09/26 12:39:27.999, P3, 1267, 7001, 20.29, 0, 0x0000000000000000
2026/09/26 12:39:28.061, P3, 1267, 7001, 20.29, 0, 0x0000000000000000
2026/09/26 12:39:28.123, P3, 1267, 7001, 20.29, 0, 0x0000000000000000
2026/09/26 12:39:28.186, P3, 1050, 7001, 16.46, 0, 0x0000000000000000
2026/09/26 12:39:28.248, P3, 1050, 7001, 16.46, 0, 0x0000000000000000
2026/09/26 12:39:28.310, P3, 1050, 7001, 16.46, 0, 0x0000000000000000
2026/09/26 12:39:28.372, P3, 1050, 7001, 16.46, 0, 0x0000000000000000
2026/09/26 12:39:28.434, P3, 1050, 7001, 16.46, 0, 0x0000000000000000
2026/09/26 12:39:28.497, P3, 1050, 7001, 16.46, 0, 0x0000000000000000
2026/09/26 12:39:28.560, P3, 1050, 7001, 16.46, 0, 0x0000000000000000
2026/09/26 12:39:28.623, P3, 1050, 7001, 16.46, 0, 0x0000000000000000
2026/09/26 12:39:28.685, P3, 877, 7001, 15.97, 0, 0x0000000000000000
2026/09/26 12:39:28.746, P3, 877, 7001, 15.97, 0, 0x0000000000000000
2026/09/26 12:39:28.809, P3, 877, 7001, 15.97, 0, 0x0000000000000000
2026/09/26 12:39:28.871, P3, 877, 7001, 15.97, 0, 0x0000000000000000
2026/09/26 12:39:28.934, P3, 877, 7001, 15.97, 0, 0x0000000000000000
2026/09/26 12:39:28.998, P3, 877, 7001, 15.97, 0, 0x0000000000000000
2026/09/26 12:39:29.059, P3, 877, 7001, 15.97, 0, 0x0000000000000000
2026/09/26 12:39:29.122, P3, 877, 7001, 15.97, 0, 0x0000000000000000
2026/09/26 12:39:29.184, P0, 817, 14201, 17.29, 6, 0x0000000000000000
2026/09/26 12:39:29.247, P0, 817, 14201, 17.29, 6, 0x0000000000000000
2026/09/26 12:39:29.308, P0, 817, 14201, 17.29, 6, 0x0000000000000000
2026/09/26 12:39:29.370, P0, 817, 14201, 17.29, 6, 0x0000000000000000
2026/09/26 12:39:29.433, P0, 817, 14201, 17.29, 6, 0x0000000000000000
2026/09/26 12:39:29.495, P0, 817, 14201, 17.29, 6, 0x0000000000000000
2026/09/26 12:39:29.556, P0, 817, 14201, 17.29, 6, 0x0000000000000000
2026/09/26 12:39:29.618, P0, 817, 14201, 17.29, 6, 0x0000000000000000
2026/09/26 12:39:29.680, P0, 2535, 14201, 22.52, 0, 0x0000000000000000
2026/09/26 12:39:29.743, P0, 2535, 14201, 22.52, 0, 0x0000000000000000
2026/09/26 12:39:29.806, P0, 2535, 14201, 22.52, 0, 0x0000000000000000
2026/09/26 12:39:29.868, P0, 2535, 14201, 22.52, 0, 0x0000000000000000
2026/09/26 12:39:29.930, P0, 2535, 14201, 22.52, 0, 0x0000000000000000
2026/09/26 12:39:29.992, P0, 2535, 14201, 22.52, 0, 0x0000000000000000
2026/09/26 12:39:30.055, P0, 2535, 14201, 22.52, 0, 0x0000000000000000
2026/09/26 12:39:30.119, P0, 2535, 14201, 22.52, 0, 0x0000000000000000
2026/09/26 12:39:30.182, P0, 2520, 14201, 26.70, 0, 0x0000000000000000
2026/09/26 12:39:30.243, P0, 2520, 14201, 26.70, 0, 0x0000000000000000
2026/09/26 12:39:30.306, P0, 2520, 14201, 26.70, 0, 0x0000000000000000
2026/09/26 12:39:30.368, P0, 2520, 14201, 26.70, 0, 0x0000000000000000
2026/09/26 12:39:30.430, P0, 2520, 14201, 26.70, 0, 0x0000000000000000
2026/09/26 12:39:30.493, P0, 2520, 14201, 26.70, 0, 0x0000000000000000
2026/09/26 12:39:30.555, P0, 2520, 14201, 26.70, 0, 0x0000000000000000
2026/09/26 12:39:30.618, P0, 2520, 14201, 26.70, 0, 0x0000000000000000
2026/09/26 12:39:30.681, P0, 2535, 14201, 25.60, 0, 0x0000000000000000
2026/09/26 12:39:30.743, P0, 2535, 14201, 25.60, 0, 0x0000000000000000
2026/09/26 12:39:30.807, P0, 2535, 14201, 25.60, 0, 0x0000000000000000
2026/09/26 12:39:30.869, P0, 2535, 14201, 25.60, 0, 0x0000000000000000
2026/09/26 12:39:30.932, P0, 2535, 14201, 25.60, 0, 0x0000000000000000
2026/09/26 12:39:30.995, P0, 2535, 14201, 25.60, 0, 0x0000000000000000
2026/09/26 12:39:31.058, P0, 2535, 14201, 25.60, 0, 0x0000000000000000
2026/09/26 12:39:31.121, P0, 2535, 14201, 25.60, 0, 0x0000000000000000
2026/09/26 12:39:31.183, P0, 2535, 14201, 25.92, 0, 0x0000000000000000
2026/09/26 12:39:31.246, P0, 2535, 14201, 25.92, 0, 0x0000000000000000
2026/09/26 12:39:31.308, P0, 2535, 14201, 25.92, 0, 0x0000000000000000
2026/09/26 12:39:31.370, P0, 2535, 14201, 25.92, 0, 0x0000000000000000
2026/09/26 12:39:31.432, P0, 2535, 14201, 25.92, 0, 0x0000000000000000
2026/09/26 12:39:31.493, P0, 2535, 14201, 25.92, 0, 0x0000000000000000
2026/09/26 12:39:31.555, P0, 2535, 14201, 25.92, 0, 0x0000000000000000
2026/09/26 12:39:31.617, P0, 2535, 14201, 25.92, 0, 0x0000000000000000
2026/09/26 12:39:31.680, P0, 2535, 14201, 25.94, 0, 0x0000000000000000
2026/09/26 12:39:31.742, P0, 2535, 14201, 25.94, 0, 0x0000000000000000
2026/09/26 12:39:31.804, P0, 2535, 14201, 25.94, 0, 0x0000000000000000
2026/09/26 12:39:31.866, P0, 2535, 14201, 25.94, 0, 0x0000000000000000
2026/09/26 12:39:31.929, P0, 2535, 14201, 25.94, 0, 0x0000000000000000
2026/09/26 12:39:31.991, P0, 2535, 14201, 25.94, 0, 0x0000000000000000
2026/09/26 12:39:32.053, P0, 2535, 14201, 25.94, 0, 0x0000000000000000
2026/09/26 12:39:32.116, P0, 2535, 14201, 25.94, 0, 0x0000000000000000
2026/09/26 12:39:32.177, P3, 2535, 7001, 25.42, 0, 0x0000000000000000
2026/09/26 12:39:32.241, P3, 2535, 7001, 25.42, 0, 0x0000000000000000
2026/09/26 12:39:32.303, P3, 2535, 7001, 25.42, 0, 0x0000000000000000
2026/09/26 12:39:32.366, P3, 2535, 7001, 25.42, 0, 0x0000000000000000
2026/09/26 12:39:32.429, P3, 2535, 7001, 25.42, 0, 0x0000000000000000
2026/09/26 12:39:32.490, P3, 2535, 7001, 25.42, 0, 0x0000000000000000
2026/09/26 12:39:32.552, P3, 2535, 7001, 25.42, 0, 0x0000000000000000
2026/09/26 12:39:32.615, P3, 2535, 7001, 25.42, 0, 0x0000000000000000
2026/09/26 12:39:32.678, P0, 1897, 14201, 25.19, 9, 0x0000000000000000
2026/09/26 12:39:32.740, P0, 1897, 14201, 25.19, 9, 0x0000000000000000
2026/09/26 12:39:32.801, P0, 1897, 14201, 25.19, 9, 0x0000000000000000
2026/09/26 12:39:32.863, P0, 1897, 14201, 25.19, 9, 0x0000000000000000
2026/09/26 12:39:32.926, P0, 1897, 14201, 25.19, 9, 0x0000000000000000
2026/09/26 12:39:32.989, P0, 1897, 14201, 25.19, 9, 0x0000000000000000
2026/09/26 12:39:33.052, P0, 1897, 14201, 25.19, 9, 0x0000000000000000
2026/09/26 12:39:33.116, P0, 1897, 14201, 25.19, 9, 0x0000000000000000
2026/09/26 12:39:33.178, P1, 2835, 14001, 30.32, 25, 0x0000000000000000
2026/09/26 12:39:33.241, P1, 2835, 14001, 30.32, 25, 0x0000000000000000
2026/09/26 12:39:33.304, P1, 2835, 14001, 30.32, 25, 0x0000000000000000
2026/09/26 12:39:33.366, P1, 2835, 14001, 30.32, 25, 0x0000000000000000
2026/09/26 12:39:33.428, P1, 2835, 14001, 30.32, 25, 0x0000000000000000
2026/09/26 12:39:33.490, P1, 2835, 14001, 30.32, 25, 0x0000000000000000
2026/09/26 12:39:33.552, P1, 2835, 14001, 30.32, 25, 0x0000000000000000
2026/09/26 12:39:33.614, P1, 2835, 14001, 30.32, 25, 0x0000000000000000
2026/09/26 12:39:33.678, P1, 2970, 14001, 40.47, 24, 0x0000000000000000
2026/09/26 12:39:33.743, P1, 2970, 14001, 40.47, 24, 0x0000000000000000
2026/09/26 12:39:33.805, P1, 2970, 14001, 40.47, 24, 0x0000000000000000
2026/09/26 12:39:33.867, P1, 2970, 14001, 40.47, 24, 0x0000000000000000
2026/09/26 12:39:33.930, P1, 2970, 14001, 40.47, 24, 0x0000000000000000
2026/09/26 12:39:33.992, P1, 2970, 14001, 40.47, 24, 0x0000000000000000
2026/09/26 12:39:34.054, P1, 2970, 14001, 40.47, 24, 0x0000000000000000
2026/09/26 12:39:34.117, P1, 2970, 14001, 40.47, 24, 0x0000000000000000
2026/09/26 12:39:34.181, P0, 2797, 14201, 41.02, 5, 0x0000000000000000
2026/09/26 12:39:34.243, P0, 2797, 14201, 41.02, 5, 0x0000000000000000
2026/09/26 12:39:34.306, P0, 2797, 14201, 41.02, 5, 0x0000000000000000
2026/09/26 12:39:34.368, P0, 2797, 14201, 41.02, 5, 0x0000000000000000
2026/09/26 12:39:34.431, P0, 2797, 14201, 41.02, 5, 0x0000000000000000
2026/09/26 12:39:34.494, P0, 2797, 14201, 41.02, 5, 0x0000000000000000
2026/09/26 12:39:34.557, P0, 2797, 14201, 41.02, 5, 0x0000000000000000
2026/09/26 12:39:34.620, P0, 2797, 14201, 41.02, 5, 0x0000000000000000
2026/09/26 12:39:34.683, P1, 2970, 14001, 39.64, 19, 0x0000000000000000
2026/09/26 12:39:34.745, P1, 2970, 14001, 39.64, 19, 0x0000000000000000
2026/09/26 12:39:34.808, P1, 2970, 14001, 39.64, 19, 0x0000000000000000
2026/09/26 12:39:34.872, P1, 2970, 14001, 39.64, 19, 0x0000000000000000
2026/09/26 12:39:34.934, P1, 2970, 14001, 39.64, 19, 0x0000000000000000
2026/09/26 12:39:34.998, P1, 2970, 14001, 39.64, 19, 0x0000000000000000
2026/09/26 12:39:35.060, P1, 2970, 14001, 39.64, 19, 0x0000000000000000
2026/09/26 12:39:35.122, P1, 2970, 14001, 39.64, 19, 0x0000000000000000
2026/09/26 12:39:35.185, P1, 2955, 14001, 40.92, 25, 0x0000000000000000
2026/09/26 12:39:35.247, P1, 2955, 14001, 40.92, 25, 0x0000000000000000
2026/09/26 12:39:35.309, P1, 2955, 14001, 40.92, 25, 0x0000000000000000
2026/09/26 12:39:35.373, P1, 2955, 14001, 40.92, 25, 0x0000000000000000
2026/09/26 12:39:35.435, P1, 2955, 14001, 40.92, 25, 0x0000000000000000
2026/09/26 12:39:35.498, P1, 2955, 14001, 40.92, 25, 0x0000000000000000
2026/09/26 12:39:35.560, P1, 2955, 14001, 40.92, 25, 0x0000000000000000
2026/09/26 12:39:35.624, P1, 2955, 14001, 40.92, 25, 0x0000000000000000
2026/09/26 12:39:35.687, P0, 2595, 14201, 38.49, 0, 0x0000000000000000
2026/09/26 12:39:35.750, P0, 2595, 14201, 38.49, 0, 0x0000000000000000
2026/09/26 12:39:35.812, P0, 2595, 14201, 38.49, 0, 0x0000000000000000
2026/09/26 12:39:35.875, P0, 2595, 14201, 38.49, 0, 0x0000000000000000
2026/09/26 12:39:35.936, P0, 2595, 14201, 38.49, 0, 0x0000000000000000
2026/09/26 12:39:35.999, P0, 2595, 14201, 38.49, 0, 0x0000000000000000
2026/09/26 12:39:36.062, P0, 2595, 14201, 38.49, 0, 0x0000000000000000
2026/09/26 12:39:36.124, P0, 2595, 14201, 38.49, 0, 0x0000000000000000
2026/09/26 12:39:36.187, P0, 2520, 14201, 29.48, 0, 0x0000000000000000
2026/09/26 12:39:36.250, P0, 2520, 14201, 29.48, 0, 0x0000000000000000
2026/09/26 12:39:36.312, P0, 2520, 14201, 29.48, 0, 0x0000000000000000
2026/09/26 12:39:36.375, P0, 2520, 14201, 29.48, 0, 0x0000000000000000
2026/09/26 12:39:36.437, P0, 2520, 14201, 29.48, 0, 0x0000000000000000
2026/09/26 12:39:36.499, P0, 2520, 14201, 29.48, 0, 0x0000000000000000
2026/09/26 12:39:36.562, P0, 2520, 14201, 29.48, 0, 0x0000000000000000
2026/09/26 12:39:36.624, P0, 2520, 14201, 29.48, 0, 0x0000000000000000
2026/09/26 12:39:36.688, P0, 2535, 14201, 25.70, 0, 0x0000000000000000
2026/09/26 12:39:36.752, P0, 2535, 14201, 25.70, 0, 0x0000000000000000
2026/09/26 12:39:36.815, P0, 2535, 14201, 25.70, 0, 0x0000000000000000
2026/09/26 12:39:36.876, P0, 2535, 14201, 25.70, 0, 0x0000000000000000
2026/09/26 12:39:36.939, P0, 2535, 14201, 25.70, 0, 0x0000000000000000
2026/09/26 12:39:37.001, P0, 2535, 14201, 25.70, 0, 0x0000000000000000
2026/09/26 12:39:37.063, P0, 2535, 14201, 25.70, 0, 0x0000000000000000
2026/09/26 12:39:37.125, P0, 2535, 14201, 25.70, 0, 0x0000000000000000
2026/09/26 12:39:37.187, P3, 2535, 7001, 25.41, 0, 0x0000000000000000
2026/09/26 12:39:37.251, P3, 2535, 7001, 25.41, 0, 0x0000000000000000
2026/09/26 12:39:37.314, P3, 2535, 7001, 25.41, 0, 0x0000000000000000
2026/09/26 12:39:37.375, P3, 2535, 7001, 25.41, 0, 0x0000000000000000
2026/09/26 12:39:37.436, P3, 2535, 7001, 25.41, 0, 0x0000000000000000
2026/09/26 12:39:37.498, P3, 2535, 7001, 25.41, 0, 0x0000000000000000
2026/09/26 12:39:37.561, P3, 2535, 7001, 25.41, 0, 0x0000000000000000
2026/09/26 12:39:37.624, P3, 2535, 7001, 25.41, 0, 0x0000000000000000
2026/09/26 12:39:37.687, P3, 1072, 7001, 21.03, 0, 0x0000000000000000
2026/09/26 12:39:37.749, P3, 1072, 7001, 21.03, 0, 0x0000000000000000
2026/09/26 12:39:37.812, P3, 1072, 7001, 21.03, 0, 0x0000000000000000
2026/09/26 12:39:37.874, P3, 1072, 7001, 21.03, 0, 0x0000000000000000
2026/09/26 12:39:37.937, P3, 1072, 7001, 21.03, 0, 0x0000000000000000
2026/09/26 12:39:37.999, P3, 1072, 7001, 21.03, 0, 0x0000000000000000
2026/09/26 12:39:38.060, P3, 1072, 7001, 21.03, 0, 0x0000000000000000
2026/09/26 12:39:38.122, P3, 1072, 7001, 21.03, 0, 0x0000000000000000
2026/09/26 12:39:38.185, P3, 900, 7001, 16.06, 1, 0x0000000000000000
2026/09/26 12:39:38.247, P3, 900, 7001, 16.06, 1, 0x0000000000000000
2026/09/26 12:39:38.310, P3, 900, 7001, 16.06, 1, 0x0000000000000000
2026/09/26 12:39:38.371, P3, 900, 7001, 16.06, 1, 0x0000000000000000
2026/09/26 12:39:38.433, P3, 900, 7001, 16.06, 1, 0x0000000000000000
2026/09/26 12:39:38.495, P3, 900, 7001, 16.06, 1, 0x0000000000000000
2026/09/26 12:39:38.557, P3, 900, 7001, 16.06, 1, 0x0000000000000000
2026/09/26 12:39:38.619, P3, 900, 7001, 16.06, 1, 0x0000000000000000
2026/09/26 12:39:38.682, P1, 1582, 14001, 19.03, 4, 0x0000000000000000
2026/09/26 12:39:38.746, P1, 1582, 14001, 19.03, 4, 0x0000000000000000
2026/09/26 12:39:38.808, P1, 1582, 14001, 19.03, 4, 0x0000000000000000
2026/09/26 12:39:38.869, P1, 1582, 14001, 19.03, 4, 0x0000000000000000
2026/09/26 12:39:38.931, P1, 1582, 14001, 19.03, 4, 0x0000000000000000
2026/09/26 12:39:38.995, P1, 1582, 14001, 19.03, 4, 0x0000000000000000
2026/09/26 12:39:39.058, P1, 1582, 14001, 19.03, 4, 0x0000000000000000
2026/09/26 12:39:39.121, P1, 1582, 14001, 19.03, 4, 0x0000000000000000
2026/09/26 12:39:39.185, P1, 2640, 14001, 27.52, 9, 0x0000000000000000
2026/09/26 12:39:39.247, P1, 2640, 14001, 27.52, 9, 0x0000000000000000
2026/09/26 12:39:39.310, P1, 2640, 14001, 27.52, 9, 0x0000000000000000
2026/09/26 12:39:39.374, P1, 2640, 14001, 27.52, 9, 0x0000000000000000
2026/09/26 12:39:39.437, P1, 2640, 14001, 27.52, 9, 0x0000000000000000
2026/09/26 12:39:39.499, P1, 2640, 14001, 27.52, 9, 0x0000000000000000
2026/09/26 12:39:39.563, P1, 2640, 14001, 27.52, 9, 0x0000000000000000
2026/09/26 12:39:39.626, P1, 2640, 14001, 27.52, 9, 0x0000000000000000
2026/09/26 12:39:39.688, P1, 2970, 14001, 38.59, 20, 0x0000000000000000
2026/09/26 12:39:39.751, P1, 2970, 14001, 38.59, 20, 0x0000000000000000
2026/09/26 12:39:39.813, P1, 2970, 14001, 38.59, 20, 0x0000000000000000
2026/09/26 12:39:39.875, P1, 2970, 14001, 38.59, 20, 0x0000000000000000
2026/09/26 12:39:39.938, P1, 2970, 14001, 38.59, 20, 0x0000000000000000
2026/09/26 12:39:40.001, P1, 2970, 14001, 38.59, 20, 0x0000000000000000
2026/09/26 12:39:40.064, P1, 2970, 14001, 38.59, 20, 0x0000000000000000
2026/09/26 12:39:40.126, P1, 2970, 14001, 38.59, 20, 0x0000000000000000
2026/09/26 12:39:40.190, P1, 2955, 14001, 43.35, 25, 0x0000000000000000
2026/09/26 12:39:40.252, P1, 2955, 14001, 43.35, 25, 0x0000000000000000
2026/09/26 12:39:40.314, P1, 2955, 14001, 43.35, 25, 0x0000000000000000
2026/09/26 12:39:40.376, P1, 2955, 14001, 43.35, 25, 0x0000000000000000
2026/09/26 12:39:40.436, P1, 2955, 14001, 43.35, 25, 0x0000000000000000
2026/09/26 12:39:40.499, P1, 2955, 14001, 43.35, 25, 0x0000000000000000
2026/09/26 12:39:40.563, P1, 2955, 14001, 43.35, 25, 0x0000000000000000
2026/09/26 12:39:40.625, P1, 2955, 14001, 43.35, 25, 0x0000000000000000
2026/09/26 12:39:40.687, P0, 2595, 14201, 37.88, 0, 0x0000000000000000
2026/09/26 12:39:40.748, P0, 2595, 14201, 37.88, 0, 0x0000000000000000
2026/09/26 12:39:40.811, P0, 2595, 14201, 37.88, 0, 0x0000000000000000
2026/09/26 12:39:40.873, P0, 2595, 14201, 37.88, 0, 0x0000000000000000
2026/09/26 12:39:40.935, P0, 2595, 14201, 37.88, 0, 0x0000000000000000
2026/09/26 12:39:40.997, P0, 2595, 14201, 37.88, 0, 0x0000000000000000
2026/09/26 12:39:41.060, P0, 2595, 14201, 37.88, 0, 0x0000000000000000
2026/09/26 12:39:41.120, P0, 2595, 14201, 37.88, 0, 0x0000000000000000
2026/09/26 12:39:41.182, P0, 2535, 14201, 30.53, 0, 0x0000000000000000
2026/09/26 12:39:41.246, P0, 2535, 14201, 30.53, 0, 0x0000000000000000
2026/09/26 12:39:41.308, P0, 2535, 14201, 30.53, 0, 0x0000000000000000
2026/09/26 12:39:41.370, P0, 2535, 14201, 30.53, 0, 0x0000000000000000
2026/09/26 12:39:41.434, P0, 2535, 14201, 30.53, 0, 0x0000000000000000
2026/09/26 12:39:41.497, P0, 2535, 14201, 30.53, 0, 0x0000000000000000
2026/09/26 12:39:41.558, P0, 2535, 14201, 30.53, 0, 0x0000000000000000
2026/09/26 12:39:41.621, P0, 2535, 14201, 30.53, 0, 0x0000000000000000
2026/09/26 12:39:41.684, P0, 2512, 14201, 25.88, 0, 0x0000000000000000
2026/09/26 12:39:41.746, P0, 2512, 14201, 25.88, 0, 0x0000000000000000
2026/09/26 12:39:41.809, P0, 2512, 14201, 25.88, 0, 0x0000000000000000
2026/09/26 12:39:41.870, P0, 2512, 14201, 25.88, 0, 0x0000000000000000
2026/09/26 12:39:41.932, P0, 2512, 14201, 25.88, 0, 0x0000000000000000
2026/09/26 12:39:41.995, P0, 2512, 14201, 25.88, 0, 0x0000000000000000
2026/09/26 12:39:42.057, P0, 2512, 14201, 25.88, 0, 0x0000000000000000
2026/09/26 12:39:42.119, P0, 2512, 14201, 25.88, 0, 0x0000000000000000
2026/09/26 12:39:42.182, P0, 2512, 14201, 25.55, 0, 0x0000000000000000
2026/09/26 12:39:42.244, P0, 2512, 14201, 25.55, 0, 0x0000000000000000
2026/09/26 12:39:42.307, P0, 2512, 14201, 25.55, 0, 0x0000000000000000
2026/09/26 12:39:42.370, P0, 2512, 14201, 25.55, 0, 0x0000000000000000
2026/09/26 12:39:42.432, P0, 2512, 14201, 25.55, 0, 0x0000000000000000
2026/09/26 12:39:42.494, P0, 2512, 14201, 25.55, 0, 0x0000000000000000
2026/09/26 12:39:42.556, P0, 2512, 14201, 25.55, 0, 0x0000000000000000
2026/09/26 12:39:42.618, P0, 2512, 14201, 25.55, 0, 0x0000000000000000
2026/09/26 12:39:42.681, P0, 2535, 14201, 25.48, 0, 0x0000000000000000
2026/09/26 12:39:42.744, P0, 2535, 14201, 25.48, 0, 0x0000000000000000
2026/09/26 12:39:42.807, P0, 2535, 14201, 25.48, 0, 0x0000000000000000
2026/09/26 12:39:42.870, P0, 2535, 14201, 25.48, 0, 0x0000000000000000
2026/09/26 12:39:42.933, P0, 2535, 14201, 25.48, 0, 0x0000000000000000
2026/09/26 12:39:42.995, P0, 2535, 14201, 25.48, 0, 0x0000000000000000
2026/09/26 12:39:43.057, P0, 2535, 14201, 25.48, 0, 0x0000000000000000
2026/09/26 12:39:43.118, P0, 2535, 14201, 25.48, 0, 0x0000000000000000
2026/09/26 12:39:43.180, P3, 2535, 7001, 25.27, 0, 0x0000000000000000
2026/09/26 12:39:43.243, P3, 2535, 7001, 25.27, 0, 0x0000000000000000
2026/09/26 12:39:43.305, P3, 2535, 7001, 25.27, 0, 0x0000000000000000
2026/09/26 12:39:43.368, P3, 2535, 7001, 25.27, 0, 0x0000000000000000
2026/09/26 12:39:43.431, P3, 2535, 7001, 25.27, 0, 0x0000000000000000
2026/09/26 12:39:43.494, P3, 2535, 7001, 25.27, 0, 0x0000000000000000
2026/09/26 12:39:43.557, P3, 2535, 7001, 25.27, 0, 0x0000000000000000
2026/09/26 12:39:43.620, P3, 2535, 7001, 25.27, 0, 0x0000000000000000
2026/09/26 12:39:43.684, P1, 1372, 14001, 22.99, 6, 0x0000000000000000
2026/09/26 12:39:43.746, P1, 1372, 14001, 22.99, 6, 0x0000000000000000
2026/09/26 12:39:43.810, P1, 1372, 14001, 22.99, 6, 0x0000000000000000
2026/09/26 12:39:43.871, P1, 1372, 14001, 22.99, 6, 0x0000000000000000
2026/09/26 12:39:43.934, P1, 1372, 14001, 22.99, 6, 0x0000000000000000
2026/09/26 12:39:43.995, P1, 1372, 14001, 22.99, 6, 0x0000000000000000
2026/09/26 12:39:44.059, P1, 1372, 14001, 22.99, 6, 0x0000000000000000
2026/09/26 12:39:44.123, P1, 1372, 14001, 22.99, 6, 0x0000000000000000
2026/09/26 12:39:44.186, P1, 2895, 14001, 29.81, 22, 0x0000000000000000
2026/09/26 12:39:44.248, P1, 2895, 14001, 29.81, 22, 0x0000000000000000
2026/09/26 12:39:44.311, P1, 2895, 14001, 29.81, 22, 0x0000000000000000
2026/09/26 12:39:44.373, P1, 2895, 14001, 29.81, 22, 0x0000000000000000
2026/09/26 12:39:44.435, P1, 2895, 14001, 29.81, 22, 0x0000000000000000
2026/09/26 12:39:44.498, P1, 2895, 14001, 29.81, 22, 0x0000000000000000
2026/09/26 12:39:44.560, P1, 2895, 14001, 29.81, 22, 0x0000000000000000
2026/09/26 12:39:44.623, P1, 2895, 14001, 29.81, 22, 0x0000000000000000
2026/09/26 12:39:44.686, P1, 2955, 14001, 40.76, 17, 0x0000000000000000
2026/09/26 12:39:44.747, P1, 2955, 14001, 40.76, 17, 0x0000000000000000
2026/09/26 12:39:44.810, P1, 2955, 14001, 40.76, 17, 0x0000000000000000
2026/09/26 12:39:44.873, P1, 2955, 14001, 40.76, 17, 0x0000000000000000
2026/09/26 12:39:44.935, P1, 2955, 14001, 40.76, 17, 0x0000000000000000
2026/09/26 12:39:44.999, P1, 2955, 14001, 40.76, 17, 0x0000000000000000
2026/09/26 12:39:45.062, P1, 2955, 14001, 40.76, 17, 0x0000000000000000
2026/09/26 12:39:45.125, P1, 2955, 14001, 40.76, 17, 0x0000000000000000
2026/09/26 12:39:45.188, P0, 2872, 14001, 41.83, 7, 0x0000000000000000
2026/09/26 12:39:45.250, P0, 2872, 14001, 41.83, 7, 0x0000000000000000
2026/09/26 12:39:45.313, P0, 2872, 14001, 41.83, 7, 0x0000000000000000
2026/09/26 12:39:45.375, P0, 2872, 14001, 41.83, 7, 0x0000000000000000
2026/09/26 12:39:45.438, P0, 2872, 14001, 41.83, 7, 0x0000000000000000
2026/09/26 12:39:45.501, P0, 2872, 14001, 41.83, 7, 0x0000000000000000
2026/09/26 12:39:45.562, P0, 2872, 14001, 41.83, 7, 0x0000000000000000
2026/09/26 12:39:45.625, P0, 2872, 14001, 41.83, 7, 0x0000000000000000
2026/09/26 12:39:45.687, P0, 2535, 14201, 35.52, 0, 0x0000000000000000
2026/09/26 12:39:45.749, P0, 2535, 14201, 35.52, 0, 0x0000000000000000
2026/09/26 12:39:45.811, P0, 2535, 14201, 35.52, 0, 0x0000000000000000
2026/09/26 12:39:45.874, P0, 2535, 14201, 35.52, 0, 0x0000000000000000
2026/09/26 12:39:45.936, P0, 2535, 14201, 35.52, 0, 0x0000000000000000
2026/09/26 12:39:45.997, P0, 2535, 14201, 35.52, 0, 0x0000000000000000
2026/09/26 12:39:46.060, P0, 2535, 14201, 35.52, 0, 0x0000000000000000
2026/09/26 12:39:46.123, P0, 2535, 14201, 35.52, 0, 0x0000000000000000
2026/09/26 12:39:46.186, P0, 2535, 14201, 27.48, 0, 0x0000000000000000
2026/09/26 12:39:46.248, P0, 2535, 14201, 27.48, 0, 0x0000000000000000
2026/09/26 12:39:46.310, P0, 2535, 14201, 27.48, 0, 0x0000000000000000
2026/09/26 12:39:46.372, P0, 2535, 14201, 27.48, 0, 0x0000000000000000
2026/09/26 12:39:46.436, P0, 2535, 14201, 27.48, 0, 0x0000000000000000
2026/09/26 12:39:46.498, P0, 2535, 14201, 27.48, 0, 0x0000000000000000
2026/09/26 12:39:46.561, P0, 2535, 14201, 27.48, 0, 0x0000000000000000
2026/09/26 12:39:46.623, P0, 2535, 14201, 27.48, 0, 0x0000000000000000
2026/09/26 12:39:46.685, P0, 2535, 14201, 25.90, 0, 0x0000000000000000
2026/09/26 12:39:46.747, P0, 2535, 14201, 25.90, 0, 0x0000000000000000
2026/09/26 12:39:46.808, P0, 2535, 14201, 25.90, 0, 0x0000000000000000
2026/09/26 12:39:46.869, P0, 2535, 14201, 25.90, 0, 0x0000000000000000
2026/09/26 12:39:46.932, P0, 2535, 14201, 25.90, 0, 0x0000000000000000
2026/09/26 12:39:46.995, P0, 2535, 14201, 25.90, 0, 0x0000000000000000
2026/09/26 12:39:47.056, P0, 2535, 14201, 25.90, 0, 0x0000000000000000
2026/09/26 12:39:47.118, P0, 2535, 14201, 25.90, 0, 0x0000000000000000
2026/09/26 12:39:47.181, P3, 2535, 7001, 25.49, 0, 0x0000000000000000
2026/09/26 12:39:47.244, P3, 2535, 7001, 25.49, 0, 0x0000000000000000
2026/09/26 12:39:47.306, P3, 2535, 7001, 25.49, 0, 0x0000000000000000
2026/09/26 12:39:47.368, P3, 2535, 7001, 25.49, 0, 0x0000000000000000
2026/09/26 12:39:47.430, P3, 2535, 7001, 25.49, 0, 0x0000000000000000
2026/09/26 12:39:47.491, P3, 2535, 7001, 25.49, 0, 0x0000000000000000
2026/09/26 12:39:47.554, P3, 2535, 7001, 25.49, 0, 0x0000000000000000
2026/09/26 12:39:47.616, P3, 2535, 7001, 25.49, 0, 0x0000000000000000
2026/09/26 12:39:47.677, P3, 877, 7001, 20.55, 0, 0x0000000000000000
2026/09/26 12:39:47.740, P3, 877, 7001, 20.55, 0, 0x0000000000000000
2026/09/26 12:39:47.802, P3, 877, 7001, 20.55, 0, 0x0000000000000000
2026/09/26 12:39:47.865, P3, 877, 7001, 20.55, 0, 0x0000000000000000
2026/09/26 12:39:47.928, P3, 877, 7001, 20.55, 0, 0x0000000000000000
2026/09/26 12:39:47.990, P3, 877, 7001, 20.55, 0, 0x0000000000000000
2026/09/26 12:39:48.051, P3, 877, 7001, 20.55, 0, 0x0000000000000000
2026/09/26 12:39:48.112, P3, 877, 7001, 20.55, 0, 0x0000000000000000
2026/09/26 12:39:48.174, P3, 750, 7001, 15.63, 0, 0x0000000000000000
2026/09/26 12:39:48.238, P3, 750, 7001, 15.63, 0, 0x0000000000000000
2026/09/26 12:39:48.300, P3, 750, 7001, 15.63, 0, 0x0000000000000000
2026/09/26 12:39:48.364, P3, 750, 7001, 15.63, 0, 0x0000000000000000
2026/09/26 12:39:48.427, P3, 750, 7001, 15.63, 0, 0x0000000000000000
2026/09/26 12:39:48.491, P3, 750, 7001, 15.63, 0, 0x0000000000000000
2026/09/26 12:39:48.554, P3, 750, 7001, 15.63, 0, 0x0000000000000000
2026/09/26 12:39:48.615, P3, 750, 7001, 15.63, 0, 0x0000000000000000
2026/09/26 12:39:48.678, P0, 2512, 14201, 20.05, 6, 0x0000000000000000
2026/09/26 12:39:48.740, P0, 2512, 14201, 20.05, 6, 0x0000000000000000
2026/09/26 12:39:48.803, P0, 2512, 14201, 20.05, 6, 0x0000000000000000
2026/09/26 12:39:48.867, P0, 2512, 14201, 20.05, 6, 0x0000000000000000
2026/09/26 12:39:48.929, P0, 2512, 14201, 20.05, 6, 0x0000000000000000
2026/09/26 12:39:48.991, P0, 2512, 14201, 20.05, 6, 0x0000000000000000
2026/09/26 12:39:49.052, P0, 2512, 14201, 20.05, 6, 0x0000000000000000
2026/09/26 12:39:49.114, P0, 2512, 14201, 20.05, 6, 0x0000000000000000
2026/09/26 12:39:49.176, P0, 2535, 14201, 25.97, 0, 0x0000000000000000
2026/09/26 12:39:49.238, P0, 2535, 14201, 25.97, 0, 0x0000000000000000
2026/09/26 12:39:49.300, P0, 2535, 14201, 25.97, 0, 0x0000000000000000
2026/09/26 12:39:49.363, P0, 2535, 14201, 25.97, 0, 0x0000000000000000
2026/09/26 12:39:49.424, P0, 2535, 14201, 25.97, 0, 0x0000000000000000
2026/09/26 12:39:49.487, P0, 2535, 14201, 25.97, 0, 0x0000000000000000
2026/09/26 12:39:49.550, P0, 2535, 14201, 25.97, 0, 0x0000000000000000
2026/09/26 12:39:49.612, P0, 2535, 14201, 25.97, 0, 0x0000000000000000
2026/09/26 12:39:49.674, P0, 2535, 14201, 25.87, 0, 0x0000000000000000
2026/09/26 12:39:49.737, P0, 2535, 14201, 25.87, 0, 0x0000000000000000
2026/09/26 12:39:49.799, P0, 2535, 14201, 25.87, 0, 0x0000000000000000
2026/09/26 12:39:49.861, P0, 2535, 14201, 25.87, 0, 0x0000000000000000
2026/09/26 12:39:49.922, P0, 2535, 14201, 25.87, 0, 0x0000000000000000
2026/09/26 12:39:49.983, P0, 2535, 14201, 25.87, 0, 0x0000000000000000
2026/09/26 12:39:50.045, P0, 2535, 14201, 25.87, 0, 0x0000000000000000
2026/09/26 12:39:50.107, P0, 2535, 14201, 25.87, 0, 0x0000000000000000
2026/09/26 12:39:50.171, P0, 2535, 14201, 25.88, 0, 0x0000000000000000
2026/09/26 12:39:50.232, P0, 2535, 14201, 25.88, 0, 0x0000000000000000
2026/09/26 12:39:50.297, P0, 2535, 14201, 25.88, 0, 0x0000000000000000
2026/09/26 12:39:50.360, P0, 2535, 14201, 25.88, 0, 0x0000000000000000
2026/09/26 12:39:50.422, P0, 2535, 14201, 25.88, 0, 0x0000000000000000
2026/09/26 12:39:50.484, P0, 2535, 14201, 25.88, 0, 0x0000000000000000
2026/09/26 12:39:50.545, P0, 2535, 14201, 25.88, 0, 0x0000000000000000
2026/09/26 12:39:50.607, P0, 2535, 14201, 25.88, 0, 0x0000000000000000
2026/09/26 12:39:50.669, P0, 2512, 14201, 25.54, 0, 0x0000000000000000
2026/09/26 12:39:50.732, P0, 2512, 14201, 25.54, 0, 0x0000000000000000
2026/09/26 12:39:50.795, P0, 2512, 14201, 25.54, 0, 0x0000000000000000
2026/09/26 12:39:50.857, P0, 2512, 14201, 25.54, 0, 0x0000000000000000
2026/09/26 12:39:50.919, P0, 2512, 14201, 25.54, 0, 0x0000000000000000
2026/09/26 12:39:50.982, P0, 2512, 14201, 25.54, 0, 0x0000000000000000
2026/09/26 12:39:51.045, P0, 2512, 14201, 25.54, 0, 0x0000000000000000
2026/09/26 12:39:51.108, P0, 2512, 14201, 25.54, 0, 0x0000000000000000
2026/09/26 12:39:51.171, P3, 2512, 7001, 24.82, 0, 0x0000000000000000
2026/09/26 12:39:51.234, P3, 2512, 7001, 24.82, 0, 0x0000000000000000
2026/09/26 12:39:51.297, P3, 2512, 7001, 24.82, 0, 0x0000000000000000
2026/09/26 12:39:51.359, P3, 2512, 7001, 24.82, 0, 0x0000000000000000
2026/09/26 12:39:51.422, P3, 2512, 7001, 24.82, 0, 0x0000000000000000
2026/09/26 12:39:51.484, P3, 2512, 7001, 24.82, 0, 0x0000000000000000
2026/09/26 12:39:51.548, P3, 2512, 7001, 24.82, 0, 0x0000000000000000
2026/09/26 12:39:51.610, P3, 2512, 7001, 24.82, 0, 0x0000000000000000
2026/09/26 12:39:51.673, P1, 675, 14001, 20.22, 0, 0x0000000000000000
2026/09/26 12:39:51.736, P1, 675, 14001, 20.22, 0, 0x0000000000000000
2026/09/26 12:39:51.798, P1, 675, 14001, 20.22, 0, 0x0000000000000000
2026/09/26 12:39:51.861, P1, 675, 14001, 20.22, 0, 0x0000000000000000
2026/09/26 12:39:51.923, P1, 675, 14001, 20.22, 0, 0x0000000000000000
2026/09/26 12:39:51.987, P1, 675, 14001, 20.22, 0, 0x0000000000000000
2026/09/26 12:39:52.051, P1, 675, 14001, 20.22, 0, 0x0000000000000000
2026/09/26 12:39:52.114, P1, 675, 14001, 20.22, 0, 0x0000000000000000
2026/09/26 12:39:52.177, P1, 2895, 14001, 27.53, 25, 0x0000000000000000
2026/09/26 12:39:52.240, P1, 2895, 14001, 27.53, 25, 0x0000000000000000
2026/09/26 12:39:52.302, P1, 2895, 14001, 27.53, 25, 0x0000000000000000
2026/09/26 12:39:52.366, P1, 2895, 14001, 27.53, 25, 0x0000000000000000
2026/09/26 12:39:52.427, P1, 2895, 14001, 27.53, 25, 0x0000000000000000
2026/09/26 12:39:52.491, P1, 2895, 14001, 27.53, 25, 0x0000000000000000
2026/09/26 12:39:52.553, P1, 2895, 14001, 27.53, 25, 0x0000000000000000
2026/09/26 12:39:52.616, P1, 2895, 14001, 27.53, 25, 0x0000000000000000
2026/09/26 12:39:52.678, P1, 2970, 14001, 41.94, 23, 0x0000000000000000
2026/09/26 12:39:52.741, P1, 2970, 14001, 41.94, 23, 0x0000000000000000
2026/09/26 12:39:52.803, P1, 2970, 14001, 41.94, 23, 0x0000000000000000
2026/09/26 12:39:52.866, P1, 2970, 14001, 41.94, 23, 0x0000000000000000
2026/09/26 12:39:52.930, P1, 2970, 14001, 41.94, 23, 0x0000000000000000
2026/09/26 12:39:52.993, P1, 2970, 14001, 41.94, 23, 0x0000000000000000
2026/09/26 12:39:53.055, P1, 2970, 14001, 41.94, 23, 0x0000000000000000
2026/09/26 12:39:53.119, P1, 2970, 14001, 41.94, 23, 0x0000000000000000
2026/09/26 12:39:53.181, P1, 2962, 14001, 43.51, 11, 0x0000000000000000
2026/09/26 12:39:53.244, P1, 2962, 14001, 43.51, 11, 0x0000000000000000
2026/09/26 12:39:53.306, P1, 2962, 14001, 43.51, 11, 0x0000000000000000
2026/09/26 12:39:53.368, P1, 2962, 14001, 43.51, 11, 0x0000000000000000
2026/09/26 12:39:53.430, P1, 2962, 14001, 43.51, 11, 0x0000000000000000
2026/09/26 12:39:53.494, P1, 2962, 14001, 43.51, 11, 0x0000000000000000
2026/09/26 12:39:53.555, P1, 2962, 14001, 43.51, 11, 0x0000000000000000
2026/09/26 12:39:53.618, P1, 2962, 14001, 43.51, 11, 0x0000000000000000
2026/09/26 12:39:53.680, P0, 2662, 14201, 38.44, 5, 0x0000000000000000
2026/09/26 12:39:53.744, P0, 2662, 14201, 38.44, 5, 0x0000000000000000
2026/09/26 12:39:53.807, P0, 2662, 14201, 38.44, 5, 0x0000000000000000
2026/09/26 12:39:53.869, P0, 2662, 14201, 38.44, 5, 0x0000000000000000
2026/09/26 12:39:53.931, P0, 2662, 14201, 38.44, 5, 0x0000000000000000
2026/09/26 12:39:53.993, P0, 2662, 14201, 38.44, 5, 0x0000000000000000
2026/09/26 12:39:54.055, P0, 2662, 14201, 38.44, 5, 0x0000000000000000
2026/09/26 12:39:54.117, P0, 2662, 14201, 38.44, 5, 0x0000000000000000
2026/09/26 12:39:54.179, P0, 2512, 14201, 30.33, 0, 0x0000000000000000
2026/09/26 12:39:54.241, P0, 2512, 14201, 30.33, 0, 0x0000000000000000
2026/09/26 12:39:54.304, P0, 2512, 14201, 30.33, 0, 0x0000000000000000
2026/09/26 12:39:54.365, P0, 2512, 14201, 30.33, 0, 0x0000000000000000
2026/09/26 12:39:54.428, P0, 2512, 14201, 30.33, 0, 0x0000000000000000
2026/09/26 12:39:54.490, P0, 2512, 14201, 30.33, 0, 0x0000000000000000
2026/09/26 12:39:54.552, P0, 2512, 14201, 30.33, 0, 0x0000000000000000
2026/09/26 12:39:54.613, P0, 2512, 14201, 30.33, 0, 0x0000000000000000
2026/09/26 12:39:54.676, P0, 2535, 14201, 25.81, 0, 0x0000000000000000
2026/09/26 12:39:54.739, P0, 2535, 14201, 25.81, 0, 0x0000000000000000
2026/09/26 12:39:54.801, P0, 2535, 14201, 25.81, 0, 0x0000000000000000
2026/09/26 12:39:54.864, P0, 2535, 14201, 25.81, 0, 0x0000000000000000
2026/09/26 12:39:54.928, P0, 2535, 14201, 25.81, 0, 0x0000000000000000
2026/09/26 12:39:54.990, P0, 2535, 14201, 25.81, 0, 0x0000000000000000
2026/09/26 12:39:55.052, P0, 2535, 14201, 25.81, 0, 0x0000000000000000
2026/09/26 12:39:55.113, P0, 2535, 14201, 25.81, 0, 0x0000000000000000
2026/09/26 12:39:55.176, P0, 2535, 14201, 25.95, 0, 0x0000000000000000
2026/09/26 12:39:55.238, P0, 2535, 14201, 25.95, 0, 0x0000000000000000
2026/09/26 12:39:55.299, P0, 2535, 14201, 25.95, 0, 0x0000000000000000
2026/09/26 12:39:55.362, P0, 2535, 14201, 25.95, 0, 0x0000000000000000
2026/09/26 12:39:55.425, P0, 2535, 14201, 25.95, 0, 0x0000000000000000
2026/09/26 12:39:55.486, P0, 2535, 14201, 25.95, 0, 0x0000000000000000
2026/09/26 12:39:55.549, P0, 2535, 14201, 25.95, 0, 0x0000000000000000
2026/09/26 12:39:55.613, P0, 2535, 14201, 25.95, 0, 0x0000000000000000
2026/09/26 12:39:55.675, P0, 2535, 14201, 25.97, 0, 0x0000000000000000
2026/09/26 12:39:55.739, P0, 2535, 14201, 25.97, 0, 0x0000000000000000
2026/09/26 12:39:55.803, P0, 2535, 14201, 25.97, 0, 0x0000000000000000
2026/09/26 12:39:55.865, P0, 2535, 14201, 25.97, 0, 0x0000000000000000
2026/09/26 12:39:55.927, P0, 2535, 14201, 25.97, 0, 0x0000000000000000
2026/09/26 12:39:55.989, P0, 2535, 14201, 25.97, 0, 0x0000000000000000
2026/09/26 12:39:56.051, P0, 2535, 14201, 25.97, 0, 0x0000000000000000
2026/09/26 12:39:56.114, P0, 2535, 14201, 25.97, 0, 0x0000000000000000
2026/09/26 12:39:56.175, P3, 2535, 7001, 24.48, 0, 0x0000000000000000
2026/09/26 12:39:56.237, P3, 2535, 7001, 24.48, 0, 0x0000000000000000
2026/09/26 12:39:56.299, P3, 2535, 7001, 24.48, 0, 0x0000000000000000
2026/09/26 12:39:56.361, P3, 2535, 7001, 24.48, 0, 0x0000000000000000
2026/09/26 12:39:56.425, P3, 2535, 7001, 24.48, 0, 0x0000000000000000
2026/09/26 12:39:56.486, P3, 2535, 7001, 24.48, 0, 0x0000000000000000
2026/09/26 12:39:56.550, P3, 2535, 7001, 24.48, 0, 0x0000000000000000
2026/09/26 12:39:56.612, P3, 2535, 7001, 24.48, 0, 0x0000000000000000
2026/09/26 12:39:56.674, P3, 697, 7001, 18.93, 0, 0x0000000000000000
2026/09/26 12:39:56.737, P3, 697, 7001, 18.93, 0, 0x0000000000000000
2026/09/26 12:39:56.800, P3, 697, 7001, 18.93, 0, 0x0000000000000000
2026/09/26 12:39:56.863, P3, 697, 7001, 18.93, 0, 0x0000000000000000
2026/09/26 12:39:56.927, P3, 697, 7001, 18.93, 0, 0x0000000000000000
2026/09/26 12:39:56.988, P3, 697, 7001, 18.93, 0, 0x0000000000000000
2026/09/26 12:39:57.051, P3, 697, 7001, 18.93, 0, 0x0000000000000000
2026/09/26 12:39:57.114, P3, 697, 7001, 18.93, 0, 0x0000000000000000
2026/09/26 12:39:57.176, P1, 2640, 14001, 22.89, 6, 0x0000000000000000
2026/09/26 12:39:57.238, P1, 2640, 14001, 22.89, 6, 0x0000000000000000
2026/09/26 12:39:57.301, P1, 2640, 14001, 22.89, 6, 0x0000000000000000
2026/09/26 12:39:57.364, P1, 2640, 14001, 22.89, 6, 0x0000000000000000
2026/09/26 12:39:57.426, P1, 2640, 14001, 22.89, 6, 0x0000000000000000
2026/09/26 12:39:57.488, P1, 2640, 14001, 22.89, 6, 0x0000000000000000
2026/09/26 12:39:57.551, P1, 2640, 14001, 22.89, 6, 0x0000000000000000
2026/09/26 12:39:57.613, P1, 2640, 14001, 22.89, 6, 0x0000000000000000
2026/09/26 12:39:57.676, P1, 2962, 14001, 35.85, 25, 0x0000000000000000
2026/09/26 12:39:57.739, P1, 2962, 14001, 35.85, 25, 0x0000000000000000
2026/09/26 12:39:57.802, P1, 2962, 14001, 35.85, 25, 0x0000000000000000
2026/09/26 12:39:57.864, P1, 2962, 14001, 35.85, 25, 0x0000000000000000
2026/09/26 12:39:57.927, P1, 2962, 14001, 35.85, 25, 0x0000000000000000
2026/09/26 12:39:57.990, P1, 2962, 14001, 35.85, 25, 0x0000000000000000
2026/09/26 12:39:58.052, P1, 2962, 14001, 35.85, 25, 0x0000000000000000
2026/09/26 12:39:58.115, P1, 2962, 14001, 35.85, 25, 0x0000000000000000
2026/09/26 12:39:58.178, P1, 2955, 14001, 43.74, 25, 0x0000000000000000
2026/09/26 12:39:58.240, P1, 2955, 14001, 43.74, 25, 0x0000000000000000
2026/09/26 12:39:58.303, P1, 2955, 14001, 43.74, 25, 0x0000000000000000
2026/09/26 12:39:58.365, P1, 2955, 14001, 43.74, 25, 0x0000000000000000
2026/09/26 12:39:58.429, P1, 2955, 14001, 43.74, 25, 0x0000000000000000
2026/09/26 12:39:58.490, P1, 2955, 14001, 43.74, 25, 0x0000000000000000
2026/09/26 12:39:58.552, P1, 2955, 14001, 43.74, 25, 0x0000000000000000
2026/09/26 12:39:58.615, P1, 2955, 14001, 43.74, 25, 0x0000000000000000
2026/09/26 12:39:58.678, P0, 2655, 14201, 39.50, 10, 0x0000000000000000
2026/09/26 12:39:58.739, P0, 2655, 14201, 39.50, 10, 0x0000000000000000
2026/09/26 12:39:58.803, P0, 2655, 14201, 39.50, 10, 0x0000000000000000
2026/09/26 12:39:58.866, P0, 2655, 14201, 39.50, 10, 0x0000000000000000
2026/09/26 12:39:58.929, P0, 2655, 14201, 39.50, 10, 0x0000000000000000
2026/09/26 12:39:58.991, P0, 2655, 14201, 39.50, 10, 0x0000000000000000
2026/09/26 12:39:59.054, P0, 2655, 14201, 39.50, 10, 0x0000000000000000
2026/09/26 12:39:59.117, P0, 2655, 14201, 39.50, 10, 0x0000000000000000
2026/09/26 12:39:59.179, P1, 2970, 14001, 39.39, 16, 0x0000000000000000
2026/09/26 12:39:59.243, P1, 2970, 14001, 39.39, 16, 0x0000000000000000
2026/09/26 12:39:59.306, P1, 2970, 14001, 39.39, 16, 0x0000000000000000
2026/09/26 12:39:59.369, P1, 2970, 14001, 39.39, 16, 0x0000000000000000
2026/09/26 12:39:59.431, P1, 2970, 14001, 39.39, 16, 0x0000000000000000
2026/09/26 12:39:59.493, P1, 2970, 14001, 39.39, 16, 0x0000000000000000
2026/09/26 12:39:59.556, P1, 2970, 14001, 39.39, 16, 0x0000000000000000
2026/09/26 12:39:59.619, P1, 2970, 14001, 39.39, 16, 0x0000000000000000
2026/09/26 12:39:59.683, P1, 2955, 14001, 43.26, 9, 0x0000000000000000
2026/09/26 12:39:59.746, P1, 2955, 14001, 43.26, 9, 0x0000000000000000
2026/09/26 12:39:59.808, P1, 2955, 14001, 43.26, 9, 0x0000000000000000
2026/09/26 12:39:59.870, P1, 2955, 14001, 43.26, 9, 0x0000000000000000
2026/09/26 12:39:59.933, P1, 2955, 14001, 43.26, 9, 0x0000000000000000
2026/09/26 12:39:59.995, P1, 2955, 14001, 43.26, 9, 0x0000000000000000
2026/09/26 12:40:00.058, P1, 2955, 14001, 43.26, 9, 0x0000000000000000
2026/09/26 12:40:00.120, P1, 2955, 14001, 43.26, 9, 0x0000000000000000
2026/09/26 12:40:00.181, P0, 2850, 14201, 39.80, 5, 0x0000000000000000
2026/09/26 12:40:00.244, P0, 2850, 14201, 39.80, 5, 0x0000000000000000
2026/09/26 12:40:00.307, P0, 2850, 14201, 39.80, 5, 0x0000000000000000
2026/09/26 12:40:00.368, P0, 2850, 14201, 39.80, 5, 0x0000000000000000
2026/09/26 12:40:00.430, P0, 2850, 14201, 39.80, 5, 0x0000000000000000
2026/09/26 12:40:00.493, P0, 2850, 14201, 39.80, 5, 0x0000000000000000
2026/09/26 12:40:00.556, P0, 2850, 14201, 39.80, 5, 0x0000000000000000
2026/09/26 12:40:00.617, P0, 2850, 14201, 39.80, 5, 0x0000000000000000
2026/09/26 12:40:00.680, P0, 2535, 14201, 32.07, 0, 0x0000000000000000
2026/09/26 12:40:00.743, P0, 2535, 14201, 32.07, 0, 0x0000000000000000
2026/09/26 12:40:00.805, P0, 2535, 14201, 32.07, 0, 0x0000000000000000
2026/09/26 12:40:00.868, P0, 2535, 14201, 32.07, 0, 0x0000000000000000
2026/09/26 12:40:00.929, P0, 2535, 14201, 32.07, 0, 0x0000000000000000
2026/09/26 12:40:00.993, P0, 2535, 14201, 32.07, 0, 0x0000000000000000
2026/09/26 12:40:01.055, P0, 2535, 14201, 32.07, 0, 0x0000000000000000
2026/09/26 12:40:01.116, P0, 2535, 14201, 32.07, 0, 0x0000000000000000
2026/09/26 12:40:01.178, P0, 2542, 14201, 26.06, 0, 0x0000000000000000
2026/09/26 12:40:01.240, P0, 2542, 14201, 26.06, 0, 0x0000000000000000
2026/09/26 12:40:01.302, P0, 2542, 14201, 26.06, 0, 0x0000000000000000
2026/09/26 12:40:01.364, P0, 2542, 14201, 26.06, 0, 0x0000000000000000
2026/09/26 12:40:01.427, P0, 2542, 14201, 26.06, 0, 0x0000000000000000
2026/09/26 12:40:01.489, P0, 2542, 14201, 26.06, 0, 0x0000000000000000
2026/09/26 12:40:01.552, P0, 2542, 14201, 26.06, 0, 0x0000000000000000
2026/09/26 12:40:01.614, P0, 2542, 14201, 26.06, 0, 0x0000000000000000
2026/09/26 12:40:01.677, P0, 2535, 14201, 26.08, 0, 0x0000000000000000
2026/09/26 12:40:01.739, P0, 2535, 14201, 26.08, 0, 0x0000000000000000
2026/09/26 12:40:01.803, P0, 2535, 14201, 26.08, 0, 0x0000000000000000
2026/09/26 12:40:01.865, P0, 2535, 14201, 26.08, 0, 0x0000000000000000
2026/09/26 12:40:01.927, P0, 2535, 14201, 26.08, 0, 0x0000000000000000
2026/09/26 12:40:01.989, P0, 2535, 14201, 26.08, 0, 0x0000000000000000
2026/09/26 12:40:02.051, P0, 2535, 14201, 26.08, 0, 0x0000000000000000
2026/09/26 12:40:02.112, P0, 2535, 14201, 26.08, 0, 0x0000000000000000
2026/09/26 12:40:02.174, P3, 2535, 7001, 24.62, 0, 0x0000000000000000
2026/09/26 12:40:02.238, P3, 2535, 7001, 24.62, 0, 0x0000000000000000
2026/09/26 12:40:02.301, P3, 2535, 7001, 24.62, 0, 0x0000000000000000
2026/09/26 12:40:02.363, P3, 2535, 7001, 24.62, 0, 0x0000000000000000
2026/09/26 12:40:02.424, P3, 2535, 7001, 24.62, 0, 0x0000000000000000
2026/09/26 12:40:02.485, P3, 2535, 7001, 24.62, 0, 0x0000000000000000
2026/09/26 12:40:02.548, P3, 2535, 7001, 24.62, 0, 0x0000000000000000
2026/09/26 12:40:02.611, P3, 2535, 7001, 24.62, 0, 0x0000000000000000
2026/09/26 12:40:02.672, P3, 862, 7001, 19.09, 0, 0x0000000000000000
2026/09/26 12:40:02.734, P3, 862, 7001, 19.09, 0, 0x0000000000000000
2026/09/26 12:40:02.796, P3, 862, 7001, 19.09, 0, 0x0000000000000000
2026/09/26 12:40:02.858, P3, 862, 7001, 19.09, 0, 0x0000000000000000
2026/09/26 12:40:02.921, P3, 862, 7001, 19.09, 0, 0x0000000000000000
2026/09/26 12:40:02.985, P3, 862, 7001, 19.09, 0, 0x0000000000000000
2026/09/26 12:40:03.049, P3, 862, 7001, 19.09, 0, 0x0000000000000000
2026/09/26 12:40:03.110, P3, 862, 7001, 19.09, 0, 0x0000000000000000
2026/09/26 12:40:03.172, P0, 690, 14201, 16.11, 0, 0x0000000000000000
2026/09/26 12:40:03.235, P0, 690, 14201, 16.11, 0, 0x0000000000000000
2026/09/26 12:40:03.297, P0, 690, 14201, 16.11, 0, 0x0000000000000000
2026/09/26 12:40:03.359, P0, 690, 14201, 16.11, 0, 0x0000000000000000
2026/09/26 12:40:03.422, P0, 690, 14201, 16.11, 0, 0x0000000000000000
2026/09/26 12:40:03.485, P0, 690, 14201, 16.11, 0, 0x0000000000000000
2026/09/26 12:40:03.548, P0, 690, 14201, 16.11, 0, 0x0000000000000000
2026/09/26 12:40:03.612, P0, 690, 14201, 16.11, 0, 0x0000000000000000
2026/09/26 12:40:03.675, P0, 2790, 14201, 23.97, 5, 0x0000000000000000
2026/09/26 12:40:03.738, P0, 2790, 14201, 23.97, 5, 0x0000000000000000
2026/09/26 12:40:03.801, P0, 2790, 14201, 23.97, 5, 0x0000000000000000
2026/09/26 12:40:03.864, P0, 2790, 14201, 23.97, 5, 0x0000000000000000
2026/09/26 12:40:03.926, P0, 2790, 14201, 23.97, 5, 0x0000000000000000
2026/09/26 12:40:03.989, P0, 2790, 14201, 23.97, 5, 0x0000000000000000
2026/09/26 12:40:04.053, P0, 2790, 14201, 23.97, 5, 0x0000000000000000
2026/09/26 12:40:04.116, P0, 2790, 14201, 23.97, 5, 0x0000000000000000
2026/09/26 12:40:04.178, P1, 2857, 14001, 35.56, 25, 0x0000000000000000
2026/09/26 12:40:04.241, P1, 2857, 14001, 35.56, 25, 0x0000000000000000
2026/09/26 12:40:04.304, P1, 2857, 14001, 35.56, 25, 0x0000000000000000
2026/09/26 12:40:04.367, P1, 2857, 14001, 35.56, 25, 0x0000000000000000
2026/09/26 12:40:04.430, P1, 2857, 14001, 35.56, 25, 0x0000000000000000
2026/09/26 12:40:04.492, P1, 2857, 14001, 35.56, 25, 0x0000000000000000
2026/09/26 12:40:04.556, P1, 2857, 14001, 35.56, 25, 0x0000000000000000
2026/09/26 12:40:04.618, P1, 2857, 14001, 35.56, 25, 0x0000000000000000
2026/09/26 12:40:04.680, P1, 2955, 14001, 42.19, 25, 0x0000000000000000
2026/09/26 12:40:04.743, P1, 2955, 14001, 42.19, 25, 0x0000000000000000
2026/09/26 12:40:04.804, P1, 2955, 14001, 42.19, 25, 0x0000000000000000
2026/09/26 12:40:04.867, P1, 2955, 14001, 42.19, 25, 0x0000000000000000
2026/09/26 12:40:04.930, P1, 2955, 14001, 42.19, 25, 0x0000000000000000
2026/09/26 12:40:04.992, P1, 2955, 14001, 42.19, 25, 0x0000000000000000
2026/09/26 12:40:05.055, P1, 2955, 14001, 42.19, 25, 0x0000000000000000
2026/09/26 12:40:05.117, P1, 2955, 14001, 42.19, 25, 0x0000000000000000
2026/09/26 12:40:05.180, P0, 2827, 14201, 39.32, 0, 0x0000000000000000
2026/09/26 12:40:05.242, P0, 2827, 14201, 39.32, 0, 0x0000000000000000
2026/09/26 12:40:05.305, P0, 2827, 14201, 39.32, 0, 0x0000000000000000
2026/09/26 12:40:05.367, P0, 2827, 14201, 39.32, 0, 0x0000000000000000
2026/09/26 12:40:05.428, P0, 2827, 14201, 39.32, 0, 0x0000000000000000
2026/09/26 12:40:05.491, P0, 2827, 14201, 39.32, 0, 0x0000000000000000
2026/09/26 12:40:05.553, P0, 2827, 14201, 39.32, 0, 0x0000000000000000
2026/09/26 12:40:05.614, P0, 2827, 14201, 39.32, 0, 0x0000000000000000
2026/09/26 12:40:05.677, P0, 2505, 14201, 31.47, 0, 0x0000000000000000
2026/09/26 12:40:05.739, P0, 2505, 14201, 31.47, 0, 0x0000000000000000
2026/09/26 12:40:05.802, P0, 2505, 14201, 31.47, 0, 0x0000000000000000
2026/09/26 12:40:05.864, P0, 2505, 14201, 31.47, 0, 0x0000000000000000
2026/09/26 12:40:05.926, P0, 2505, 14201, 31.47, 0, 0x0000000000000000
2026/09/26 12:40:05.988, P0, 2505, 14201, 31.47, 0, 0x0000000000000000
2026/09/26 12:40:06.049, P0, 2505, 14201, 31.47, 0, 0x0000000000000000
2026/09/26 12:40:06.112, P0, 2505, 14201, 31.47, 0, 0x0000000000000000
2026/09/26 12:40:06.173, P3, 2505, 7001, 24.25, 0, 0x0000000000000000
2026/09/26 12:40:06.236, P3, 2505, 7001, 24.25, 0, 0x0000000000000000
2026/09/26 12:40:06.299, P3, 2505, 7001, 24.25, 0, 0x0000000000000000
2026/09/26 12:40:06.361, P3, 2505, 7001, 24.25, 0, 0x0000000000000000
2026/09/26 12:40:06.423, P3, 2505, 7001, 24.25, 0, 0x0000000000000000
2026/09/26 12:40:06.486, P3, 2505, 7001, 24.25, 0, 0x0000000000000000
2026/09/26 12:40:06.547, P3, 2505, 7001, 24.25, 0, 0x0000000000000000
2026/09/26 12:40:06.609, P3, 2505, 7001, 24.25, 0, 0x0000000000000000
2026/09/26 12:40:06.671, P3, 1237, 7001, 19.48, 0, 0x0000000000000000
2026/09/26 12:40:06.733, P3, 1237, 7001, 19.48, 0, 0x0000000000000000
2026/09/26 12:40:06.795, P3, 1237, 7001, 19.48, 0, 0x0000000000000000
2026/09/26 12:40:06.857, P3, 1237, 7001, 19.48, 0, 0x0000000000000000
2026/09/26 12:40:06.920, P3, 1237, 7001, 19.48, 0, 0x0000000000000000
2026/09/26 12:40:06.982, P3, 1237, 7001, 19.48, 0, 0x0000000000000000
2026/09/26 12:40:07.044, P3, 1237, 7001, 19.48, 0, 0x0000000000000000
2026/09/26 12:40:07.106, P3, 1237, 7001, 19.48, 0, 0x0000000000000000
2026/09/26 12:40:07.169, P3, 1042, 7001, 16.09, 0, 0x0000000000000000
2026/09/26 12:40:07.231, P3, 1042, 7001, 16.09, 0, 0x0000000000000000
2026/09/26 12:40:07.293, P3, 1042, 7001, 16.09, 0, 0x0000000000000000
2026/09/26 12:40:07.355, P3, 1042, 7001, 16.09, 0, 0x0000000000000000
2026/09/26 12:40:07.418, P3, 1042, 7001, 16.09, 0, 0x0000000000000000
2026/09/26 12:40:07.481, P3, 1042, 7001, 16.09, 0, 0x0000000000000000
2026/09/26 12:40:07.544, P3, 1042, 7001, 16.09, 0, 0x0000000000000000
2026/09/26 12:40:07.606, P3, 1042, 7001, 16.09, 0, 0x0000000000000000
2026/09/26 12:40:07.668, P3, 862, 7001, 16.00, 0, 0x0000000000000000
2026/09/26 12:40:07.729, P3, 862, 7001, 16.00, 0, 0x0000000000000000
2026/09/26 12:40:07.791, P3, 862, 7001, 16.00, 0, 0x0000000000000000
2026/09/26 12:40:07.853, P3, 862, 7001, 16.00, 0, 0x0000000000000000
2026/09/26 12:40:07.914, P3, 862, 7001, 16.00, 0, 0x0000000000000000
2026/09/26 12:40:07.977, P3, 862, 7001, 16.00, 0, 0x0000000000000000
2026/09/26 12:40:08.040, P3, 862, 7001, 16.00, 0, 0x0000000000000000
2026/09/26 12:40:08.103, P3, 862, 7001, 16.00, 0, 0x0000000000000000
2026/09/26 12:40:08.166, P0, 735, 14201, 18.66, 6, 0x0000000000000000
2026/09/26 12:40:08.228, P0, 735, 14201, 18.66, 6, 0x0000000000000000
2026/09/26 12:40:08.291, P0, 735, 14201, 18.66, 6, 0x0000000000000000
2026/09/26 12:40:08.354, P0, 735, 14201, 18.66, 6, 0x0000000000000000
2026/09/26 12:40:08.416, P0, 735, 14201, 18.66, 6, 0x0000000000000000
2026/09/26 12:40:08.479, P0, 735, 14201, 18.66, 6, 0x0000000000000000
2026/09/26 12:40:08.541, P0, 735, 14201, 18.66, 6, 0x0000000000000000
2026/09/26 12:40:08.603, P0, 735, 14201, 18.66, 6, 0x0000000000000000
2026/09/26 12:40:08.664, P0, 2745, 14201, 25.12, 0, 0x0000000000000000
2026/09/26 12:40:08.726, P0, 2745, 14201, 25.12, 0, 0x0000000000000000
2026/09/26 12:40:08.788, P0, 2745, 14201, 25.12, 0, 0x0000000000000000
2026/09/26 12:40:08.850, P0, 2745, 14201, 25.12, 0, 0x0000000000000000
2026/09/26 12:40:08.913, P0, 2745, 14201, 25.12, 0, 0x0000000000000000
2026/09/26 12:40:08.975, P0, 2745, 14201, 25.12, 0, 0x0000000000000000
2026/09/26 12:40:09.037, P0, 2745, 14201, 25.12, 0, 0x0000000000000000
2026/09/26 12:40:09.100, P0, 2745, 14201, 25.12, 0, 0x0000000000000000
2026/09/26 12:40:09.162, P0, 2512, 14201, 27.76, 0, 0x0000000000000000
2026/09/26 12:40:09.225, P0, 2512, 14201, 27.76, 0, 0x0000000000000000
2026/09/26 12:40:09.288, P0, 2512, 14201, 27.76, 0, 0x0000000000000000
2026/09/26 12:40:09.350, P0, 2512, 14201, 27.76, 0, 0x0000000000000000
2026/09/26 12:40:09.412, P0, 2512, 14201, 27.76, 0, 0x0000000000000000
2026/09/26 12:40:09.474, P0, 2512, 14201, 27.76, 0, 0x0000000000000000
2026/09/26 12:40:09.537, P0, 2512, 14201, 27.76, 0, 0x0000000000000000
2026/09/26 12:40:09.600, P0, 2512, 14201, 27.76, 0, 0x0000000000000000
2026/09/26 12:40:09.663, P0, 2535, 14201, 25.59, 0, 0x0000000000000000
2026/09/26 12:40:09.725, P0, 2535, 14201, 25.59, 0, 0x0000000000000000
2026/09/26 12:40:09.787, P0, 2535, 14201, 25.59, 0, 0x0000000000000000
2026/09/26 12:40:09.850, P0, 2535, 14201, 25.59, 0, 0x0000000000000000
2026/09/26 12:40:09.912, P0, 2535, 14201, 25.59, 0, 0x0000000000000000
2026/09/26 12:40:09.974, P0, 2535, 14201, 25.59, 0, 0x0000000000000000
2026/09/26 12:40:10.037, P0, 2535, 14201, 25.59, 0, 0x0000000000000000
2026/09/26 12:40:10.099, P0, 2535, 14201, 25.59, 0, 0x0000000000000000
2026/09/26 12:40:10.161, P0, 2535, 14201, 25.92, 0, 0x0000000000000000
2026/09/26 12:40:10.224, P0, 2535, 14201, 25.92, 0, 0x0000000000000000
2026/09/26 12:40:10.287, P0, 2535, 14201, 25.92, 0, 0x0000000000000000
2026/09/26 12:40:10.351, P0, 2535, 14201, 25.92, 0, 0x0000000000000000
2026/09/26 12:40:10.412, P0, 2535, 14201, 25.92, 0, 0x0000000000000000
2026/09/26 12:40:10.474, P0, 2535, 14201, 25.92, 0, 0x0000000000000000
2026/09/26 12:40:10.536, P0, 2535, 14201, 25.92, 0, 0x0000000000000000
2026/09/26 12:40:10.599, P0, 2535, 14201, 25.92, 0, 0x0000000000000000
2026/09/26 12:40:10.661, P0, 2535, 14201, 26.00, 0, 0x0000000000000000
2026/09/26 12:40:10.723, P0, 2535, 14201, 26.00, 0, 0x0000000000000000
2026/09/26 12:40:10.786, P0, 2535, 14201, 26.00, 0, 0x0000000000000000
2026/09/26 12:40:10.849, P0, 2535, 14201, 26.00, 0, 0x0000000000000000
2026/09/26 12:40:10.911, P0, 2535, 14201, 26.00, 0, 0x0000000000000000
2026/09/26 12:40:10.974, P0, 2535, 14201, 26.00, 0, 0x0000000000000000
2026/09/26 12:40:11.036, P0, 2535, 14201, 26.00, 0, 0x0000000000000000
2026/09/26 12:40:11.099, P0, 2535, 14201, 26.00, 0, 0x0000000000000000
2026/09/26 12:40:11.160, P3, 2535, 7001, 24.75, 0, 0x0000000000000000
2026/09/26 12:40:11.223, P3, 2535, 7001, 24.75, 0, 0x0000000000000000
2026/09/26 12:40:11.286, P3, 2535, 7001, 24.75, 0, 0x0000000000000000
2026/09/26 12:40:11.348, P3, 2535, 7001, 24.75, 0, 0x0000000000000000
2026/09/26 12:40:11.410, P3, 2535, 7001, 24.75, 0, 0x0000000000000000
2026/09/26 12:40:11.474, P3, 2535, 7001, 24.75, 0, 0x0000000000000000
2026/09/26 12:40:11.536, P3, 2535, 7001, 24.75, 0, 0x0000000000000000
2026/09/26 12:40:11.600, P3, 2535, 7001, 24.75, 0, 0x0000000000000000
2026/09/26 12:40:11.664, P0, 855, 14201, 22.63, 6, 0x0000000000000000
2026/09/26 12:40:11.726, P0, 855, 14201, 22.63, 6, 0x0000000000000000
2026/09/26 12:40:11.789, P0, 855, 14201, 22.63, 6, 0x0000000000000000
2026/09/26 12:40:11.852, P0, 855, 14201, 22.63, 6, 0x0000000000000000
2026/09/26 12:40:11.915, P0, 855, 14201, 22.63, 6, 0x0000000000000000
2026/09/26 12:40:11.978, P0, 855, 14201, 22.63, 6, 0x0000000000000000
2026/09/26 12:40:12.042, P0, 855, 14201, 22.63, 6, 0x0000000000000000
2026/09/26 12:40:12.104, P0, 855, 14201, 22.63, 6, 0x0000000000000000
2026/09/26 12:40:12.166, P1, 2970, 14001, 32.26, 21, 0x0000000000000000
2026/09/26 12:40:12.229, P1, 2970, 14001, 32.26, 21, 0x0000000000000000
2026/09/26 12:40:12.292, P1, 2970, 14001, 32.26, 21, 0x0000000000000000
2026/09/26 12:40:12.356, P1, 2970, 14001, 32.26, 21, 0x0000000000000000
2026/09/26 12:40:12.419, P1, 2970, 14001, 32.26, 21, 0x0000000000000000
2026/09/26 12:40:12.482, P1, 2970, 14001, 32.26, 21, 0x0000000000000000
2026/09/26 12:40:12.544, P1, 2970, 14001, 32.26, 21, 0x0000000000000000
2026/09/26 12:40:12.607, P1, 2970, 14001, 32.26, 21, 0x0000000000000000
2026/09/26 12:40:12.668, P1, 2955, 14001, 42.01, 25, 0x0000000000000000
2026/09/26 12:40:12.731, P1, 2955, 14001, 42.01, 25, 0x0000000000000000
2026/09/26 12:40:12.793, P1, 2955, 14001, 42.01, 25, 0x0000000000000000
2026/09/26 12:40:12.856, P1, 2955, 14001, 42.01, 25, 0x0000000000000000
2026/09/26 12:40:12.917, P1, 2955, 14001, 42.01, 25, 0x0000000000000000
2026/09/26 12:40:12.978, P1, 2955, 14001, 42.01, 25, 0x0000000000000000
2026/09/26 12:40:13.041, P1, 2955, 14001, 42.01, 25, 0x0000000000000000
2026/09/26 12:40:13.104, P1, 2955, 14001, 42.01, 25, 0x0000000000000000
2026/09/26 12:40:13.165, P1, 2805, 14001, 42.40, 9, 0x0000000000000000
2026/09/26 12:40:13.227, P1, 2805, 14001, 42.40, 9, 0x0000000000000000
2026/09/26 12:40:13.290, P1, 2805, 14001, 42.40, 9, 0x0000000000000000
2026/09/26 12:40:13.354, P1, 2805, 14001, 42.40, 9, 0x0000000000000000
2026/09/26 12:40:13.416, P1, 2805, 14001, 42.40, 9, 0x0000000000000000
2026/09/26 12:40:13.479, P1, 2805, 14001, 42.40, 9, 0x0000000000000000
2026/09/26 12:40:13.541, P1, 2805, 14001, 42.40, 9, 0x0000000000000000
2026/09/26 12:40:13.603, P1, 2805, 14001, 42.40, 9, 0x0000000000000000
2026/09/26 12:40:13.665, P1, 2955, 14001, 42.19, 17, 0x0000000000000000
2026/09/26 12:40:13.729, P1, 2955, 14001, 42.19, 17, 0x0000000000000000
2026/09/26 12:40:13.790, P1, 2955, 14001, 42.19, 17, 0x0000000000000000
2026/09/26 12:40:13.852, P1, 2955, 14001, 42.19, 17, 0x0000000000000000
2026/09/26 12:40:13.915, P1, 2955, 14001, 42.19, 17, 0x0000000000000000
2026/09/26 12:40:13.977, P1, 2955, 14001, 42.19, 17, 0x0000000000000000
2026/09/26 12:40:14.040, P1, 2955, 14001, 42.19, 17, 0x0000000000000000
2026/09/26 12:40:14.102, P1, 2955, 14001, 42.19, 17, 0x0000000000000000
2026/09/26 12:40:14.165, P1, 2955, 14001, 43.81, 16, 0x0000000000000000
2026/09/26 12:40:14.230, P1, 2955, 14001, 43.81, 16, 0x0000000000000000
2026/09/26 12:40:14.292, P1, 2955, 14001, 43.81, 16, 0x0000000000000000
2026/09/26 12:40:14.354, P1, 2955, 14001, 43.81, 16, 0x0000000000000000
2026/09/26 12:40:14.416, P1, 2955, 14001, 43.81, 16, 0x0000000000000000
2026/09/26 12:40:14.478, P1, 2955, 14001, 43.81, 16, 0x0000000000000000
2026/09/26 12:40:14.540, P1, 2955, 14001, 43.81, 16, 0x0000000000000000
2026/09/26 12:40:14.602, P1, 2955, 14001, 43.81, 16, 0x0000000000000000
2026/09/26 12:40:14.665, P1, 2782, 14001, 40.70, 9, 0x0000000000000000
2026/09/26 12:40:14.726, P1, 2782, 14001, 40.70, 9, 0x0000000000000000
2026/09/26 12:40:14.788, P1, 2782, 14001, 40.70, 9, 0x0000000000000000
2026/09/26 12:40:14.851, P1, 2782, 14001, 40.70, 9, 0x0000000000000000
2026/09/26 12:40:14.913, P1, 2782, 14001, 40.70, 9, 0x0000000000000000
2026/09/26 12:40:14.975, P1, 2782, 14001, 40.70, 9, 0x0000000000000000
2026/09/26 12:40:15.037, P1, 2782, 14001, 40.70, 9, 0x0000000000000000
2026/09/26 12:40:15.098, P1, 2782, 14001, 40.70, 9, 0x0000000000000000
2026/09/26 12:40:15.160, P0, 2512, 14201, 33.50, 0, 0x0000000000000000
2026/09/26 12:40:15.222, P0, 2512, 14201, 33.50, 0, 0x0000000000000000
2026/09/26 12:40:15.284, P0, 2512, 14201, 33.50, 0, 0x0000000000000000
2026/09/26 12:40:15.348, P0, 2512, 14201, 33.50, 0, 0x0000000000000000
2026/09/26 12:40:15.410, P0, 2512, 14201, 33.50, 0, 0x0000000000000000
2026/09/26 12:40:15.472, P0, 2512, 14201, 33.50, 0, 0x0000000000000000
2026/09/26 12:40:15.534, P0, 2512, 14201, 33.50, 0, 0x0000000000000000
2026/09/26 12:40:15.596, P0, 2512, 14201, 33.50, 0, 0x0000000000000000
2026/09/26 12:40:15.659, P0, 2535, 14201, 27.01, 0, 0x0000000000000000
2026/09/26 12:40:15.721, P0, 2535, 14201, 27.01, 0, 0x0000000000000000
2026/09/26 12:40:15.783, P0, 2535, 14201, 27.01, 0, 0x0000000000000000
2026/09/26 12:40:15.845, P0, 2535, 14201, 27.01, 0, 0x0000000000000000
2026/09/26 12:40:15.908, P0, 2535, 14201, 27.01, 0, 0x0000000000000000
2026/09/26 12:40:15.970, P0, 2535, 14201, 27.01, 0, 0x0000000000000000
2026/09/26 12:40:16.033, P0, 2535, 14201, 27.01, 0, 0x0000000000000000
2026/09/26 12:40:16.096, P0, 2535, 14201, 27.01, 0, 0x0000000000000000
2026/09/26 12:40:16.158, P0, 2535, 14201, 26.50, 0, 0x0000000000000000
2026/09/26 12:40:16.220, P0, 2535, 14201, 26.50, 0, 0x0000000000000000
2026/09/26 12:40:16.283, P0, 2535, 14201, 26.50, 0, 0x0000000000000000
2026/09/26 12:40:16.344, P0, 2535, 14201, 26.50, 0, 0x0000000000000000
2026/09/26 12:40:16.405, P0, 2535, 14201, 26.50, 0, 0x0000000000000000
2026/09/26 12:40:16.466, P0, 2535, 14201, 26.50, 0, 0x0000000000000000
2026/09/26 12:40:16.530, P0, 2535, 14201, 26.50, 0, 0x0000000000000000
2026/09/26 12:40:16.591, P0, 2535, 14201, 26.50, 0, 0x0000000000000000
2026/09/26 12:40:16.653, P0, 2535, 14201, 26.34, 0, 0x0000000000000000
2026/09/26 12:40:16.715, P0, 2535, 14201, 26.34, 0, 0x0000000000000000
2026/09/26 12:40:16.778, P0, 2535, 14201, 26.34, 0, 0x0000000000000000
2026/09/26 12:40:16.839, P0, 2535, 14201, 26.34, 0, 0x0000000000000000
2026/09/26 12:40:16.903, P0, 2535, 14201, 26.34, 0, 0x0000000000000000
2026/09/26 12:40:16.967, P0, 2535, 14201, 26.34, 0, 0x0000000000000000
2026/09/26 12:40:17.029, P0, 2535, 14201, 26.34, 0, 0x0000000000000000
2026/09/26 12:40:17.091, P0, 2535, 14201, 26.34, 0, 0x0000000000000000
2026/09/26 12:40:17.154, P3, 2535, 7001, 24.82, 0, 0x0000000000000000
2026/09/26 12:40:17.216, P3, 2535, 7001, 24.82, 0, 0x0000000000000000
2026/09/26 12:40:17.279, P3, 2535, 7001, 24.82, 0, 0x0000000000000000
2026/09/26 12:40:17.341, P3, 2535, 7001, 24.82, 0, 0x0000000000000000
2026/09/26 12:40:17.404, P3, 2535, 7001, 24.82, 0, 0x0000000000000000
2026/09/26 12:40:17.466, P3, 2535, 7001, 24.82, 0, 0x0000000000000000
2026/09/26 12:40:17.528, P3, 2535, 7001, 24.82, 0, 0x0000000000000000
2026/09/26 12:40:17.591, P3, 2535, 7001, 24.82, 0, 0x0000000000000000
2026/09/26 12:40:17.653, P3, 720, 7001, 19.18, 0, 0x0000000000000000
2026/09/26 12:40:17.715, P3, 720, 7001, 19.18, 0, 0x0000000000000000
2026/09/26 12:40:17.779, P3, 720, 7001, 19.18, 0, 0x0000000000000000
2026/09/26 12:40:17.842, P3, 720, 7001, 19.18, 0, 0x0000000000000000
2026/09/26 12:40:17.904, P3, 720, 7001, 19.18, 0, 0x0000000000000000
2026/09/26 12:40:17.967, P3, 720, 7001, 19.18, 0, 0x0000000000000000
2026/09/26 12:40:18.029, P3, 720, 7001, 19.18, 0, 0x0000000000000000
2026/09/26 12:40:18.090, P3, 720, 7001, 19.18, 0, 0x0000000000000000
2026/09/26 12:40:18.152, P3, 720, 7001, 19.18, 0, 0x0000000000000000
2026/09/26 12:40:18.214, P1, 2212, 14001, 20.69, 5, 0x0000000000000000
2026/09/26 12:40:18.277, P1, 2212, 14001, 20.69, 5, 0x0000000000000000
2026/09/26 12:40:18.340, P1, 2212, 14001, 20.69, 5, 0x0000000000000000
2026/09/26 12:40:18.402, P1, 2212, 14001, 20.69, 5, 0x0000000000000000
2026/09/26 12:40:18.465, P1, 2212, 14001, 20.69, 5, 0x0000000000000000
2026/09/26 12:40:18.529, P1, 2212, 14001, 20.69, 5, 0x0000000000000000
2026/09/26 12:40:18.592, P1, 2212, 14001, 20.69, 5, 0x0000000000000000
2026/09/26 12:40:18.654, P1, 2895, 14001, 43.76, 5, 0x0000000000000000
2026/09/26 12:40:18.717, P1, 2895, 14001, 32.26, 22, 0x0000000000000000
2026/09/26 12:40:18.779, P1, 2895, 14001, 32.26, 22, 0x0000000000000000
2026/09/26 12:40:18.842, P1, 2895, 14001, 32.26, 22, 0x0000000000000000
2026/09/26 12:40:18.904, P1, 2895, 14001, 32.26, 22, 0x0000000000000000
2026/09/26 12:40:18.967, P1, 2895, 14001, 32.26, 22, 0x0000000000000000
2026/09/26 12:40:19.029, P1, 2895, 14001, 32.26, 22, 0x0000000000000000
2026/09/26 12:40:19.093, P1, 2895, 14001, 32.26, 22, 0x0000000000000000
2026/09/26 12:40:19.155, P1, 2955, 14001, 42.28, 25, 0x0000000000000000
2026/09/26 12:40:19.218, P1, 2955, 14001, 42.28, 25, 0x0000000000000000
2026/09/26 12:40:19.280, P1, 2955, 14001, 42.28, 25, 0x0000000000000000
2026/09/26 12:40:19.344, P1, 2955, 14001, 42.28, 25, 0x0000000000000000
2026/09/26 12:40:19.405, P1, 2955, 14001, 42.28, 25, 0x0000000000000000
2026/09/26 12:40:19.467, P1, 2955, 14001, 42.28, 25, 0x0000000000000000
2026/09/26 12:40:19.530, P1, 2955, 14001, 42.28, 25, 0x0000000000000000
2026/09/26 12:40:19.593, P1, 2955, 14001, 42.28, 25, 0x0000000000000000
2026/09/26 12:40:19.656, P0, 2782, 14201, 38.76, 0, 0x0000000000000000
2026/09/26 12:40:19.718, P0, 2782, 14201, 38.76, 0, 0x0000000000000000
2026/09/26 12:40:19.780, P0, 2782, 14201, 38.76, 0, 0x0000000000000000
2026/09/26 12:40:19.842, P0, 2782, 14201, 38.76, 0, 0x0000000000000000
2026/09/26 12:40:19.906, P0, 2782, 14201, 38.76, 0, 0x0000000000000000
2026/09/26 12:40:19.969, P0, 2782, 14201, 38.76, 0, 0x0000000000000000
2026/09/26 12:40:20.031, P0, 2782, 14201, 38.76, 0, 0x0000000000000000
2026/09/26 12:40:20.092, P0, 2782, 14201, 38.76, 0, 0x0000000000000000
2026/09/26 12:40:20.155, P0, 2535, 14201, 31.24, 0, 0x0000000000000000
2026/09/26 12:40:20.216, P0, 2535, 14201, 31.24, 0, 0x0000000000000000
2026/09/26 12:40:20.278, P0, 2535, 14201, 31.24, 0, 0x0000000000000000
2026/09/26 12:40:20.341, P0, 2535, 14201, 31.24, 0, 0x0000000000000000
2026/09/26 12:40:20.403, P0, 2535, 14201, 31.24, 0, 0x0000000000000000
2026/09/26 12:40:20.467, P0, 2535, 14201, 31.24, 0, 0x0000000000000000
2026/09/26 12:40:20.529, P0, 2535, 14201, 31.24, 0, 0x0000000000000000
2026/09/26 12:40:20.591, P0, 2535, 14201, 31.24, 0, 0x0000000000000000
2026/09/26 12:40:20.654, P0, 2505, 14201, 25.98, 0, 0x0000000000000000
2026/09/26 12:40:20.717, P0, 2505, 14201, 25.98, 0, 0x0000000000000000
2026/09/26 12:40:20.779, P0, 2505, 14201, 25.98, 0, 0x0000000000000000
2026/09/26 12:40:20.841, P0, 2505, 14201, 25.98, 0, 0x0000000000000000
2026/09/26 12:40:20.906, P0, 2505, 14201, 25.98, 0, 0x0000000000000000
2026/09/26 12:40:20.967, P0, 2505, 14201, 25.98, 0, 0x0000000000000000
2026/09/26 12:40:21.030, P0, 2505, 14201, 25.98, 0, 0x0000000000000000
2026/09/26 12:40:21.093, P0, 2505, 14201, 25.98, 0, 0x0000000000000000
2026/09/26 12:40:21.154, P3, 2512, 7001, 24.22, 0, 0x0000000000000000
2026/09/26 12:40:21.217, P3, 2512, 7001, 24.22, 0, 0x0000000000000000
2026/09/26 12:40:21.279, P3, 2512, 7001, 24.22, 0, 0x0000000000000000
2026/09/26 12:40:21.341, P3, 2512, 7001, 24.22, 0, 0x0000000000000000
2026/09/26 12:40:21.404, P3, 2512, 7001, 24.22, 0, 0x0000000000000000
2026/09/26 12:40:21.467, P3, 2512, 7001, 24.22, 0, 0x0000000000000000
2026/09/26 12:40:21.529, P3, 2512, 7001, 24.22, 0, 0x0000000000000000
2026/09/26 12:40:21.592, P3, 2512, 7001, 24.22, 0, 0x0000000000000000
2026/09/26 12:40:21.654, P3, 1080, 7001, 19.49, 0, 0x0000000000000000
2026/09/26 12:40:21.717, P3, 1080, 7001, 19.49, 0, 0x0000000000000000
2026/09/26 12:40:21.781, P3, 1080, 7001, 19.49, 0, 0x0000000000000000
2026/09/26 12:40:21.843, P3, 1080, 7001, 19.49, 0, 0x0000000000000000
2026/09/26 12:40:21.906, P3, 1080, 7001, 19.49, 0, 0x0000000000000000
2026/09/26 12:40:21.968, P3, 1080, 7001, 19.49, 0, 0x0000000000000000
2026/09/26 12:40:22.030, P3, 1080, 7001, 19.49, 0, 0x0000000000000000
2026/09/26 12:40:22.093, P3, 1080, 7001, 19.49, 0, 0x0000000000000000
2026/09/26 12:40:22.155, P3, 907, 7001, 16.08, 0, 0x0000000000000000
2026/09/26 12:40:22.217, P3, 907, 7001, 16.08, 0, 0x0000000000000000
2026/09/26 12:40:22.280, P3, 907, 7001, 16.08, 0, 0x0000000000000000
2026/09/26 12:40:22.342, P3, 907, 7001, 16.08, 0, 0x0000000000000000
2026/09/26 12:40:22.405, P3, 907, 7001, 16.08, 0, 0x0000000000000000
2026/09/26 12:40:22.469, P3, 907, 7001, 16.08, 0, 0x0000000000000000
2026/09/26 12:40:22.531, P3, 907, 7001, 16.08, 0, 0x0000000000000000
2026/09/26 12:40:22.594, P3, 907, 7001, 16.08, 0, 0x0000000000000000
2026/09/26 12:40:22.658, P0, 960, 14201, 19.79, 14, 0x0000000000000000
2026/09/26 12:40:22.720, P0, 960, 14201, 19.79, 14, 0x0000000000000000
2026/09/26 12:40:22.784, P0, 960, 14201, 19.79, 14, 0x0000000000000000
2026/09/26 12:40:22.846, P0, 960, 14201, 19.79, 14, 0x0000000000000000
2026/09/26 12:40:22.908, P0, 960, 14201, 19.79, 14, 0x0000000000000000
2026/09/26 12:40:22.970, P0, 960, 14201, 19.79, 14, 0x0000000000000000
2026/09/26 12:40:23.033, P0, 960, 14201, 19.79, 14, 0x0000000000000000
2026/09/26 12:40:23.095, P0, 960, 14201, 19.79, 14, 0x0000000000000000
2026/09/26 12:40:23.157, P1, 2955, 14001, 31.08, 21, 0x0000000000000000
2026/09/26 12:40:23.220, P1, 2955, 14001, 31.08, 21, 0x0000000000000000
2026/09/26 12:40:23.283, P1, 2955, 14001, 31.08, 21, 0x0000000000000000
2026/09/26 12:40:23.346, P1, 2955, 14001, 31.08, 21, 0x0000000000000000
2026/09/26 12:40:23.409, P1, 2955, 14001, 31.08, 21, 0x0000000000000000
2026/09/26 12:40:23.473, P1, 2955, 14001, 31.08, 21, 0x0000000000000000
2026/09/26 12:40:23.536, P1, 2955, 14001, 31.08, 21, 0x0000000000000000
2026/09/26 12:40:23.599, P1, 2955, 14001, 31.08, 21, 0x0000000000000000
2026/09/26 12:40:23.662, P1, 2955, 14001, 42.23, 25, 0x0000000000000000
2026/09/26 12:40:23.725, P1, 2955, 14001, 42.23, 25, 0x0000000000000000
2026/09/26 12:40:23.787, P1, 2955, 14001, 42.23, 25, 0x0000000000000000
2026/09/26 12:40:23.851, P1, 2955, 14001, 42.23, 25, 0x0000000000000000
2026/09/26 12:40:23.913, P1, 2955, 14001, 42.23, 25, 0x0000000000000000
2026/09/26 12:40:23.976, P1, 2955, 14001, 42.23, 25, 0x0000000000000000
2026/09/26 12:40:24.038, P1, 2955, 14001, 42.23, 25, 0x0000000000000000
2026/09/26 12:40:24.100, P1, 2955, 14001, 42.23, 25, 0x0000000000000000
2026/09/26 12:40:24.162, P0, 2790, 14201, 41.13, 2, 0x0000000000000000
2026/09/26 12:40:24.226, P0, 2790, 14201, 41.13, 2, 0x0000000000000000
2026/09/26 12:40:24.288, P0, 2790, 14201, 41.13, 2, 0x0000000000000000
2026/09/26 12:40:24.351, P0, 2790, 14201, 41.13, 2, 0x0000000000000000
2026/09/26 12:40:24.413, P0, 2790, 14201, 41.13, 2, 0x0000000000000000
2026/09/26 12:40:24.476, P0, 2790, 14201, 41.13, 2, 0x0000000000000000
2026/09/26 12:40:24.540, P0, 2790, 14201, 41.13, 2, 0x0000000000000000
2026/09/26 12:40:24.601, P0, 2790, 14201, 41.13, 2, 0x0000000000000000
2026/09/26 12:40:24.664, P0, 2535, 14201, 32.16, 0, 0x0000000000000000
2026/09/26 12:40:24.725, P0, 2535, 14201, 32.16, 0, 0x0000000000000000
2026/09/26 12:40:24.787, P0, 2535, 14201, 32.16, 0, 0x0000000000000000
2026/09/26 12:40:24.849, P0, 2535, 14201, 32.16, 0, 0x0000000000000000
2026/09/26 12:40:24.912, P0, 2535, 14201, 32.16, 0, 0x0000000000000000
2026/09/26 12:40:24.975, P0, 2535, 14201, 32.16, 0, 0x0000000000000000
2026/09/26 12:40:25.037, P0, 2535, 14201, 32.16, 0, 0x0000000000000000
2026/09/26 12:40:25.100, P0, 2535, 14201, 32.16, 0, 0x0000000000000000
2026/09/26 12:40:25.162, P0, 2535, 14201, 26.86, 0, 0x0000000000000000
2026/09/26 12:40:25.224, P0, 2535, 14201, 26.86, 0, 0x0000000000000000
2026/09/26 12:40:25.287, P0, 2535, 14201, 26.86, 0, 0x0000000000000000
2026/09/26 12:40:25.349, P0, 2535, 14201, 26.86, 0, 0x0000000000000000
2026/09/26 12:40:25.411, P0, 2535, 14201, 26.86, 0, 0x0000000000000000
2026/09/26 12:40:25.474, P0, 2535, 14201, 26.86, 0, 0x0000000000000000
2026/09/26 12:40:25.536, P0, 2535, 14201, 26.86, 0, 0x0000000000000000
2026/09/26 12:40:25.598, P0, 2535, 14201, 26.86, 0, 0x0000000000000000
2026/09/26 12:40:25.660, P0, 2535, 14201, 26.48, 0, 0x0000000000000000
2026/09/26 12:40:25.722, P0, 2535, 14201, 26.48, 0, 0x0000000000000000
2026/09/26 12:40:25.785, P0, 2535, 14201, 26.48, 0, 0x0000000000000000
2026/09/26 12:40:25.847, P0, 2535, 14201, 26.48, 0, 0x0000000000000000
2026/09/26 12:40:25.910, P0, 2535, 14201, 26.48, 0, 0x0000000000000000
2026/09/26 12:40:25.973, P0, 2535, 14201, 26.48, 0, 0x0000000000000000
2026/09/26 12:40:26.035, P0, 2535, 14201, 26.48, 0, 0x0000000000000000
2026/09/26 12:40:26.097, P0, 2535, 14201, 26.48, 0, 0x0000000000000000
2026/09/26 12:40:26.159, P3, 2535, 7001, 24.84, 0, 0x0000000000000000
2026/09/26 12:40:26.223, P3, 2535, 7001, 24.84, 0, 0x0000000000000000
2026/09/26 12:40:26.285, P3, 2535, 7001, 24.84, 0, 0x0000000000000000
2026/09/26 12:40:26.348, P3, 2535, 7001, 24.84, 0, 0x0000000000000000
2026/09/26 12:40:26.410, P3, 2535, 7001, 24.84, 0, 0x0000000000000000
2026/09/26 12:40:26.472, P3, 2535, 7001, 24.84, 0, 0x0000000000000000
2026/09/26 12:40:26.535, P3, 2535, 7001, 24.84, 0, 0x0000000000000000
2026/09/26 12:40:26.598, P3, 2535, 7001, 24.84, 0, 0x0000000000000000
2026/09/26 12:40:26.660, P3, 847, 7001, 19.13, 0, 0x0000000000000000
2026/09/26 12:40:26.723, P3, 847, 7001, 19.13, 0, 0x0000000000000000
2026/09/26 12:40:26.784, P3, 847, 7001, 19.13, 0, 0x0000000000000000
2026/09/26 12:40:26.848, P3, 847, 7001, 19.13, 0, 0x0000000000000000
2026/09/26 12:40:26.909, P3, 847, 7001, 19.13, 0, 0x0000000000000000
2026/09/26 12:40:26.972, P3, 847, 7001, 19.13, 0, 0x0000000000000000
2026/09/26 12:40:27.033, P3, 847, 7001, 19.13, 0, 0x0000000000000000
2026/09/26 12:40:27.096, P3, 847, 7001, 19.13, 0, 0x0000000000000000
2026/09/26 12:40:27.159, P3, 705, 7001, 19.13, 0, 0x0000000000000000
2026/09/26 12:40:27.222, P0, 705, 7001, 15.06, 2, 0x0000000000000000
2026/09/26 12:40:27.284, P0, 705, 7001, 15.06, 2, 0x0000000000000000
2026/09/26 12:40:27.345, P0, 705, 7001, 15.06, 2, 0x0000000000000000
2026/09/26 12:40:27.408, P0, 705, 7001, 15.06, 2, 0x0000000000000000
2026/09/26 12:40:27.471, P0, 705, 7001, 15.06, 2, 0x0000000000000000
2026/09/26 12:40:27.533, P0, 705, 7001, 15.06, 2, 0x0000000000000000
2026/09/26 12:40:27.595, P0, 705, 7001, 15.06, 2, 0x0000000000000000
2026/09/26 12:40:27.658, P0, 2655, 14201, 23.55, 11, 0x0000000000000000
2026/09/26 12:40:27.720, P0, 2655, 14201, 23.55, 11, 0x0000000000000000
2026/09/26 12:40:27.783, P0, 2655, 14201, 23.55, 11, 0x0000000000000000
2026/09/26 12:40:27.844, P0, 2655, 14201, 23.55, 11, 0x0000000000000000
2026/09/26 12:40:27.906, P0, 2655, 14201, 23.55, 11, 0x0000000000000000
2026/09/26 12:40:27.969, P0, 2655, 14201, 23.55, 11, 0x0000000000000000
2026/09/26 12:40:28.033, P0, 2655, 14201, 23.55, 11, 0x0000000000000000
2026/09/26 12:40:28.096, P0, 2655, 14201, 23.55, 11, 0x0000000000000000
2026/09/26 12:40:28.158, P1, 2670, 14001, 32.55, 20, 0x0000000000000000
2026/09/26 12:40:28.221, P1, 2670, 14001, 32.55, 20, 0x0000000000000000
2026/09/26 12:40:28.283, P1, 2670, 14001, 32.55, 20, 0x0000000000000000
2026/09/26 12:40:28.346, P1, 2670, 14001, 32.55, 20, 0x0000000000000000
2026/09/26 12:40:28.409, P1, 2670, 14001, 32.55, 20, 0x0000000000000000
2026/09/26 12:40:28.472, P1, 2670, 14001, 32.55, 20, 0x0000000000000000
2026/09/26 12:40:28.535, P1, 2670, 14001, 32.55, 20, 0x0000000000000000
2026/09/26 12:40:28.598, P1, 2670, 14001, 32.55, 20, 0x0000000000000000
2026/09/26 12:40:28.661, P1, 2955, 14001, 39.78, 16, 0x0000000000000000
2026/09/26 12:40:28.724, P1, 2955, 14001, 39.78, 16, 0x0000000000000000
2026/09/26 12:40:28.788, P1, 2955, 14001, 39.78, 16, 0x0000000000000000
2026/09/26 12:40:28.851, P1, 2955, 14001, 39.78, 16, 0x0000000000000000
2026/09/26 12:40:28.913, P1, 2955, 14001, 39.78, 16, 0x0000000000000000
2026/09/26 12:40:28.977, P1, 2955, 14001, 39.78, 16, 0x0000000000000000
2026/09/26 12:40:29.040, P1, 2955, 14001, 39.78, 16, 0x0000000000000000
2026/09/26 12:40:29.102, P1, 2955, 14001, 39.78, 16, 0x0000000000000000
2026/09/26 12:40:29.163, P0, 2955, 14201, 43.84, 21, 0x0000000000000000
2026/09/26 12:40:29.225, P0, 2955, 14201, 43.84, 21, 0x0000000000000000
2026/09/26 12:40:29.288, P0, 2955, 14201, 43.84, 21, 0x0000000000000000
2026/09/26 12:40:29.351, P0, 2955, 14201, 43.84, 21, 0x0000000000000000
2026/09/26 12:40:29.414, P0, 2955, 14201, 43.84, 21, 0x0000000000000000
2026/09/26 12:40:29.476, P0, 2955, 14201, 43.84, 21, 0x0000000000000000
2026/09/26 12:40:29.538, P0, 2955, 14201, 43.84, 21, 0x0000000000000000
2026/09/26 12:40:29.602, P0, 2955, 14201, 43.84, 21, 0x0000000000000000
2026/09/26 12:40:29.667, P0, 2505, 14201, 34.97, 0, 0x0000000000000000
2026/09/26 12:40:29.728, P0, 2505, 14201, 34.97, 0, 0x0000000000000000
2026/09/26 12:40:29.791, P0, 2505, 14201, 34.97, 0, 0x0000000000000000
2026/09/26 12:40:29.853, P0, 2505, 14201, 34.97, 0, 0x0000000000000000
2026/09/26 12:40:29.916, P0, 2505, 14201, 34.97, 0, 0x0000000000000000
2026/09/26 12:40:29.979, P0, 2505, 14201, 34.97, 0, 0x0000000000000000
2026/09/26 12:40:30.042, P0, 2505, 14201, 34.97, 0, 0x0000000000000000
2026/09/26 12:40:30.104, P0, 2505, 14201, 34.97, 0, 0x0000000000000000
2026/09/26 12:40:30.167, P3, 2505, 7001, 24.68, 0, 0x0000000000000000
2026/09/26 12:40:30.231, P3, 2505, 7001, 24.68, 0, 0x0000000000000000
2026/09/26 12:40:30.293, P3, 2505, 7001, 24.68, 0, 0x0000000000000000
2026/09/26 12:40:30.356, P3, 2505, 7001, 24.68, 0, 0x0000000000000000
2026/09/26 12:40:30.418, P3, 2505, 7001, 24.68, 0, 0x0000000000000000
2026/09/26 12:40:30.481, P3, 2505, 7001, 24.68, 0, 0x0000000000000000
2026/09/26 12:40:30.544, P3, 2505, 7001, 24.68, 0, 0x0000000000000000
2026/09/26 12:40:30.605, P3, 2505, 7001, 24.68, 0, 0x0000000000000000
2026/09/26 12:40:30.667, P3, 1342, 7001, 19.69, 0, 0x0000000000000000
2026/09/26 12:40:30.730, P3, 1342, 7001, 19.69, 0, 0x0000000000000000
2026/09/26 12:40:30.793, P3, 1342, 7001, 19.69, 0, 0x0000000000000000
2026/09/26 12:40:30.856, P3, 1342, 7001, 19.69, 0, 0x0000000000000000
2026/09/26 12:40:30.918, P3, 1342, 7001, 19.69, 0, 0x0000000000000000
2026/09/26 12:40:30.979, P3, 1342, 7001, 19.69, 0, 0x0000000000000000
2026/09/26 12:40:31.042, P3, 1342, 7001, 19.69, 0, 0x0000000000000000
2026/09/26 12:40:31.104, P3, 1342, 7001, 19.69, 0, 0x0000000000000000
2026/09/26 12:40:31.167, P3, 1110, 7001, 16.18, 0, 0x0000000000000000
2026/09/26 12:40:31.230, P3, 1110, 7001, 16.18, 0, 0x0000000000000000
2026/09/26 12:40:31.293, P3, 1110, 7001, 16.18, 0, 0x0000000000000000
2026/09/26 12:40:31.356, P3, 1110, 7001, 16.18, 0, 0x0000000000000000
2026/09/26 12:40:31.419, P3, 1110, 7001, 16.18, 0, 0x0000000000000000
2026/09/26 12:40:31.482, P3, 1110, 7001, 16.18, 0, 0x0000000000000000
2026/09/26 12:40:31.544, P3, 1110, 7001, 16.18, 0, 0x0000000000000000
2026/09/26 12:40:31.605, P3, 1110, 7001, 16.18, 0, 0x0000000000000000
2026/09/26 12:40:31.667, P3, 922, 7001, 16.06, 0, 0x0000000000000000
2026/09/26 12:40:31.729, P3, 922, 7001, 16.06, 0, 0x0000000000000000
2026/09/26 12:40:31.791, P3, 922, 7001, 16.06, 0, 0x0000000000000000
2026/09/26 12:40:31.854, P3, 922, 7001, 16.06, 0, 0x0000000000000000
2026/09/26 12:40:31.916, P3, 922, 7001, 16.06, 0, 0x0000000000000000
2026/09/26 12:40:31.978, P3, 922, 7001, 16.06, 0, 0x0000000000000000
2026/09/26 12:40:32.041, P3, 922, 7001, 16.06, 0, 0x0000000000000000
2026/09/26 12:40:32.104, P3, 922, 7001, 16.06, 0, 0x0000000000000000
2026/09/26 12:40:32.165, P3, 780, 7001, 16.02, 0, 0x0000000000000000
2026/09/26 12:40:32.227, P3, 780, 7001, 16.02, 0, 0x0000000000000000
2026/09/26 12:40:32.290, P3, 780, 7001, 16.02, 0, 0x0000000000000000
2026/09/26 12:40:32.352, P3, 780, 7001, 16.02, 0, 0x0000000000000000
2026/09/26 12:40:32.414, P3, 780, 7001, 16.02, 0, 0x0000000000000000
2026/09/26 12:40:32.477, P3, 780, 7001, 16.02, 0, 0x0000000000000000
2026/09/26 12:40:32.541, P3, 780, 7001, 16.02, 0, 0x0000000000000000
2026/09/26 12:40:32.603, P3, 780, 7001, 16.02, 0, 0x0000000000000000
2026/09/26 12:40:32.666, P0, 2505, 14201, 22.59, 5, 0x0000000000000000
2026/09/26 12:40:32.729, P0, 2505, 14201, 22.59, 5, 0x0000000000000000
2026/09/26 12:40:32.792, P0, 2505, 14201, 22.59, 5, 0x0000000000000000
2026/09/26 12:40:32.854, P0, 2505, 14201, 22.59, 5, 0x0000000000000000
2026/09/26 12:40:32.916, P0, 2505, 14201, 22.59, 5, 0x0000000000000000
2026/09/26 12:40:32.979, P0, 2505, 14201, 22.59, 5, 0x0000000000000000
2026/09/26 12:40:33.041, P0, 2505, 14201, 22.59, 5, 0x0000000000000000
2026/09/26 12:40:33.103, P0, 2505, 14201, 22.59, 5, 0x0000000000000000
2026/09/26 12:40:33.165, P0, 2527, 14201, 27.62, 0, 0x0000000000000000
2026/09/26 12:40:33.228, P0, 2527, 14201, 27.62, 0, 0x0000000000000000
2026/09/26 12:40:33.291, P0, 2527, 14201, 27.62, 0, 0x0000000000000000
2026/09/26 12:40:33.353, P0, 2527, 14201, 27.62, 0, 0x0000000000000000
2026/09/26 12:40:33.416, P0, 2527, 14201, 27.62, 0, 0x0000000000000000
2026/09/26 12:40:33.479, P0, 2527, 14201, 27.62, 0, 0x0000000000000000
2026/09/26 12:40:33.541, P0, 2527, 14201, 27.62, 0, 0x0000000000000000
2026/09/26 12:40:33.603, P0, 2527, 14201, 27.62, 0, 0x0000000000000000
2026/09/26 12:40:33.666, P0, 2535, 14201, 26.64, 0, 0x0000000000000000
2026/09/26 12:40:33.727, P0, 2535, 14201, 26.64, 0, 0x0000000000000000
2026/09/26 12:40:33.790, P0, 2535, 14201, 26.64, 0, 0x0000000000000000
2026/09/26 12:40:33.852, P0, 2535, 14201, 26.64, 0, 0x0000000000000000
2026/09/26 12:40:33.916, P0, 2535, 14201, 26.64, 0, 0x0000000000000000
2026/09/26 12:40:33.977, P0, 2535, 14201, 26.64, 0, 0x0000000000000000
2026/09/26 12:40:34.040, P0, 2535, 14201, 26.64, 0, 0x0000000000000000
2026/09/26 12:40:34.102, P0, 2535, 14201, 26.64, 0, 0x0000000000000000
2026/09/26 12:40:34.164, P0, 2535, 14201, 26.29, 0, 0x0000000000000000
2026/09/26 12:40:34.226, P0, 2535, 14201, 26.29, 0, 0x0000000000000000
2026/09/26 12:40:34.288, P0, 2535, 14201, 26.29, 0, 0x0000000000000000
2026/09/26 12:40:34.350, P0, 2535, 14201, 26.29, 0, 0x0000000000000000
2026/09/26 12:40:34.413, P0, 2535, 14201, 26.29, 0, 0x0000000000000000
2026/09/26 12:40:34.474, P0, 2535, 14201, 26.29, 0, 0x0000000000000000
2026/09/26 12:40:34.538, P0, 2535, 14201, 26.29, 0, 0x0000000000000000
2026/09/26 12:40:34.598, P0, 2535, 14201, 26.29, 0, 0x0000000000000000
2026/09/26 12:40:34.660, P0, 2535, 14201, 26.32, 0, 0x0000000000000000
2026/09/26 12:40:34.723, P0, 2535, 14201, 26.32, 0, 0x0000000000000000
2026/09/26 12:40:34.787, P0, 2535, 14201, 26.32, 0, 0x0000000000000000
2026/09/26 12:40:34.850, P0, 2535, 14201, 26.32, 0, 0x0000000000000000
2026/09/26 12:40:34.913, P0, 2535, 14201, 26.32, 0, 0x0000000000000000
2026/09/26 12:40:34.975, P0, 2535, 14201, 26.32, 0, 0x0000000000000000
2026/09/26 12:40:35.037, P0, 2535, 14201, 26.32, 0, 0x0000000000000000
2026/09/26 12:40:35.099, P0, 2535, 14201, 26.32, 0, 0x0000000000000000
2026/09/26 12:40:35.162, P3, 2535, 7001, 24.76, 0, 0x0000000000000000
2026/09/26 12:40:35.224, P3, 2535, 7001, 24.76, 0, 0x0000000000000000
2026/09/26 12:40:35.286, P3, 2535, 7001, 24.76, 0, 0x0000000000000000
2026/09/26 12:40:35.349, P3, 2535, 7001, 24.76, 0, 0x0000000000000000
2026/09/26 12:40:35.413, P3, 2535, 7001, 24.76, 0, 0x0000000000000000
2026/09/26 12:40:35.474, P3, 2535, 7001, 24.76, 0, 0x0000000000000000
2026/09/26 12:40:35.537, P3, 2535, 7001, 24.76, 0, 0x0000000000000000
2026/09/26 12:40:35.599, P3, 2535, 7001, 24.76, 0, 0x0000000000000000
2026/09/26 12:40:35.662, P3, 570, 7001, 19.10, 0, 0x0000000000000000
2026/09/26 12:40:35.724, P3, 570, 7001, 19.10, 0, 0x0000000000000000
2026/09/26 12:40:35.785, P3, 570, 7001, 19.10, 0, 0x0000000000000000
2026/09/26 12:40:35.848, P3, 570, 7001, 19.10, 0, 0x0000000000000000
2026/09/26 12:40:35.911, P3, 570, 7001, 19.10, 0, 0x0000000000000000
2026/09/26 12:40:35.975, P3, 570, 7001, 19.10, 0, 0x0000000000000000
2026/09/26 12:40:36.038, P3, 570, 7001, 19.10, 0, 0x0000000000000000
2026/09/26 12:40:36.101, P3, 570, 7001, 19.10, 0, 0x0000000000000000
2026/09/26 12:40:36.162, P1, 1867, 14001, 23.00, 20, 0x0000000000000000
2026/09/26 12:40:36.225, P1, 1867, 14001, 23.00, 20, 0x0000000000000000
2026/09/26 12:40:36.288, P1, 1867, 14001, 23.00, 20, 0x0000000000000000
2026/09/26 12:40:36.349, P1, 1867, 14001, 23.00, 20, 0x0000000000000000
2026/09/26 12:40:36.411, P1, 1867, 14001, 23.00, 20, 0x0000000000000000
2026/09/26 12:40:36.474, P1, 1867, 14001, 23.00, 20, 0x0000000000000000
2026/09/26 12:40:36.536, P1, 1867, 14001, 23.00, 20, 0x0000000000000000
2026/09/26 12:40:36.599, P1, 1867, 14001, 23.00, 20, 0x0000000000000000
2026/09/26 12:40:36.662, P1, 2955, 14001, 35.55, 25, 0x0000000000000000
2026/09/26 12:40:36.725, P1, 2955, 14001, 35.55, 25, 0x0000000000000000
2026/09/26 12:40:36.788, P1, 2955, 14001, 35.55, 25, 0x0000000000000000
2026/09/26 12:40:36.850, P1, 2955, 14001, 35.55, 25, 0x0000000000000000
2026/09/26 12:40:36.913, P1, 2955, 14001, 35.55, 25, 0x0000000000000000
2026/09/26 12:40:36.977, P1, 2955, 14001, 35.55, 25, 0x0000000000000000
2026/09/26 12:40:37.039, P1, 2955, 14001, 35.55, 25, 0x0000000000000000
2026/09/26 12:40:37.102, P1, 2955, 14001, 35.55, 25, 0x0000000000000000
2026/09/26 12:40:37.165, P1, 2955, 14001, 42.73, 16, 0x0000000000000000
2026/09/26 12:40:37.228, P1, 2955, 14001, 42.73, 16, 0x0000000000000000
2026/09/26 12:40:37.291, P1, 2955, 14001, 42.73, 16, 0x0000000000000000
2026/09/26 12:40:37.353, P1, 2955, 14001, 42.73, 16, 0x0000000000000000
2026/09/26 12:40:37.415, P1, 2955, 14001, 42.73, 16, 0x0000000000000000
2026/09/26 12:40:37.477, P1, 2955, 14001, 42.73, 16, 0x0000000000000000
2026/09/26 12:40:37.541, P1, 2955, 14001, 42.73, 16, 0x0000000000000000
2026/09/26 12:40:37.602, P1, 2955, 14001, 42.73, 16, 0x0000000000000000
2026/09/26 12:40:37.664, P1, 2955, 14001, 42.65, 26, 0x0000000000000000
2026/09/26 12:40:37.726, P1, 2955, 14001, 42.65, 26, 0x0000000000000000
2026/09/26 12:40:37.788, P1, 2955, 14001, 42.65, 26, 0x0000000000000000
2026/09/26 12:40:37.850, P1, 2955, 14001, 42.65, 26, 0x0000000000000000
2026/09/26 12:40:37.913, P1, 2955, 14001, 42.65, 26, 0x0000000000000000
2026/09/26 12:40:37.976, P1, 2955, 14001, 42.65, 26, 0x0000000000000000
2026/09/26 12:40:38.038, P1, 2955, 14001, 42.65, 26, 0x0000000000000000
2026/09/26 12:40:38.100, P1, 2955, 14001, 42.65, 26, 0x0000000000000000
2026/09/26 12:40:38.163, P0, 2955, 14201, 43.21, 9, 0x0000000000000000
2026/09/26 12:40:38.226, P0, 2955, 14201, 43.21, 9, 0x0000000000000000
2026/09/26 12:40:38.288, P0, 2955, 14201, 43.21, 9, 0x0000000000000000
2026/09/26 12:40:38.350, P0, 2955, 14201, 43.21, 9, 0x0000000000000000
2026/09/26 12:40:38.412, P0, 2955, 14201, 43.21, 9, 0x0000000000000000
2026/09/26 12:40:38.475, P0, 2955, 14201, 43.21, 9, 0x0000000000000000
2026/09/26 12:40:38.538, P0, 2955, 14201, 43.21, 9, 0x0000000000000000
2026/09/26 12:40:38.601, P0, 2955, 14201, 43.21, 9, 0x0000000000000000
2026/09/26 12:40:38.664, P0, 2505, 14201, 35.12, 0, 0x0000000000000000
2026/09/26 12:40:38.726, P0, 2505, 14201, 35.12, 0, 0x0000000000000000
2026/09/26 12:40:38.788, P0, 2505, 14201, 35.12, 0, 0x0000000000000000
2026/09/26 12:40:38.851, P0, 2505, 14201, 35.12, 0, 0x0000000000000000
2026/09/26 12:40:38.914, P0, 2505, 14201, 35.12, 0, 0x0000000000000000
2026/09/26 12:40:38.976, P0, 2505, 14201, 35.12, 0, 0x0000000000000000
2026/09/26 12:40:39.037, P0, 2505, 14201, 35.12, 0, 0x0000000000000000
2026/09/26 12:40:39.099, P0, 2505, 14201, 35.12, 0, 0x0000000000000000
2026/09/26 12:40:39.162, P0, 2512, 14201, 26.81, 0, 0x0000000000000000
2026/09/26 12:40:39.225, P0, 2512, 14201, 26.81, 0, 0x0000000000000000
2026/09/26 12:40:39.288, P0, 2512, 14201, 26.81, 0, 0x0000000000000000
2026/09/26 12:40:39.350, P0, 2512, 14201, 26.81, 0, 0x0000000000000000
2026/09/26 12:40:39.413, P0, 2512, 14201, 26.81, 0, 0x0000000000000000
2026/09/26 12:40:39.476, P0, 2512, 14201, 26.81, 0, 0x0000000000000000
2026/09/26 12:40:39.539, P0, 2512, 14201, 26.81, 0, 0x0000000000000000
2026/09/26 12:40:39.601, P0, 2512, 14201, 26.81, 0, 0x0000000000000000
2026/09/26 12:40:39.664, P0, 2535, 14201, 26.24, 0, 0x0000000000000000
2026/09/26 12:40:39.726, P0, 2535, 14201, 26.24, 0, 0x0000000000000000
2026/09/26 12:40:39.788, P0, 2535, 14201, 26.24, 0, 0x0000000000000000
2026/09/26 12:40:39.849, P0, 2535, 14201, 26.24, 0, 0x0000000000000000
2026/09/26 12:40:39.913, P0, 2535, 14201, 26.24, 0, 0x0000000000000000
2026/09/26 12:40:39.974, P0, 2535, 14201, 26.24, 0, 0x0000000000000000
2026/09/26 12:40:40.036, P0, 2535, 14201, 26.24, 0, 0x0000000000000000
2026/09/26 12:40:40.097, P0, 2535, 14201, 26.24, 0, 0x0000000000000000
2026/09/26 12:40:40.159, P3, 2535, 7001, 25.08, 0, 0x0000000000000000
2026/09/26 12:40:40.222, P3, 2535, 7001, 25.08, 0, 0x0000000000000000
2026/09/26 12:40:40.284, P3, 2535, 7001, 25.08, 0, 0x0000000000000000
2026/09/26 12:40:40.345, P3, 2535, 7001, 25.08, 0, 0x0000000000000000
2026/09/26 12:40:40.407, P3, 2535, 7001, 25.08, 0, 0x0000000000000000
2026/09/26 12:40:40.469, P3, 2535, 7001, 25.08, 0, 0x0000000000000000
2026/09/26 12:40:40.531, P3, 2535, 7001, 25.08, 0, 0x0000000000000000
2026/09/26 12:40:40.594, P3, 2535, 7001, 25.08, 0, 0x0000000000000000
2026/09/26 12:40:40.656, P3, 2535, 7001, 25.08, 0, 0x0000000000000000
2026/09/26 12:40:40.719, P3, 1042, 7001, 20.35, 0, 0x0000000000000000
2026/09/26 12:40:40.781, P3, 1042, 7001, 20.35, 0, 0x0000000000000000
2026/09/26 12:40:40.843, P3, 1042, 7001, 20.35, 0, 0x0000000000000000
2026/09/26 12:40:40.906, P3, 1042, 7001, 20.35, 0, 0x0000000000000000
2026/09/26 12:40:40.967, P3, 1042, 7001, 20.35, 0, 0x0000000000000000
2026/09/26 12:40:41.028, P3, 1042, 7001, 20.35, 0, 0x0000000000000000
2026/09/26 12:40:41.090, P3, 1042, 7001, 20.35, 0, 0x0000000000000000
2026/09/26 12:40:41.152, P3, 1042, 7001, 20.35, 0, 0x0000000000000000
2026/09/26 12:40:41.214, P3, 877, 7001, 16.10, 2, 0x0000000000000000
2026/09/26 12:40:41.276, P3, 877, 7001, 16.10, 2, 0x0000000000000000
2026/09/26 12:40:41.339, P3, 877, 7001, 16.10, 2, 0x0000000000000000
2026/09/26 12:40:41.401, P3, 877, 7001, 16.10, 2, 0x0000000000000000
2026/09/26 12:40:41.463, P3, 877, 7001, 16.10, 2, 0x0000000000000000
2026/09/26 12:40:41.526, P3, 877, 7001, 16.10, 2, 0x0000000000000000
2026/09/26 12:40:41.588, P3, 877, 7001, 16.10, 2, 0x0000000000000000
2026/09/26 12:40:41.652, P3, 877, 7001, 16.10, 2, 0x0000000000000000
2026/09/26 12:40:41.715, P0, 2775, 14201, 23.78, 3, 0x0000000000000000
2026/09/26 12:40:41.778, P0, 2775, 14201, 23.78, 3, 0x0000000000000000
2026/09/26 12:40:41.840, P0, 2775, 14201, 23.78, 3, 0x0000000000000000
2026/09/26 12:40:41.902, P0, 2775, 14201, 23.78, 3, 0x0000000000000000
2026/09/26 12:40:41.964, P0, 2775, 14201, 23.78, 3, 0x0000000000000000
2026/09/26 12:40:42.027, P0, 2775, 14201, 23.78, 3, 0x0000000000000000
2026/09/26 12:40:42.090, P0, 2775, 14201, 23.78, 3, 0x0000000000000000
2026/09/26 12:40:42.152, P0, 2775, 14201, 23.78, 3, 0x0000000000000000
2026/09/26 12:40:42.215, P1, 2745, 14001, 35.08, 14, 0x0000000000000000
2026/09/26 12:40:42.277, P1, 2745, 14001, 35.08, 14, 0x0000000000000000
2026/09/26 12:40:42.340, P1, 2745, 14001, 35.08, 14, 0x0000000000000000
2026/09/26 12:40:42.403, P1, 2745, 14001, 35.08, 14, 0x0000000000000000
2026/09/26 12:40:42.466, P1, 2745, 14001, 35.08, 14, 0x0000000000000000
2026/09/26 12:40:42.529, P1, 2745, 14001, 35.08, 14, 0x0000000000000000
2026/09/26 12:40:42.593, P1, 2745, 14001, 35.08, 14, 0x0000000000000000
2026/09/26 12:40:42.655, P1, 2745, 14001, 35.08, 14, 0x0000000000000000
2026/09/26 12:40:42.718, P1, 2955, 14001, 40.69, 23, 0x0000000000000000
2026/09/26 12:40:42.781, P1, 2955, 14001, 40.69, 23, 0x0000000000000000
2026/09/26 12:40:42.845, P1, 2955, 14001, 40.69, 23, 0x0000000000000000
2026/09/26 12:40:42.907, P1, 2955, 14001, 40.69, 23, 0x0000000000000000
2026/09/26 12:40:42.969, P1, 2955, 14001, 40.69, 23, 0x0000000000000000
2026/09/26 12:40:43.030, P1, 2955, 14001, 40.69, 23, 0x0000000000000000
2026/09/26 12:40:43.094, P1, 2955, 14001, 40.69, 23, 0x0000000000000000
2026/09/26 12:40:43.157, P1, 2955, 14001, 40.69, 23, 0x0000000000000000
2026/09/26 12:40:43.220, P0, 2955, 14201, 42.68, 0, 0x0000000000000000
2026/09/26 12:40:43.282, P0, 2955, 14201, 42.68, 0, 0x0000000000000000
2026/09/26 12:40:43.345, P0, 2955, 14201, 42.68, 0, 0x0000000000000000
2026/09/26 12:40:43.407, P0, 2955, 14201, 42.68, 0, 0x0000000000000000
2026/09/26 12:40:43.470, P0, 2955, 14201, 42.68, 0, 0x0000000000000000
2026/09/26 12:40:43.532, P0, 2955, 14201, 42.68, 0, 0x0000000000000000
2026/09/26 12:40:43.594, P0, 2955, 14201, 42.68, 0, 0x0000000000000000
2026/09/26 12:40:43.657, P0, 2955, 14201, 42.68, 0, 0x0000000000000000
2026/09/26 12:40:43.719, P0, 2542, 14201, 33.83, 0, 0x0000000000000000
2026/09/26 12:40:43.782, P0, 2542, 14201, 33.83, 0, 0x0000000000000000
2026/09/26 12:40:43.844, P0, 2542, 14201, 33.83, 0, 0x0000000000000000
2026/09/26 12:40:43.906, P0, 2542, 14201, 33.83, 0, 0x0000000000000000
2026/09/26 12:40:43.968, P0, 2542, 14201, 33.83, 0, 0x0000000000000000
2026/09/26 12:40:44.031, P0, 2542, 14201, 33.83, 0, 0x0000000000000000
2026/09/26 12:40:44.095, P0, 2542, 14201, 33.83, 0, 0x0000000000000000
2026/09/26 12:40:44.157, P0, 2542, 14201, 33.83, 0, 0x0000000000000000
2026/09/26 12:40:44.218, P3, 2535, 7001, 25.16, 0, 0x0000000000000000
2026/09/26 12:40:44.281, P3, 2535, 7001, 25.16, 0, 0x0000000000000000
2026/09/26 12:40:44.342, P3, 2535, 7001, 25.16, 0, 0x0000000000000000
2026/09/26 12:40:44.405, P3, 2535, 7001, 25.16, 0, 0x0000000000000000
2026/09/26 12:40:44.466, P3, 2535, 7001, 25.16, 0, 0x0000000000000000
2026/09/26 12:40:44.528, P3, 2535, 7001, 25.16, 0, 0x0000000000000000
2026/09/26 12:40:44.592, P3, 2535, 7001, 25.16, 0, 0x0000000000000000
2026/09/26 12:40:44.654, P3, 2535, 7001, 25.16, 0, 0x0000000000000000
2026/09/26 12:40:44.717, P3, 1275, 7001, 19.39, 0, 0x0000000000000000
2026/09/26 12:40:44.779, P3, 1275, 7001, 19.39, 0, 0x0000000000000000
2026/09/26 12:40:44.841, P3, 1275, 7001, 19.39, 0, 0x0000000000000000
2026/09/26 12:40:44.904, P3, 1275, 7001, 19.39, 0, 0x0000000000000000
2026/09/26 12:40:44.968, P3, 1275, 7001, 19.39, 0, 0x0000000000000000
2026/09/26 12:40:45.031, P3, 1275, 7001, 19.39, 0, 0x0000000000000000
2026/09/26 12:40:45.093, P3, 1275, 7001, 19.39, 0, 0x0000000000000000
2026/09/26 12:40:45.155, P3, 1275, 7001, 19.39, 0, 0x0000000000000000
2026/09/26 12:40:45.217, P3, 1020, 7001, 15.36, 0, 0x0000000000000000
2026/09/26 12:40:45.279, P3, 1020, 7001, 15.36, 0, 0x0000000000000000
2026/09/26 12:40:45.342, P3, 1020, 7001, 15.36, 0, 0x0000000000000000
2026/09/26 12:40:45.404, P3, 1020, 7001, 15.36, 0, 0x0000000000000000
2026/09/26 12:40:45.466, P3, 1020, 7001, 15.36, 0, 0x0000000000000000
2026/09/26 12:40:45.528, P3, 1020, 7001, 15.36, 0, 0x0000000000000000
2026/09/26 12:40:45.590, P3, 1020, 7001, 15.36, 0, 0x0000000000000000
2026/09/26 12:40:45.651, P3, 1020, 7001, 15.36, 0, 0x0000000000000000
2026/09/26 12:40:45.714, P3, 937, 7001, 15.66, 0, 0x0000000000000000
2026/09/26 12:40:45.777, P3, 937, 7001, 15.66, 0, 0x0000000000000000
2026/09/26 12:40:45.839, P3, 937, 7001, 15.66, 0, 0x0000000000000000
2026/09/26 12:40:45.902, P3, 937, 7001, 15.66, 0, 0x0000000000000000
2026/09/26 12:40:45.965, P3, 937, 7001, 15.66, 0, 0x0000000000000000
2026/09/26 12:40:46.028, P3, 937, 7001, 15.66, 0, 0x0000000000000000
2026/09/26 12:40:46.090, P3, 937, 7001, 15.66, 0, 0x0000000000000000
2026/09/26 12:40:46.153, P3, 937, 7001, 15.66, 0, 0x0000000000000000
2026/09/26 12:40:46.214, P1, 787, 14201, 16.28, 3, 0x0000000000000000
2026/09/26 12:40:46.276, P1, 787, 14201, 16.28, 3, 0x0000000000000000
2026/09/26 12:40:46.337, P1, 787, 14201, 16.28, 3, 0x0000000000000000
2026/09/26 12:40:46.400, P1, 787, 14201, 16.28, 3, 0x0000000000000000
2026/09/26 12:40:46.463, P1, 787, 14201, 16.28, 3, 0x0000000000000000
2026/09/26 12:40:46.525, P1, 787, 14201, 16.28, 3, 0x0000000000000000
2026/09/26 12:40:46.588, P1, 787, 14201, 16.28, 3, 0x0000000000000000
2026/09/26 12:40:46.651, P1, 787, 14201, 16.28, 3, 0x0000000000000000
2026/09/26 12:40:46.713, P0, 2655, 14201, 23.02, 0, 0x0000000000000000
2026/09/26 12:40:46.775, P0, 2655, 14201, 23.02, 0, 0x0000000000000000
2026/09/26 12:40:46.838, P0, 2655, 14201, 23.02, 0, 0x0000000000000000
2026/09/26 12:40:46.900, P0, 2655, 14201, 23.02, 0, 0x0000000000000000
2026/09/26 12:40:46.964, P0, 2655, 14201, 23.02, 0, 0x0000000000000000
2026/09/26 12:40:47.027, P0, 2655, 14201, 23.02, 0, 0x0000000000000000
2026/09/26 12:40:47.089, P0, 2655, 14201, 23.02, 0, 0x0000000000000000
2026/09/26 12:40:47.151, P0, 2655, 14201, 23.02, 0, 0x0000000000000000
2026/09/26 12:40:47.215, P0, 2535, 14201, 27.67, 0, 0x0000000000000000
2026/09/26 12:40:47.266, P0, 2535, 14201, 27.67, 0, 0x0000000000000000
2026/09/26 12:40:47.319, P0, 2535, 14201, 27.67, 0, 0x0000000000000000
2026/09/26 12:40:47.382, P0, 2535, 14201, 27.67, 0, 0x0000000000000000
2026/09/26 12:40:47.445, P0, 2535, 14201, 27.67, 0, 0x0000000000000000
2026/09/26 12:40:47.509, P0, 2535, 14201, 27.67, 0, 0x0000000000000000
2026/09/26 12:40:47.570, P0, 2535, 14201, 27.67, 0, 0x0000000000000000
2026/09/26 12:40:47.621, P0, 2535, 14201, 27.67, 0, 0x0000000000000000
2026/09/26 12:40:47.686, P0, 2505, 14201, 26.02, 0, 0x0000000000000000
2026/09/26 12:40:47.750, P0, 2505, 14201, 26.02, 0, 0x0000000000000000
2026/09/26 12:40:47.813, P0, 2505, 14201, 26.02, 0, 0x0000000000000000
2026/09/26 12:40:47.876, P0, 2505, 14201, 26.02, 0, 0x0000000000000000
2026/09/26 12:40:47.939, P0, 2505, 14201, 26.02, 0, 0x0000000000000000
2026/09/26 12:40:48.002, P0, 2505, 14201, 26.02, 0, 0x0000000000000000
2026/09/26 12:40:48.056, P0, 2505, 14201, 26.02, 0, 0x0000000000000000
2026/09/26 12:40:48.122, P0, 2505, 14201, 26.02, 0, 0x0000000000000000
2026/09/26 12:40:48.188, P0, 2505, 14201, 25.61, 0, 0x0000000000000000
2026/09/26 12:40:48.238, P0, 2505, 14201, 25.61, 0, 0x0000000000000000
2026/09/26 12:40:48.289, P0, 2505, 14201, 25.61, 0, 0x0000000000000000
2026/09/26 12:40:48.355, P0, 2505, 14201, 25.61, 0, 0x0000000000000000
2026/09/26 12:40:48.406, P0, 2505, 14201, 25.61, 0, 0x0000000000000000
2026/09/26 12:40:48.472, P0, 2505, 14201, 25.61, 0, 0x0000000000000000
2026/09/26 12:40:48.523, P0, 2505, 14201, 25.61, 0, 0x0000000000000000
2026/09/26 12:40:48.573, P0, 2505, 14201, 25.61, 0, 0x0000000000000000
2026/09/26 12:40:48.625, P0, 2505, 14201, 25.61, 0, 0x0000000000000000
2026/09/26 12:40:48.676, P0, 2535, 14201, 25.77, 0, 0x0000000000000000
2026/09/26 12:40:48.727, P0, 2535, 14201, 25.77, 0, 0x0000000000000000
2026/09/26 12:40:48.789, P0, 2535, 14201, 25.77, 0, 0x0000000000000000
2026/09/26 12:40:48.839, P0, 2535, 14201, 25.77, 0, 0x0000000000000000
2026/09/26 12:40:48.890, P0, 2535, 14201, 25.77, 0, 0x0000000000000000
2026/09/26 12:40:48.942, P0, 2535, 14201, 25.77, 0, 0x0000000000000000
2026/09/26 12:40:49.006, P0, 2535, 14201, 25.77, 0, 0x0000000000000000
2026/09/26 12:40:49.056, P0, 2535, 14201, 25.77, 0, 0x0000000000000000
2026/09/26 12:40:49.106, P0, 2535, 14201, 25.77, 0, 0x0000000000000000
2026/09/26 12:40:49.157, P0, 2535, 14201, 25.77, 0, 0x0000000000000000
2026/09/26 12:40:49.207, P3, 2535, 7001, 24.69, 0, 0x0000000000000000
2026/09/26 12:40:49.273, P3, 2535, 7001, 24.69, 0, 0x0000000000000000
2026/09/26 12:40:49.323, P3, 2535, 7001, 24.69, 0, 0x0000000000000000
2026/09/26 12:40:49.374, P3, 2535, 7001, 24.69, 0, 0x0000000000000000
2026/09/26 12:40:49.440, P3, 2535, 7001, 24.69, 0, 0x0000000000000000
2026/09/26 12:40:49.490, P3, 2535, 7001, 24.69, 0, 0x0000000000000000
2026/09/26 12:40:49.541, P3, 2535, 7001, 24.69, 0, 0x0000000000000000
2026/09/26 12:40:49.606, P3, 2535, 7001, 24.69, 0, 0x0000000000000000
2026/09/26 12:40:49.657, P3, 2535, 7001, 24.69, 0, 0x0000000000000000
2026/09/26 12:40:49.724, P1, 682, 14201, 20.03, 5, 0x0000000000000000
2026/09/26 12:40:49.790, P1, 682, 14201, 20.03, 5, 0x0000000000000000
2026/09/26 12:40:49.840, P1, 682, 14201, 20.03, 5, 0x0000000000000000
2026/09/26 12:40:49.891, P1, 682, 14201, 20.03, 5, 0x0000000000000000
2026/09/26 12:40:49.957, P1, 682, 14201, 20.03, 5, 0x0000000000000000
2026/09/26 12:40:50.008, P1, 682, 14201, 20.03, 5, 0x0000000000000000
2026/09/26 12:40:50.073, P1, 682, 14201, 20.03, 5, 0x0000000000000000
2026/09/26 12:40:50.124, P1, 682, 14201, 20.03, 5, 0x0000000000000000
2026/09/26 12:40:50.174, P1, 2685, 14001, 24.75, 11, 0x0000000000000000
2026/09/26 12:40:50.239, P1, 2685, 14001, 24.75, 11, 0x0000000000000000
2026/09/26 12:40:50.302, P1, 2685, 14001, 24.75, 11, 0x0000000000000000
2026/09/26 12:40:50.366, P1, 2685, 14001, 24.75, 11, 0x0000000000000000
2026/09/26 12:40:50.431, P1, 2685, 14001, 24.75, 11, 0x0000000000000000
2026/09/26 12:40:50.493, P1, 2685, 14001, 24.75, 11, 0x0000000000000000
2026/09/26 12:40:50.557, P1, 2685, 14001, 24.75, 11, 0x0000000000000000
2026/09/26 12:40:50.608, P1, 2685, 14001, 24.75, 11, 0x0000000000000000
2026/09/26 12:40:50.674, P1, 2955, 14001, 39.33, 25, 0x0000000000000000
2026/09/26 12:40:50.724, P1, 2955, 14001, 39.33, 25, 0x0000000000000000
2026/09/26 12:40:50.790, P1, 2955, 14001, 39.33, 25, 0x0000000000000000
2026/09/26 12:40:50.854, P1, 2955, 14001, 39.33, 25, 0x0000000000000000
2026/09/26 12:40:50.918, P1, 2955, 14001, 39.33, 25, 0x0000000000000000
2026/09/26 12:40:50.971, P1, 2955, 14001, 39.33, 25, 0x0000000000000000
2026/09/26 12:40:51.035, P1, 2955, 14001, 39.33, 25, 0x0000000000000000
2026/09/26 12:40:51.091, P1, 2955, 14001, 39.33, 25, 0x0000000000000000
2026/09/26 12:40:51.141, P1, 2955, 14001, 39.33, 25, 0x0000000000000000
2026/09/26 12:40:51.192, P0, 2955, 14201, 43.24, 11, 0x0000000000000000
2026/09/26 12:40:51.258, P0, 2955, 14201, 43.24, 11, 0x0000000000000000
2026/09/26 12:40:51.309, P0, 2955, 14201, 43.24, 11, 0x0000000000000000
2026/09/26 12:40:51.359, P0, 2955, 14201, 43.24, 11, 0x0000000000000000
2026/09/26 12:40:51.425, P0, 2955, 14201, 43.24, 11, 0x0000000000000000
2026/09/26 12:40:51.476, P0, 2955, 14201, 43.24, 11, 0x0000000000000000
2026/09/26 12:40:51.541, P0, 2955, 14201, 43.24, 11, 0x0000000000000000
2026/09/26 12:40:51.592, P0, 2955, 14201, 43.24, 11, 0x0000000000000000
2026/09/26 12:40:51.643, P0, 2955, 14201, 43.24, 11, 0x0000000000000000
2026/09/26 12:40:51.708, P0, 2535, 14201, 35.76, 0, 0x0000000000000000
2026/09/26 12:40:51.758, P0, 2535, 14201, 35.76, 0, 0x0000000000000000
2026/09/26 12:40:51.809, P0, 2535, 14201, 35.76, 0, 0x0000000000000000
2026/09/26 12:40:51.875, P0, 2535, 14201, 35.76, 0, 0x0000000000000000
2026/09/26 12:40:51.925, P0, 2535, 14201, 35.76, 0, 0x0000000000000000
2026/09/26 12:40:51.976, P0, 2535, 14201, 35.76, 0, 0x0000000000000000
2026/09/26 12:40:52.026, P0, 2535, 14201, 35.76, 0, 0x0000000000000000
2026/09/26 12:40:52.077, P0, 2535, 14201, 35.76, 0, 0x0000000000000000
2026/09/26 12:40:52.141, P0, 2535, 14201, 35.76, 0, 0x0000000000000000
2026/09/26 12:40:52.192, P0, 2535, 14201, 27.75, 0, 0x0000000000000000
2026/09/26 12:40:52.243, P0, 2535, 14201, 27.75, 0, 0x0000000000000000
2026/09/26 12:40:52.309, P0, 2535, 14201, 27.75, 0, 0x0000000000000000
2026/09/26 12:40:52.359, P0, 2535, 14201, 27.75, 0, 0x0000000000000000
2026/09/26 12:40:52.409, P0, 2535, 14201, 27.75, 0, 0x0000000000000000
2026/09/26 12:40:52.459, P0, 2535, 14201, 27.75, 0, 0x0000000000000000
2026/09/26 12:40:52.510, P0, 2535, 14201, 27.75, 0, 0x0000000000000000
2026/09/26 12:40:52.576, P0, 2535, 14201, 27.75, 0, 0x0000000000000000
2026/09/26 12:40:52.627, P0, 2535, 14201, 27.75, 0, 0x0000000000000000
2026/09/26 12:40:52.693, P0, 2535, 14201, 26.54, 0, 0x0000000000000000
2026/09/26 12:40:52.744, P0, 2535, 14201, 26.54, 0, 0x0000000000000000
2026/09/26 12:40:52.810, P0, 2535, 14201, 26.54, 0, 0x0000000000000000
2026/09/26 12:40:52.860, P0, 2535, 14201, 26.54, 0, 0x0000000000000000
2026/09/26 12:40:52.910, P0, 2535, 14201, 26.54, 0, 0x0000000000000000
2026/09/26 12:40:52.961, P0, 2535, 14201, 26.54, 0, 0x0000000000000000
2026/09/26 12:40:53.026, P0, 2535, 14201, 26.54, 0, 0x0000000000000000
2026/09/26 12:40:53.077, P0, 2535, 14201, 26.54, 0, 0x0000000000000000
2026/09/26 12:40:53.143, P0, 2535, 14201, 26.54, 0, 0x0000000000000000
2026/09/26 12:40:53.194, P0, 2535, 14201, 26.42, 0, 0x0000000000000000
2026/09/26 12:40:53.258, P0, 2535, 14201, 26.42, 0, 0x0000000000000000
2026/09/26 12:40:53.320, P0, 2535, 14201, 26.42, 0, 0x0000000000000000
2026/09/26 12:40:53.377, P0, 2535, 14201, 26.42, 0, 0x0000000000000000
2026/09/26 12:40:53.442, P0, 2535, 14201, 26.42, 0, 0x0000000000000000
2026/09/26 12:40:53.506, P0, 2535, 14201, 26.42, 0, 0x0000000000000000
2026/09/26 12:40:53.570, P0, 2535, 14201, 26.42, 0, 0x0000000000000000
2026/09/26 12:40:53.627, P0, 2535, 14201, 26.42, 0, 0x0000000000000000
2026/09/26 12:40:53.693, P0, 2512, 14201, 26.13, 0, 0x0000000000000000
2026/09/26 12:40:53.745, P0, 2512, 14201, 26.13, 0, 0x0000000000000000
2026/09/26 12:40:53.797, P0, 2512, 14201, 26.13, 0, 0x0000000000000000
2026/09/26 12:40:53.858, P0, 2512, 14201, 26.13, 0, 0x0000000000000000
2026/09/26 12:40:53.911, P0, 2512, 14201, 26.13, 0, 0x0000000000000000
2026/09/26 12:40:53.976, P0, 2512, 14201, 26.13, 0, 0x0000000000000000
2026/09/26 12:40:54.039, P0, 2512, 14201, 26.13, 0, 0x0000000000000000
2026/09/26 12:40:54.094, P0, 2512, 14201, 26.13, 0, 0x0000000000000000
2026/09/26 12:40:54.145, P0, 2512, 14201, 26.13, 0, 0x0000000000000000
2026/09/26 12:40:54.211, P3, 2512, 7001, 24.33, 0, 0x0000000000000000
2026/09/26 12:40:54.261, P3, 2512, 7001, 24.33, 0, 0x0000000000000000
2026/09/26 12:40:54.312, P3, 2512, 7001, 24.33, 0, 0x0000000000000000
2026/09/26 12:40:54.378, P3, 2512, 7001, 24.33, 0, 0x0000000000000000
2026/09/26 12:40:54.429, P3, 2512, 7001, 24.33, 0, 0x0000000000000000
2026/09/26 12:40:54.479, P3, 2512, 7001, 24.33, 0, 0x0000000000000000
2026/09/26 12:40:54.545, P3, 2512, 7001, 24.33, 0, 0x0000000000000000
2026/09/26 12:40:54.595, P3, 2512, 7001, 24.33, 0, 0x0000000000000000
2026/09/26 12:40:54.646, P3, 2512, 7001, 24.33, 0, 0x0000000000000000
2026/09/26 12:40:54.696, P1, 2167, 14001, 27.84, 21, 0x0000000000000000
2026/09/26 12:40:54.762, P1, 2167, 14001, 27.84, 21, 0x0000000000000000
2026/09/26 12:40:54.812, P1, 2167, 14001, 27.84, 21, 0x0000000000000000
2026/09/26 12:40:54.879, P1, 2167, 14001, 27.84, 21, 0x0000000000000000
2026/09/26 12:40:54.946, P1, 2167, 14001, 27.84, 21, 0x0000000000000000
2026/09/26 12:40:54.996, P1, 2167, 14001, 27.84, 21, 0x0000000000000000
2026/09/26 12:40:55.061, P1, 2167, 14001, 27.84, 21, 0x0000000000000000
2026/09/26 12:40:55.112, P1, 2167, 14001, 27.84, 21, 0x0000000000000000
2026/09/26 12:40:55.163, P1, 2955, 14001, 36.45, 25, 0x0000000000000000
2026/09/26 12:40:55.229, P1, 2955, 14001, 36.45, 25, 0x0000000000000000
2026/09/26 12:40:55.279, P1, 2955, 14001, 36.45, 25, 0x0000000000000000
2026/09/26 12:40:55.330, P1, 2955, 14001, 36.45, 25, 0x0000000000000000
2026/09/26 12:40:55.396, P1, 2955, 14001, 36.45, 25, 0x0000000000000000
2026/09/26 12:40:55.446, P1, 2955, 14001, 36.45, 25, 0x0000000000000000
2026/09/26 12:40:55.512, P1, 2955, 14001, 36.45, 25, 0x0000000000000000
2026/09/26 12:40:55.564, P1, 2955, 14001, 36.45, 25, 0x0000000000000000
2026/09/26 12:40:55.629, P1, 2955, 14001, 36.45, 25, 0x0000000000000000
2026/09/26 12:40:55.680, P1, 2932, 14201, 41.54, 4, 0x0000000000000000
2026/09/26 12:40:55.747, P1, 2932, 14201, 41.54, 4, 0x0000000000000000
2026/09/26 12:40:55.797, P1, 2932, 14201, 41.54, 4, 0x0000000000000000
2026/09/26 12:40:55.863, P1, 2932, 14201, 41.54, 4, 0x0000000000000000
2026/09/26 12:40:55.914, P1, 2932, 14201, 41.54, 4, 0x0000000000000000
2026/09/26 12:40:55.979, P1, 2932, 14201, 41.54, 4, 0x0000000000000000
2026/09/26 12:40:56.030, P1, 2932, 14201, 41.54, 4, 0x0000000000000000
2026/09/26 12:40:56.096, P1, 2932, 14201, 41.54, 4, 0x0000000000000000
2026/09/26 12:40:56.147, P1, 2932, 14201, 41.54, 4, 0x0000000000000000
2026/09/26 12:40:56.197, P0, 2655, 14201, 35.81, 4, 0x0000000000000000
2026/09/26 12:40:56.261, P0, 2655, 14201, 35.81, 4, 0x0000000000000000
2026/09/26 12:40:56.324, P0, 2655, 14201, 35.81, 4, 0x0000000000000000
2026/09/26 12:40:56.388, P0, 2655, 14201, 35.81, 4, 0x0000000000000000
2026/09/26 12:40:56.452, P0, 2655, 14201, 35.81, 4, 0x0000000000000000
2026/09/26 12:40:56.516, P0, 2655, 14201, 35.81, 4, 0x0000000000000000
2026/09/26 12:40:56.580, P0, 2655, 14201, 35.81, 4, 0x0000000000000000
2026/09/26 12:40:56.630, P0, 2655, 14201, 35.81, 4, 0x0000000000000000
2026/09/26 12:40:56.695, P0, 2505, 14201, 29.56, 0, 0x0000000000000000
2026/09/26 12:40:56.747, P0, 2505, 14201, 29.56, 0, 0x0000000000000000
2026/09/26 12:40:56.813, P0, 2505, 14201, 29.56, 0, 0x0000000000000000
2026/09/26 12:40:56.876, P0, 2505, 14201, 29.56, 0, 0x0000000000000000
2026/09/26 12:40:56.939, P0, 2505, 14201, 29.56, 0, 0x0000000000000000
2026/09/26 12:40:56.992, P0, 2505, 14201, 29.56, 0, 0x0000000000000000
2026/09/26 12:40:57.055, P0, 2505, 14201, 29.56, 0, 0x0000000000000000
2026/09/26 12:40:57.114, P0, 2505, 14201, 29.56, 0, 0x0000000000000000
2026/09/26 12:40:57.165, P0, 2512, 14201, 25.98, 0, 0x0000000000000000
2026/09/26 12:40:57.215, P0, 2512, 14201, 25.98, 0, 0x0000000000000000
2026/09/26 12:40:57.281, P0, 2512, 14201, 25.98, 0, 0x0000000000000000
2026/09/26 12:40:57.331, P0, 2512, 14201, 25.98, 0, 0x0000000000000000
2026/09/26 12:40:57.382, P0, 2512, 14201, 25.98, 0, 0x0000000000000000
2026/09/26 12:40:57.447, P0, 2512, 14201, 25.98, 0, 0x0000000000000000
2026/09/26 12:40:57.498, P0, 2512, 14201, 25.98, 0, 0x0000000000000000
2026/09/26 12:40:57.548, P0, 2512, 14201, 25.98, 0, 0x0000000000000000
2026/09/26 12:40:57.599, P0, 2512, 14201, 25.98, 0, 0x0000000000000000
2026/09/26 12:40:57.664, P0, 2535, 14201, 26.14, 0, 0x0000000000000000
2026/09/26 12:40:57.715, P0, 2535, 14201, 26.14, 0, 0x0000000000000000
2026/09/26 12:40:57.765, P0, 2535, 14201, 26.14, 0, 0x0000000000000000
2026/09/26 12:40:57.816, P0, 2535, 14201, 26.14, 0, 0x0000000000000000
2026/09/26 12:40:57.881, P0, 2535, 14201, 26.14, 0, 0x0000000000000000
2026/09/26 12:40:57.931, P0, 2535, 14201, 26.14, 0, 0x0000000000000000
2026/09/26 12:40:57.982, P0, 2535, 14201, 26.14, 0, 0x0000000000000000
2026/09/26 12:40:58.033, P0, 2535, 14201, 26.14, 0, 0x0000000000000000
2026/09/26 12:40:58.099, P0, 2535, 14201, 26.14, 0, 0x0000000000000000
2026/09/26 12:40:58.149, P0, 2535, 14201, 26.14, 0, 0x0000000000000000
2026/09/26 12:40:58.215, P0, 2535, 14201, 26.35, 0, 0x0000000000000000
2026/09/26 12:40:58.265, P0, 2535, 14201, 26.35, 0, 0x0000000000000000
2026/09/26 12:40:58.316, P0, 2535, 14201, 26.35, 0, 0x0000000000000000
2026/09/26 12:40:58.382, P0, 2535, 14201, 26.35, 0, 0x0000000000000000
2026/09/26 12:40:58.432, P0, 2535, 14201, 26.35, 0, 0x0000000000000000
2026/09/26 12:40:58.499, P0, 2535, 14201, 26.35, 0, 0x0000000000000000
2026/09/26 12:40:58.549, P0, 2535, 14201, 26.35, 0, 0x0000000000000000
2026/09/26 12:40:58.600, P0, 2535, 14201, 26.35, 0, 0x0000000000000000
2026/09/26 12:40:58.650, P0, 2535, 14201, 26.35, 0, 0x0000000000000000
2026/09/26 12:40:58.716, P0, 2535, 14201, 26.34, 0, 0x0000000000000000
2026/09/26 12:40:58.767, P0, 2535, 14201, 26.34, 0, 0x0000000000000000
2026/09/26 12:40:58.833, P0, 2535, 14201, 26.34, 0, 0x0000000000000000
2026/09/26 12:40:58.883, P0, 2535, 14201, 26.34, 0, 0x0000000000000000
2026/09/26 12:40:58.933, P0, 2535, 14201, 26.34, 0, 0x0000000000000000
2026/09/26 12:40:58.999, P0, 2535, 14201, 26.34, 0, 0x0000000000000000
2026/09/26 12:40:59.050, P0, 2535, 14201, 26.34, 0, 0x0000000000000000
2026/09/26 12:40:59.116, P0, 2535, 14201, 26.34, 0, 0x0000000000000000
2026/09/26 12:40:59.167, P3, 2535, 7001, 24.89, 0, 0x0000000000000000
2026/09/26 12:40:59.232, P3, 2535, 7001, 24.89, 0, 0x0000000000000000
2026/09/26 12:40:59.282, P3, 2535, 7001, 24.89, 0, 0x0000000000000000
2026/09/26 12:40:59.345, P3, 2535, 7001, 24.89, 0, 0x0000000000000000
2026/09/26 12:40:59.409, P3, 2535, 7001, 24.89, 0, 0x0000000000000000
2026/09/26 12:40:59.461, P3, 2535, 7001, 24.89, 0, 0x0000000000000000
2026/09/26 12:40:59.525, P3, 2535, 7001, 24.89, 0, 0x0000000000000000
2026/09/26 12:40:59.584, P3, 2535, 7001, 24.89, 0, 0x0000000000000000
2026/09/26 12:40:59.650, P3, 2535, 7001, 24.89, 0, 0x0000000000000000
2026/09/26 12:40:59.701, P1, 2805, 14001, 30.76, 24, 0x0000000000000000
2026/09/26 12:40:59.766, P1, 2805, 14001, 30.76, 24, 0x0000000000000000
2026/09/26 12:40:59.829, P1, 2805, 14001, 30.76, 24, 0x0000000000000000
2026/09/26 12:40:59.892, P1, 2805, 14001, 30.76, 24, 0x0000000000000000
2026/09/26 12:40:59.955, P1, 2805, 14001, 30.76, 24, 0x0000000000000000
2026/09/26 12:41:00.019, P1, 2805, 14001, 30.76, 24, 0x0000000000000000
2026/09/26 12:41:00.082, P1, 2805, 14001, 30.76, 24, 0x0000000000000000
2026/09/26 12:41:00.134, P1, 2805, 14001, 30.76, 24, 0x0000000000000000
2026/09/26 12:41:00.185, P1, 2955, 14001, 38.85, 24, 0x0000000000000000
2026/09/26 12:41:00.235, P1, 2955, 14001, 38.85, 24, 0x0000000000000000
2026/09/26 12:41:00.290, P1, 2955, 14001, 38.85, 24, 0x0000000000000000
2026/09/26 12:41:00.351, P1, 2955, 14001, 38.85, 24, 0x0000000000000000
2026/09/26 12:41:00.402, P1, 2955, 14001, 38.85, 24, 0x0000000000000000
2026/09/26 12:41:00.454, P1, 2955, 14001, 38.85, 24, 0x0000000000000000
2026/09/26 12:41:00.518, P1, 2955, 14001, 38.85, 24, 0x0000000000000000
2026/09/26 12:41:00.568, P1, 2955, 14001, 38.85, 24, 0x0000000000000000
2026/09/26 12:41:00.621, P1, 2955, 14001, 38.85, 24, 0x0000000000000000
2026/09/26 12:41:00.673, P0, 2955, 14201, 42.07, 8, 0x0000000000000000
2026/09/26 12:41:00.735, P0, 2955, 14201, 42.07, 8, 0x0000000000000000
2026/09/26 12:41:00.785, P0, 2955, 14201, 42.07, 8, 0x0000000000000000
2026/09/26 12:41:00.835, P0, 2955, 14201, 42.07, 8, 0x0000000000000000
2026/09/26 12:41:00.891, P0, 2955, 14201, 42.07, 8, 0x0000000000000000
2026/09/26 12:41:00.952, P0, 2955, 14201, 42.07, 8, 0x0000000000000000
2026/09/26 12:41:01.002, P0, 2955, 14201, 42.07, 8, 0x0000000000000000
2026/09/26 12:41:01.068, P0, 2955, 14201, 42.07, 8, 0x0000000000000000
2026/09/26 12:41:01.118, P0, 2955, 14201, 42.07, 8, 0x0000000000000000
2026/09/26 12:41:01.169, P1, 2940, 14001, 45.29, 36, 0x0000000000000000
2026/09/26 12:41:01.219, P1, 2940, 14001, 45.29, 36, 0x0000000000000000
2026/09/26 12:41:01.285, P1, 2940, 14001, 45.29, 36, 0x0000000000000000
2026/09/26 12:41:01.336, P1, 2940, 14001, 45.29, 36, 0x0000000000000000
2026/09/26 12:41:01.402, P1, 2940, 14001, 45.29, 36, 0x0000000000000000
2026/09/26 12:41:01.468, P1, 2940, 14001, 45.29, 36, 0x0000000000000000
2026/09/26 12:41:01.519, P1, 2940, 14001, 45.29, 36, 0x0000000000000000
2026/09/26 12:41:01.569, P1, 2940, 14001, 45.29, 36, 0x0000000000000000
2026/09/26 12:41:01.636, P1, 2940, 14001, 45.29, 36, 0x0000000000000000
2026/09/26 12:41:01.686, P1, 2955, 14001, 52.15, 20, 0x0000000000000000
2026/09/26 12:41:01.752, P1, 2955, 14001, 52.15, 20, 0x0000000000000000
2026/09/26 12:41:01.803, P1, 2955, 14001, 52.15, 20, 0x0000000000000000
2026/09/26 12:41:01.869, P1, 2955, 14001, 52.15, 20, 0x0000000000000000
2026/09/26 12:41:01.919, P1, 2955, 14001, 52.15, 20, 0x0000000000000000
2026/09/26 12:41:01.970, P1, 2955, 14001, 52.15, 20, 0x0000000000000000
2026/09/26 12:41:02.036, P1, 2955, 14001, 52.15, 20, 0x0000000000000000
2026/09/26 12:41:02.087, P1, 2955, 14001, 52.15, 20, 0x0000000000000000
2026/09/26 12:41:02.152, P1, 2955, 14001, 52.15, 20, 0x0000000000000000
2026/09/26 12:41:02.218, P0, 2955, 14201, 48.85, 0, 0x0000000000000000
2026/09/26 12:41:02.282, P0, 2955, 14201, 48.85, 0, 0x0000000000000000
2026/09/26 12:41:02.345, P0, 2955, 14201, 48.85, 0, 0x0000000000000000
2026/09/26 12:41:02.403, P0, 2955, 14201, 48.85, 0, 0x0000000000000000
2026/09/26 12:41:02.468, P0, 2955, 14201, 48.85, 0, 0x0000000000000000
2026/09/26 12:41:02.532, P0, 2955, 14201, 48.85, 0, 0x0000000000000000
2026/09/26 12:41:02.586, P0, 2955, 14201, 48.85, 0, 0x0000000000000000
2026/09/26 12:41:02.637, P0, 2955, 14201, 48.85, 0, 0x0000000000000000
2026/09/26 12:41:02.702, P0, 2955, 14201, 37.33, 0, 0x0000000000000000
2026/09/26 12:41:02.767, P0, 2955, 14201, 37.33, 0, 0x0000000000000000
2026/09/26 12:41:02.818, P0, 2955, 14201, 37.33, 0, 0x0000000000000000
2026/09/26 12:41:02.868, P0, 2955, 14201, 37.33, 0, 0x0000000000000000
2026/09/26 12:41:02.919, P0, 2955, 14201, 37.33, 0, 0x0000000000000000
2026/09/26 12:41:02.984, P0, 2955, 14201, 37.33, 0, 0x0000000000000000
2026/09/26 12:41:03.047, P0, 2955, 14201, 37.33, 0, 0x0000000000000000
2026/09/26 12:41:03.103, P0, 2955, 14201, 37.33, 0, 0x0000000000000000
2026/09/26 12:41:03.154, P0, 2955, 14201, 37.33, 0, 0x0000000000000000
2026/09/26 12:41:03.220, P0, 2955, 14201, 35.66, 0, 0x0000000000000000
2026/09/26 12:41:03.286, P0, 2955, 14201, 35.66, 0, 0x0000000000000000
2026/09/26 12:41:03.337, P0, 2955, 14201, 35.66, 0, 0x0000000000000000
2026/09/26 12:41:03.388, P0, 2955, 14201, 35.66, 0, 0x0000000000000000
2026/09/26 12:41:03.439, P0, 2955, 14201, 35.66, 0, 0x0000000000000000
2026/09/26 12:41:03.504, P0, 2955, 14201, 35.66, 0, 0x0000000000000000
2026/09/26 12:41:03.555, P0, 2955, 14201, 35.66, 0, 0x0000000000000000
2026/09/26 12:41:03.620, P0, 2955, 14201, 35.66, 0, 0x0000000000000000
2026/09/26 12:41:03.671, P0, 2535, 14201, 31.47, 0, 0x0000000000000000
2026/09/26 12:41:03.721, P0, 2535, 14201, 31.47, 0, 0x0000000000000000
2026/09/26 12:41:03.771, P0, 2535, 14201, 31.47, 0, 0x0000000000000000
2026/09/26 12:41:03.822, P0, 2535, 14201, 31.47, 0, 0x0000000000000000
2026/09/26 12:41:03.888, P0, 2535, 14201, 31.47, 0, 0x0000000000000000
2026/09/26 12:41:03.953, P0, 2535, 14201, 31.47, 0, 0x0000000000000000
2026/09/26 12:41:04.004, P0, 2535, 14201, 31.47, 0, 0x0000000000000000
2026/09/26 12:41:04.055, P0, 2535, 14201, 31.47, 0, 0x0000000000000000
2026/09/26 12:41:04.121, P0, 2535, 14201, 31.47, 0, 0x0000000000000000
2026/09/26 12:41:04.171, P3, 2535, 7001, 25.03, 0, 0x0000000000000000
2026/09/26 12:41:04.221, P3, 2535, 7001, 25.03, 0, 0x0000000000000000
2026/09/26 12:41:04.287, P3, 2535, 7001, 25.03, 0, 0x0000000000000000
2026/09/26 12:41:04.338, P3, 2535, 7001, 25.03, 0, 0x0000000000000000
2026/09/26 12:41:04.389, P3, 2535, 7001, 25.03, 0, 0x0000000000000000
2026/09/26 12:41:04.454, P3, 2535, 7001, 25.03, 0, 0x0000000000000000
2026/09/26 12:41:04.505, P3, 2535, 7001, 25.03, 0, 0x0000000000000000
2026/09/26 12:41:04.555, P3, 2535, 7001, 25.03, 0, 0x0000000000000000
2026/09/26 12:41:04.605, P3, 2535, 7001, 25.03, 0, 0x0000000000000000
2026/09/26 12:41:04.656, P3, 2535, 7001, 25.03, 0, 0x0000000000000000
2026/09/26 12:41:04.722, P3, 847, 7001, 19.83, 0, 0x0000000000000000
2026/09/26 12:41:04.772, P3, 847, 7001, 19.83, 0, 0x0000000000000000
2026/09/26 12:41:04.823, P3, 847, 7001, 19.83, 0, 0x0000000000000000
2026/09/26 12:41:04.889, P3, 847, 7001, 19.83, 0, 0x0000000000000000
2026/09/26 12:41:04.939, P3, 847, 7001, 19.83, 0, 0x0000000000000000
2026/09/26 12:41:04.990, P3, 847, 7001, 19.83, 0, 0x0000000000000000
2026/09/26 12:41:05.041, P3, 847, 7001, 19.83, 0, 0x0000000000000000
2026/09/26 12:41:05.105, P3, 847, 7001, 19.83, 0, 0x0000000000000000
2026/09/26 12:41:05.156, P3, 847, 7001, 19.83, 0, 0x0000000000000000
2026/09/26 12:41:05.206, P0, 1845, 14201, 22.04, 10, 0x0000000000000000
2026/09/26 12:41:05.270, P0, 1845, 14201, 22.04, 10, 0x0000000000000000
2026/09/26 12:41:05.333, P0, 1845, 14201, 22.04, 10, 0x0000000000000000
2026/09/26 12:41:05.390, P0, 1845, 14201, 22.04, 10, 0x0000000000000000
2026/09/26 12:41:05.453, P0, 1845, 14201, 22.04, 10, 0x0000000000000000
2026/09/26 12:41:05.506, P0, 1845, 14201, 22.04, 10, 0x0000000000000000
2026/09/26 12:41:05.571, P0, 1845, 14201, 22.04, 10, 0x0000000000000000
2026/09/26 12:41:05.622, P0, 1845, 14201, 22.04, 10, 0x0000000000000000
2026/09/26 12:41:05.673, P0, 2505, 14201, 25.95, 0, 0x0000000000000000
2026/09/26 12:41:05.724, P0, 2505, 14201, 25.95, 0, 0x0000000000000000
2026/09/26 12:41:05.788, P0, 2505, 14201, 25.95, 0, 0x0000000000000000
2026/09/26 12:41:05.851, P0, 2505, 14201, 25.95, 0, 0x0000000000000000
2026/09/26 12:41:05.914, P0, 2505, 14201, 25.95, 0, 0x0000000000000000
2026/09/26 12:41:05.977, P0, 2505, 14201, 25.95, 0, 0x0000000000000000
2026/09/26 12:41:06.040, P0, 2505, 14201, 25.95, 0, 0x0000000000000000
2026/09/26 12:41:06.090, P0, 2505, 14201, 25.95, 0, 0x0000000000000000
2026/09/26 12:41:06.141, P0, 2505, 14201, 25.95, 0, 0x0000000000000000
2026/09/26 12:41:06.207, P0, 2505, 14201, 26.54, 0, 0x0000000000000000
2026/09/26 12:41:06.258, P0, 2505, 14201, 26.54, 0, 0x0000000000000000
2026/09/26 12:41:06.323, P0, 2505, 14201, 26.54, 0, 0x0000000000000000
2026/09/26 12:41:06.373, P0, 2505, 14201, 26.54, 0, 0x0000000000000000
2026/09/26 12:41:06.424, P0, 2505, 14201, 26.54, 0, 0x0000000000000000
2026/09/26 12:41:06.485, P0, 2505, 14201, 26.54, 0, 0x0000000000000000
2026/09/26 12:41:06.541, P0, 2505, 14201, 26.54, 0, 0x0000000000000000
2026/09/26 12:41:06.605, P0, 2505, 14201, 26.54, 0, 0x0000000000000000
2026/09/26 12:41:06.657, P0, 2505, 14201, 26.54, 0, 0x0000000000000000
2026/09/26 12:41:06.708, P0, 2535, 14201, 26.00, 0, 0x0000000000000000
2026/09/26 12:41:06.760, P0, 2535, 14201, 26.00, 0, 0x0000000000000000
2026/09/26 12:41:06.818, P0, 2535, 14201, 26.00, 0, 0x0000000000000000
2026/09/26 12:41:06.874, P0, 2535, 14201, 26.00, 0, 0x0000000000000000
2026/09/26 12:41:06.925, P0, 2535, 14201, 26.00, 0, 0x0000000000000000
2026/09/26 12:41:06.983, P0, 2535, 14201, 26.00, 0, 0x0000000000000000
2026/09/26 12:41:07.040, P0, 2535, 14201, 26.00, 0, 0x0000000000000000
2026/09/26 12:41:07.091, P0, 2535, 14201, 26.00, 0, 0x0000000000000000
2026/09/26 12:41:07.141, P0, 2535, 14201, 26.00, 0, 0x0000000000000000
2026/09/26 12:41:07.192, P0, 2535, 14201, 26.18, 0, 0x0000000000000000
2026/09/26 12:41:07.258, P0, 2535, 14201, 26.18, 0, 0x0000000000000000
2026/09/26 12:41:07.308, P0, 2535, 14201, 26.18, 0, 0x0000000000000000
2026/09/26 12:41:07.359, P0, 2535, 14201, 26.18, 0, 0x0000000000000000
2026/09/26 12:41:07.424, P0, 2535, 14201, 26.18, 0, 0x0000000000000000
2026/09/26 12:41:07.475, P0, 2535, 14201, 26.18, 0, 0x0000000000000000
2026/09/26 12:41:07.525, P0, 2535, 14201, 26.18, 0, 0x0000000000000000
2026/09/26 12:41:07.591, P0, 2535, 14201, 26.18, 0, 0x0000000000000000
2026/09/26 12:41:07.642, P0, 2535, 14201, 26.18, 0, 0x0000000000000000
2026/09/26 12:41:07.692, P0, 2535, 14201, 26.36, 0, 0x0000000000000000
2026/09/26 12:41:07.758, P0, 2535, 14201, 26.36, 0, 0x0000000000000000
2026/09/26 12:41:07.808, P0, 2535, 14201, 26.36, 0, 0x0000000000000000
2026/09/26 12:41:07.859, P0, 2535, 14201, 26.36, 0, 0x0000000000000000
2026/09/26 12:41:07.925, P0, 2535, 14201, 26.36, 0, 0x0000000000000000
2026/09/26 12:41:07.975, P0, 2535, 14201, 26.36, 0, 0x0000000000000000
2026/09/26 12:41:08.025, P0, 2535, 14201, 26.36, 0, 0x0000000000000000
2026/09/26 12:41:08.076, P0, 2535, 14201, 26.36, 0, 0x0000000000000000
2026/09/26 12:41:08.128, P0, 2535, 14201, 26.36, 0, 0x0000000000000000
2026/09/26 12:41:08.192, P3, 2535, 7001, 25.05, 0, 0x0000000000000000
2026/09/26 12:41:08.258, P3, 2535, 7001, 25.05, 0, 0x0000000000000000
2026/09/26 12:41:08.322, P3, 2535, 7001, 25.05, 0, 0x0000000000000000
2026/09/26 12:41:08.386, P3, 2535, 7001, 25.05, 0, 0x0000000000000000
2026/09/26 12:41:08.450, P3, 2535, 7001, 25.05, 0, 0x0000000000000000
2026/09/26 12:41:08.514, P3, 2535, 7001, 25.05, 0, 0x0000000000000000
2026/09/26 12:41:08.578, P3, 2535, 7001, 25.05, 0, 0x0000000000000000
2026/09/26 12:41:08.643, P3, 2535, 7001, 25.05, 0, 0x0000000000000000
2026/09/26 12:41:08.708, P0, 2662, 14201, 28.39, 9, 0x0000000000000000
2026/09/26 12:41:08.759, P0, 2662, 14201, 28.39, 9, 0x0000000000000000
2026/09/26 12:41:08.823, P0, 2662, 14201, 28.39, 9, 0x0000000000000000
2026/09/26 12:41:08.886, P0, 2662, 14201, 28.39, 9, 0x0000000000000000
2026/09/26 12:41:08.950, P0, 2662, 14201, 28.39, 9, 0x0000000000000000
2026/09/26 12:41:09.013, P0, 2662, 14201, 28.39, 9, 0x0000000000000000
2026/09/26 12:41:09.075, P0, 2662, 14201, 28.39, 9, 0x0000000000000000
2026/09/26 12:41:09.126, P0, 2662, 14201, 28.39, 9, 0x0000000000000000
2026/09/26 12:41:09.177, P1, 2827, 14001, 40.77, 53, 0x0000000000000000
2026/09/26 12:41:09.228, P1, 2827, 14001, 40.77, 53, 0x0000000000000000
2026/09/26 12:41:09.293, P1, 2827, 14001, 40.77, 53, 0x0000000000000000
2026/09/26 12:41:09.343, P1, 2827, 14001, 40.77, 53, 0x0000000000000000
2026/09/26 12:41:09.394, P1, 2827, 14001, 40.77, 53, 0x0000000000000000
2026/09/26 12:41:09.453, P1, 2827, 14001, 40.77, 53, 0x0000000000000000
2026/09/26 12:41:09.510, P1, 2827, 14001, 40.77, 53, 0x0000000000000000
2026/09/26 12:41:09.577, P1, 2827, 14001, 40.77, 53, 0x0000000000000000
2026/09/26 12:41:09.628, P1, 2827, 14001, 40.77, 53, 0x0000000000000000
2026/09/26 12:41:09.694, P0, 2955, 14201, 49.72, 0, 0x0000000000000000
2026/09/26 12:41:09.744, P0, 2955, 14201, 49.72, 0, 0x0000000000000000
2026/09/26 12:41:09.794, P0, 2955, 14201, 49.72, 0, 0x0000000000000000
2026/09/26 12:41:09.860, P0, 2955, 14201, 49.72, 0, 0x0000000000000000
2026/09/26 12:41:09.911, P0, 2955, 14201, 49.72, 0, 0x0000000000000000
2026/09/26 12:41:09.962, P0, 2955, 14201, 49.72, 0, 0x0000000000000000
2026/09/26 12:41:10.014, P0, 2955, 14201, 49.72, 0, 0x0000000000000000
2026/09/26 12:41:10.076, P0, 2955, 14201, 49.72, 0, 0x0000000000000000
2026/09/26 12:41:10.127, P0, 2955, 14201, 49.72, 0, 0x0000000000000000
2026/09/26 12:41:10.177, P0, 2955, 14201, 43.05, 0, 0x0000000000000000
2026/09/26 12:41:10.228, P0, 2955, 14201, 43.05, 0, 0x0000000000000000
2026/09/26 12:41:10.278, P0, 2955, 14201, 43.05, 0, 0x0000000000000000
2026/09/26 12:41:10.344, P0, 2955, 14201, 43.05, 0, 0x0000000000000000
2026/09/26 12:41:10.394, P0, 2955, 14201, 43.05, 0, 0x0000000000000000
2026/09/26 12:41:10.445, P0, 2955, 14201, 43.05, 0, 0x0000000000000000
2026/09/26 12:41:10.511, P0, 2955, 14201, 43.05, 0, 0x0000000000000000
2026/09/26 12:41:10.562, P0, 2955, 14201, 43.05, 0, 0x0000000000000000
2026/09/26 12:41:10.628, P0, 2955, 14201, 43.05, 0, 0x0000000000000000
2026/09/26 12:41:10.678, P0, 2955, 14201, 35.95, 0, 0x0000000000000000
2026/09/26 12:41:10.728, P0, 2955, 14201, 35.95, 0, 0x0000000000000000
2026/09/26 12:41:10.779, P0, 2955, 14201, 35.95, 0, 0x0000000000000000
2026/09/26 12:41:10.829, P0, 2955, 14201, 35.95, 0, 0x0000000000000000
2026/09/26 12:41:10.895, P0, 2955, 14201, 35.95, 0, 0x0000000000000000
2026/09/26 12:41:10.945, P0, 2955, 14201, 35.95, 0, 0x0000000000000000
2026/09/26 12:41:10.996, P0, 2955, 14201, 35.95, 0, 0x0000000000000000
2026/09/26 12:41:11.062, P0, 2955, 14201, 35.95, 0, 0x0000000000000000
2026/09/26 12:41:11.112, P0, 2955, 14201, 35.95, 0, 0x0000000000000000
2026/09/26 12:41:11.178, P3, 2955, 14201, 35.76, 0, 0x0000000000000000
2026/09/26 12:41:11.229, P3, 2955, 14201, 35.76, 0, 0x0000000000000000
2026/09/26 12:41:11.279, P3, 2955, 14201, 35.76, 0, 0x0000000000000000
2026/09/26 12:41:11.342, P3, 2955, 14201, 35.76, 0, 0x0000000000000000
2026/09/26 12:41:11.395, P3, 2955, 14201, 35.76, 0, 0x0000000000000000
2026/09/26 12:41:11.461, P3, 2955, 14201, 35.76, 0, 0x0000000000000000
2026/09/26 12:41:11.524, P3, 2955, 14201, 35.76, 0, 0x0000000000000000
2026/09/26 12:41:11.578, P3, 2955, 14201, 35.76, 0, 0x0000000000000000
2026/09/26 12:41:11.628, P3, 2955, 14201, 35.76, 0, 0x0000000000000000
2026/09/26 12:41:11.679, P3, 652, 7001, 25.48, 0, 0x0000000000000000
2026/09/26 12:41:11.743, P3, 652, 7001, 25.48, 0, 0x0000000000000000
2026/09/26 12:41:11.795, P3, 652, 7001, 25.48, 0, 0x0000000000000000
2026/09/26 12:41:11.859, P3, 652, 7001, 25.48, 0, 0x0000000000000000
2026/09/26 12:41:11.913, P3, 652, 7001, 25.48, 0, 0x0000000000000000
2026/09/26 12:41:11.978, P3, 652, 7001, 25.48, 0, 0x0000000000000000
2026/09/26 12:41:12.041, P3, 652, 7001, 25.48, 0, 0x0000000000000000
2026/09/26 12:41:12.096, P3, 652, 7001, 25.48, 0, 0x0000000000000000
2026/09/26 12:41:12.147, P3, 652, 7001, 25.48, 0, 0x0000000000000000
2026/09/26 12:41:12.213, P3, 532, 7001, 17.06, 0, 0x0000000000000000
2026/09/26 12:41:12.263, P3, 532, 7001, 17.06, 0, 0x0000000000000000
2026/09/26 12:41:12.330, P3, 532, 7001, 17.06, 0, 0x0000000000000000
2026/09/26 12:41:12.380, P3, 532, 7001, 17.06, 0, 0x0000000000000000
2026/09/26 12:41:12.431, P3, 532, 7001, 17.06, 0, 0x0000000000000000
2026/09/26 12:41:12.496, P3, 532, 7001, 17.06, 0, 0x0000000000000000
2026/09/26 12:41:12.546, P3, 532, 7001, 17.06, 0, 0x0000000000000000
2026/09/26 12:41:12.597, P3, 532, 7001, 17.06, 0, 0x0000000000000000
2026/09/26 12:41:12.648, P3, 532, 7001, 17.06, 0, 0x0000000000000000
2026/09/26 12:41:12.701, P1, 570, 14001, 18.59, 12, 0x0000000000000000
2026/09/26 12:41:12.763, P1, 570, 14001, 18.59, 12, 0x0000000000000000
2026/09/26 12:41:12.814, P1, 570, 14001, 18.59, 12, 0x0000000000000000
2026/09/26 12:41:12.880, P1, 570, 14001, 18.59, 12, 0x0000000000000000
2026/09/26 12:41:12.931, P1, 570, 14001, 18.59, 12, 0x0000000000000000
2026/09/26 12:41:12.996, P1, 570, 14001, 18.59, 12, 0x0000000000000000
2026/09/26 12:41:13.047, P1, 570, 14001, 18.59, 12, 0x0000000000000000
2026/09/26 12:41:13.097, P1, 570, 14001, 18.59, 12, 0x0000000000000000
2026/09/26 12:41:13.147, P1, 570, 14001, 18.59, 12, 0x0000000000000000
2026/09/26 12:41:13.198, P1, 2632, 14001, 34.77, 55, 0x0000000000000000
2026/09/26 12:41:13.264, P1, 2632, 14001, 34.77, 55, 0x0000000000000000
2026/09/26 12:41:13.314, P1, 2632, 14001, 34.77, 55, 0x0000000000000000
2026/09/26 12:41:13.365, P1, 2632, 14001, 34.77, 55, 0x0000000000000000
2026/09/26 12:41:13.431, P1, 2632, 14001, 34.77, 55, 0x0000000000000000
2026/09/26 12:41:13.481, P1, 2632, 14001, 34.77, 55, 0x0000000000000000
2026/09/26 12:41:13.532, P1, 2632, 14001, 34.77, 55, 0x0000000000000000
2026/09/26 12:41:13.597, P1, 2632, 14001, 34.77, 55, 0x0000000000000000
2026/09/26 12:41:13.648, P1, 2632, 14001, 34.77, 55, 0x0000000000000000
2026/09/26 12:41:13.714, P0, 2955, 14001, 52.83, 9, 0x0000000000000000
2026/09/26 12:41:13.765, P0, 2955, 14001, 52.83, 9, 0x0000000000000000
2026/09/26 12:41:13.831, P0, 2955, 14001, 52.83, 9, 0x0000000000000000
2026/09/26 12:41:13.881, P0, 2955, 14001, 52.83, 9, 0x0000000000000000
2026/09/26 12:41:13.931, P0, 2955, 14001, 52.83, 9, 0x0000000000000000
2026/09/26 12:41:13.981, P0, 2955, 14001, 52.83, 9, 0x0000000000000000
2026/09/26 12:41:14.032, P0, 2955, 14001, 52.83, 9, 0x0000000000000000
2026/09/26 12:41:14.098, P0, 2955, 14001, 52.83, 9, 0x0000000000000000
2026/09/26 12:41:14.149, P0, 2955, 14001, 52.83, 9, 0x0000000000000000
2026/09/26 12:41:14.214, P0, 2955, 14201, 52.32, 0, 0x0000000000000000
2026/09/26 12:41:14.279, P0, 2955, 14201, 52.32, 0, 0x0000000000000000
2026/09/26 12:41:14.343, P0, 2955, 14201, 52.32, 0, 0x0000000000000000
2026/09/26 12:41:14.407, P0, 2955, 14201, 52.32, 0, 0x0000000000000000
2026/09/26 12:41:14.471, P0, 2955, 14201, 52.32, 0, 0x0000000000000000
2026/09/26 12:41:14.535, P0, 2955, 14201, 52.32, 0, 0x0000000000000000
2026/09/26 12:41:14.598, P0, 2955, 14201, 52.32, 0, 0x0000000000000000
2026/09/26 12:41:14.649, P0, 2955, 14201, 52.32, 0, 0x0000000000000000
2026/09/26 12:41:14.715, P0, 2962, 14201, 39.75, 0, 0x0000000000000000
2026/09/26 12:41:14.779, P0, 2962, 14201, 39.75, 0, 0x0000000000000000
2026/09/26 12:41:14.831, P0, 2962, 14201, 39.75, 0, 0x0000000000000000
2026/09/26 12:41:14.881, P0, 2962, 14201, 39.75, 0, 0x0000000000000000
2026/09/26 12:41:14.944, P0, 2962, 14201, 39.75, 0, 0x0000000000000000
2026/09/26 12:41:15.006, P0, 2962, 14201, 39.75, 0, 0x0000000000000000
2026/09/26 12:41:15.070, P0, 2962, 14201, 39.75, 0, 0x0000000000000000
2026/09/26 12:41:15.132, P0, 2962, 14201, 39.75, 0, 0x0000000000000000
2026/09/26 12:41:15.182, P0, 2955, 14201, 36.04, 0, 0x0000000000000000
2026/09/26 12:41:15.234, P0, 2955, 14201, 36.04, 0, 0x0000000000000000
2026/09/26 12:41:15.299, P0, 2955, 14201, 36.04, 0, 0x0000000000000000
2026/09/26 12:41:15.350, P0, 2955, 14201, 36.04, 0, 0x0000000000000000
2026/09/26 12:41:15.416, P0, 2955, 14201, 36.04, 0, 0x0000000000000000
2026/09/26 12:41:15.481, P0, 2955, 14201, 36.04, 0, 0x0000000000000000
2026/09/26 12:41:15.533, P0, 2955, 14201, 36.04, 0, 0x0000000000000000
2026/09/26 12:41:15.585, P0, 2955, 14201, 36.04, 0, 0x0000000000000000
2026/09/26 12:41:15.644, P0, 2955, 14201, 36.04, 0, 0x0000000000000000
2026/09/26 12:41:15.700, P0, 2782, 14201, 33.50, 0, 0x0000000000000000
2026/09/26 12:41:15.750, P0, 2782, 14201, 33.50, 0, 0x0000000000000000
2026/09/26 12:41:15.815, P0, 2782, 14201, 33.50, 0, 0x0000000000000000
2026/09/26 12:41:15.866, P0, 2782, 14201, 33.50, 0, 0x0000000000000000
2026/09/26 12:41:15.917, P0, 2782, 14201, 33.50, 0, 0x0000000000000000
2026/09/26 12:41:15.968, P0, 2782, 14201, 33.50, 0, 0x0000000000000000
2026/09/26 12:41:16.034, P0, 2782, 14201, 33.50, 0, 0x0000000000000000
2026/09/26 12:41:16.084, P0, 2782, 14201, 33.50, 0, 0x0000000000000000
2026/09/26 12:41:16.151, P0, 2782, 14201, 33.50, 0, 0x0000000000000000
2026/09/26 12:41:16.201, P3, 2535, 7001, 27.20, 0, 0x0000000000000000
2026/09/26 12:41:16.267, P3, 2535, 7001, 27.20, 0, 0x0000000000000000
2026/09/26 12:41:16.318, P3, 2535, 7001, 27.20, 0, 0x0000000000000000
2026/09/26 12:41:16.384, P3, 2535, 7001, 27.20, 0, 0x0000000000000000
2026/09/26 12:41:16.434, P3, 2535, 7001, 27.20, 0, 0x0000000000000000
2026/09/26 12:41:16.484, P3, 2535, 7001, 27.20, 0, 0x0000000000000000
2026/09/26 12:41:16.535, P3, 2535, 7001, 27.20, 0, 0x0000000000000000
2026/09/26 12:41:16.600, P3, 2535, 7001, 27.20, 0, 0x0000000000000000
2026/09/26 12:41:16.651, P3, 2535, 7001, 27.20, 0, 0x0000000000000000
2026/09/26 12:41:16.717, P3, 832, 7001, 19.92, 0, 0x0000000000000000
2026/09/26 12:41:16.767, P3, 832, 7001, 19.92, 0, 0x0000000000000000
2026/09/26 12:41:16.818, P3, 832, 7001, 19.92, 0, 0x0000000000000000
2026/09/26 12:41:16.884, P3, 832, 7001, 19.92, 0, 0x0000000000000000
2026/09/26 12:41:16.934, P3, 832, 7001, 19.92, 0, 0x0000000000000000
2026/09/26 12:41:16.985, P3, 832, 7001, 19.92, 0, 0x0000000000000000
2026/09/26 12:41:17.051, P3, 832, 7001, 19.92, 0, 0x0000000000000000
2026/09/26 12:41:17.102, P3, 832, 7001, 19.92, 0, 0x0000000000000000
2026/09/26 12:41:17.168, P1, 712, 14201, 16.38, 4, 0x0000000000000000
2026/09/26 12:41:17.219, P1, 712, 14201, 16.38, 4, 0x0000000000000000
2026/09/26 12:41:17.283, P1, 712, 14201, 16.38, 4, 0x0000000000000000
2026/09/26 12:41:17.346, P1, 712, 14201, 16.38, 4, 0x0000000000000000
2026/09/26 12:41:17.409, P1, 712, 14201, 16.38, 4, 0x0000000000000000
2026/09/26 12:41:17.472, P1, 712, 14201, 16.38, 4, 0x0000000000000000
2026/09/26 12:41:17.534, P1, 712, 14201, 16.38, 4, 0x0000000000000000
2026/09/26 12:41:17.585, P1, 712, 14201, 16.38, 4, 0x0000000000000000
2026/09/26 12:41:17.636, P1, 712, 14201, 16.38, 4, 0x0000000000000000
2026/09/26 12:41:17.686, P1, 2662, 14001, 30.57, 54, 0x0000000000000000
2026/09/26 12:41:17.736, P1, 2662, 14001, 30.57, 54, 0x0000000000000000
2026/09/26 12:41:17.800, P1, 2662, 14001, 30.57, 54, 0x0000000000000000
2026/09/26 12:41:17.864, P1, 2662, 14001, 30.57, 54, 0x0000000000000000
2026/09/26 12:41:17.927, P1, 2662, 14001, 30.57, 54, 0x0000000000000000
2026/09/26 12:41:17.990, P1, 2662, 14001, 30.57, 54, 0x0000000000000000
2026/09/26 12:41:18.054, P1, 2662, 14001, 30.57, 54, 0x0000000000000000
2026/09/26 12:41:18.118, P1, 2662, 14001, 30.57, 54, 0x0000000000000000
2026/09/26 12:41:18.170, P1, 2955, 14001, 49.50, 26, 0x0000000000000000
2026/09/26 12:41:18.235, P1, 2955, 14001, 49.50, 26, 0x0000000000000000
2026/09/26 12:41:18.286, P1, 2955, 14001, 49.50, 26, 0x0000000000000000
2026/09/26 12:41:18.337, P1, 2955, 14001, 49.50, 26, 0x0000000000000000
2026/09/26 12:41:18.403, P1, 2955, 14001, 49.50, 26, 0x0000000000000000
2026/09/26 12:41:18.453, P1, 2955, 14001, 49.50, 26, 0x0000000000000000
2026/09/26 12:41:18.519, P1, 2955, 14001, 49.50, 26, 0x0000000000000000
2026/09/26 12:41:18.569, P1, 2955, 14001, 49.50, 26, 0x0000000000000000
2026/09/26 12:41:18.636, P1, 2955, 14001, 49.50, 26, 0x0000000000000000
2026/09/26 12:41:18.687, P1, 2955, 14001, 53.48, 27, 0x0000000000000000
2026/09/26 12:41:18.739, P1, 2955, 14001, 53.48, 27, 0x0000000000000000
2026/09/26 12:41:18.790, P1, 2955, 14001, 53.48, 27, 0x0000000000000000
2026/09/26 12:41:18.853, P1, 2955, 14001, 53.48, 27, 0x0000000000000000
2026/09/26 12:41:18.903, P1, 2955, 14001, 53.48, 27, 0x0000000000000000
2026/09/26 12:41:18.954, P1, 2955, 14001, 53.48, 27, 0x0000000000000000
2026/09/26 12:41:19.020, P1, 2955, 14001, 53.48, 27, 0x0000000000000000
2026/09/26 12:41:19.071, P1, 2955, 14001, 53.48, 27, 0x0000000000000000
2026/09/26 12:41:19.135, P1, 2955, 14001, 53.48, 27, 0x0000000000000000
2026/09/26 12:41:19.187, P0, 2955, 14001, 54.46, 54, 0x0000000000000000
2026/09/26 12:41:19.237, P0, 2955, 14001, 54.46, 54, 0x0000000000000000
2026/09/26 12:41:19.303, P0, 2955, 14001, 54.46, 54, 0x0000000000000000
2026/09/26 12:41:19.354, P0, 2955, 14001, 54.46, 54, 0x0000000000000000
2026/09/26 12:41:19.404, P0, 2955, 14001, 54.46, 54, 0x0000000000000000
2026/09/26 12:41:19.470, P0, 2955, 14001, 54.46, 54, 0x0000000000000000
2026/09/26 12:41:19.520, P0, 2955, 14001, 54.46, 54, 0x0000000000000000
2026/09/26 12:41:19.571, P0, 2955, 14001, 54.46, 54, 0x0000000000000000
2026/09/26 12:41:19.637, P0, 2955, 14001, 54.46, 54, 0x0000000000000000
2026/09/26 12:41:19.687, P0, 2955, 14201, 50.20, 0, 0x0000000000000000
2026/09/26 12:41:19.738, P0, 2955, 14201, 50.20, 0, 0x0000000000000000
2026/09/26 12:41:19.804, P0, 2955, 14201, 50.20, 0, 0x0000000000000000
2026/09/26 12:41:19.855, P0, 2955, 14201, 50.20, 0, 0x0000000000000000
2026/09/26 12:41:19.921, P0, 2955, 14201, 50.20, 0, 0x0000000000000000
2026/09/26 12:41:19.972, P0, 2955, 14201, 50.20, 0, 0x0000000000000000
2026/09/26 12:41:20.037, P0, 2955, 14201, 50.20, 0, 0x0000000000000000
2026/09/26 12:41:20.087, P0, 2955, 14201, 50.20, 0, 0x0000000000000000
2026/09/26 12:41:20.138, P0, 2955, 14201, 50.20, 0, 0x0000000000000000
2026/09/26 12:41:20.188, P0, 2955, 14201, 37.31, 0, 0x0000000000000000
2026/09/26 12:41:20.252, P0, 2955, 14201, 37.31, 0, 0x0000000000000000
2026/09/26 12:41:20.316, P0, 2955, 14201, 37.31, 0, 0x0000000000000000
2026/09/26 12:41:20.379, P0, 2955, 14201, 37.31, 0, 0x0000000000000000
2026/09/26 12:41:20.437, P0, 2955, 14201, 37.31, 0, 0x0000000000000000
2026/09/26 12:41:20.501, P0, 2955, 14201, 37.31, 0, 0x0000000000000000
2026/09/26 12:41:20.564, P0, 2955, 14201, 37.31, 0, 0x0000000000000000
2026/09/26 12:41:20.621, P0, 2955, 14201, 37.31, 0, 0x0000000000000000
2026/09/26 12:41:20.686, P0, 2955, 14201, 36.05, 0, 0x0000000000000000
2026/09/26 12:41:20.750, P0, 2955, 14201, 36.05, 0, 0x0000000000000000
2026/09/26 12:41:20.815, P0, 2955, 14201, 36.05, 0, 0x0000000000000000
2026/09/26 12:41:20.878, P0, 2955, 14201, 36.05, 0, 0x0000000000000000
2026/09/26 12:41:20.938, P0, 2955, 14201, 36.05, 0, 0x0000000000000000
2026/09/26 12:41:21.003, P0, 2955, 14201, 36.05, 0, 0x0000000000000000
2026/09/26 12:41:21.067, P0, 2955, 14201, 36.05, 0, 0x0000000000000000
2026/09/26 12:41:21.122, P0, 2955, 14201, 36.05, 0, 0x0000000000000000
2026/09/26 12:41:21.172, P0, 2947, 14201, 34.09, 0, 0x0000000000000000
2026/09/26 12:41:21.223, P0, 2947, 14201, 34.09, 0, 0x0000000000000000
2026/09/26 12:41:21.289, P0, 2947, 14201, 34.09, 0, 0x0000000000000000
2026/09/26 12:41:21.340, P0, 2947, 14201, 34.09, 0, 0x0000000000000000
2026/09/26 12:41:21.404, P0, 2947, 14201, 34.09, 0, 0x0000000000000000
2026/09/26 12:41:21.456, P0, 2947, 14201, 34.09, 0, 0x0000000000000000
2026/09/26 12:41:21.506, P0, 2947, 14201, 34.09, 0, 0x0000000000000000
2026/09/26 12:41:21.556, P0, 2947, 14201, 34.09, 0, 0x0000000000000000
2026/09/26 12:41:21.622, P0, 2947, 14201, 34.09, 0, 0x0000000000000000
2026/09/26 12:41:21.672, P0, 2535, 14201, 30.18, 0, 0x0000000000000000
2026/09/26 12:41:21.723, P0, 2535, 14201, 30.18, 0, 0x0000000000000000
2026/09/26 12:41:21.774, P0, 2535, 14201, 30.18, 0, 0x0000000000000000
2026/09/26 12:41:21.825, P0, 2535, 14201, 30.18, 0, 0x0000000000000000
2026/09/26 12:41:21.889, P0, 2535, 14201, 30.18, 0, 0x0000000000000000
2026/09/26 12:41:21.939, P0, 2535, 14201, 30.18, 0, 0x0000000000000000
2026/09/26 12:41:21.990, P0, 2535, 14201, 30.18, 0, 0x0000000000000000
2026/09/26 12:41:22.056, P0, 2535, 14201, 30.18, 0, 0x0000000000000000
2026/09/26 12:41:22.106, P0, 2535, 14201, 30.18, 0, 0x0000000000000000
2026/09/26 12:41:22.157, P0, 2535, 14201, 30.18, 0, 0x0000000000000000
2026/09/26 12:41:22.223, P3, 2535, 7001, 25.48, 0, 0x0000000000000000
2026/09/26 12:41:22.274, P3, 2535, 7001, 25.48, 0, 0x0000000000000000
2026/09/26 12:41:22.340, P3, 2535, 7001, 25.48, 0, 0x0000000000000000
2026/09/26 12:41:22.405, P3, 2535, 7001, 25.48, 0, 0x0000000000000000
2026/09/26 12:41:22.457, P3, 2535, 7001, 25.48, 0, 0x0000000000000000
2026/09/26 12:41:22.523, P3, 2535, 7001, 25.48, 0, 0x0000000000000000
2026/09/26 12:41:22.574, P3, 2535, 7001, 25.48, 0, 0x0000000000000000
2026/09/26 12:41:22.640, P3, 2535, 7001, 25.48, 0, 0x0000000000000000
2026/09/26 12:41:22.691, P0, 1365, 14201, 23.93, 0, 0x0000000000000000
2026/09/26 12:41:22.741, P0, 1365, 14201, 23.93, 0, 0x0000000000000000
2026/09/26 12:41:22.807, P0, 1365, 14201, 23.93, 0, 0x0000000000000000
2026/09/26 12:41:22.857, P0, 1365, 14201, 23.93, 0, 0x0000000000000000
2026/09/26 12:41:22.907, P0, 1365, 14201, 23.93, 0, 0x0000000000000000
2026/09/26 12:41:22.958, P0, 1365, 14201, 23.93, 0, 0x0000000000000000
2026/09/26 12:41:23.024, P0, 1365, 14201, 23.93, 0, 0x0000000000000000
2026/09/26 12:41:23.074, P0, 1365, 14201, 23.93, 0, 0x0000000000000000
2026/09/26 12:41:23.125, P0, 1365, 14201, 23.93, 0, 0x0000000000000000
2026/09/26 12:41:23.190, P0, 2535, 14201, 25.07, 0, 0x0000000000000000
2026/09/26 12:41:23.255, P0, 2535, 14201, 25.07, 0, 0x0000000000000000
2026/09/26 12:41:23.318, P0, 2535, 14201, 25.07, 0, 0x0000000000000000
2026/09/26 12:41:23.381, P0, 2535, 14201, 25.07, 0, 0x0000000000000000
2026/09/26 12:41:23.443, P0, 2535, 14201, 25.07, 0, 0x0000000000000000
2026/09/26 12:41:23.506, P0, 2535, 14201, 25.07, 0, 0x0000000000000000
2026/09/26 12:41:23.559, P0, 2535, 14201, 25.07, 0, 0x0000000000000000
2026/09/26 12:41:23.624, P0, 2535, 14201, 25.07, 0, 0x0000000000000000
2026/09/26 12:41:23.690, P0, 2505, 14201, 26.33, 0, 0x0000000000000000
2026/09/26 12:41:23.741, P0, 2505, 14201, 26.33, 0, 0x0000000000000000
2026/09/26 12:41:23.792, P0, 2505, 14201, 26.33, 0, 0x0000000000000000
2026/09/26 12:41:23.854, P0, 2505, 14201, 26.33, 0, 0x0000000000000000
2026/09/26 12:41:23.918, P0, 2505, 14201, 26.33, 0, 0x0000000000000000
2026/09/26 12:41:23.981, P0, 2505, 14201, 26.33, 0, 0x0000000000000000
2026/09/26 12:41:24.044, P0, 2505, 14201, 26.33, 0, 0x0000000000000000
2026/09/26 12:41:24.107, P0, 2505, 14201, 26.33, 0, 0x0000000000000000
2026/09/26 12:41:24.159, P0, 2505, 14201, 26.33, 0, 0x0000000000000000
2026/09/26 12:41:24.209, P0, 2512, 14201, 26.14, 0, 0x0000000000000000
2026/09/26 12:41:24.275, P0, 2512, 14201, 26.14, 0, 0x0000000000000000
2026/09/26 12:41:24.326, P0, 2512, 14201, 26.14, 0, 0x0000000000000000
2026/09/26 12:41:24.392, P0, 2512, 14201, 26.14, 0, 0x0000000000000000
2026/09/26 12:41:24.443, P0, 2512, 14201, 26.14, 0, 0x0000000000000000
2026/09/26 12:41:24.493, P0, 2512, 14201, 26.14, 0, 0x0000000000000000
2026/09/26 12:41:24.544, P0, 2512, 14201, 26.14, 0, 0x0000000000000000
2026/09/26 12:41:24.609, P0, 2512, 14201, 26.14, 0, 0x0000000000000000
2026/09/26 12:41:24.660, P0, 2512, 14201, 26.14, 0, 0x0000000000000000
2026/09/26 12:41:24.725, P0, 2535, 14201, 26.36, 0, 0x0000000000000000
2026/09/26 12:41:24.775, P0, 2535, 14201, 26.36, 0, 0x0000000000000000
2026/09/26 12:41:24.826, P0, 2535, 14201, 26.36, 0, 0x0000000000000000
2026/09/26 12:41:24.881, P0, 2535, 14201, 26.36, 0, 0x0000000000000000
2026/09/26 12:41:24.942, P0, 2535, 14201, 26.36, 0, 0x0000000000000000
2026/09/26 12:41:24.993, P0, 2535, 14201, 26.36, 0, 0x0000000000000000
2026/09/26 12:41:25.059, P0, 2535, 14201, 26.36, 0, 0x0000000000000000
2026/09/26 12:41:25.110, P0, 2535, 14201, 26.36, 0, 0x0000000000000000
2026/09/26 12:41:25.176, P3, 2535, 7001, 25.10, 0, 0x0000000000000000
2026/09/26 12:41:25.227, P3, 2535, 7001, 25.10, 0, 0x0000000000000000
2026/09/26 12:41:25.282, P3, 2535, 7001, 25.10, 0, 0x0000000000000000
2026/09/26 12:41:25.343, P3, 2535, 7001, 25.10, 0, 0x0000000000000000
2026/09/26 12:41:25.394, P3, 2535, 7001, 25.10, 0, 0x0000000000000000
2026/09/26 12:41:25.458, P3, 2535, 7001, 25.10, 0, 0x0000000000000000
2026/09/26 12:41:25.510, P3, 2535, 7001, 25.10, 0, 0x0000000000000000
2026/09/26 12:41:25.576, P3, 2535, 7001, 25.10, 0, 0x0000000000000000
2026/09/26 12:41:25.627, P3, 2535, 7001, 25.10, 0, 0x0000000000000000
2026/09/26 12:41:25.693, P1, 652, 14001, 22.43, 4, 0x0000000000000000
2026/09/26 12:41:25.743, P1, 652, 14001, 22.43, 4, 0x0000000000000000
2026/09/26 12:41:25.794, P1, 652, 14001, 22.43, 4, 0x0000000000000000
2026/09/26 12:41:25.859, P1, 652, 14001, 22.43, 4, 0x0000000000000000
2026/09/26 12:41:25.910, P1, 652, 14001, 22.43, 4, 0x0000000000000000
2026/09/26 12:41:25.960, P1, 652, 14001, 22.43, 4, 0x0000000000000000
2026/09/26 12:41:26.027, P1, 652, 14001, 22.43, 4, 0x0000000000000000
2026/09/26 12:41:26.077, P1, 652, 14001, 22.43, 4, 0x0000000000000000
2026/09/26 12:41:26.128, P1, 652, 14001, 22.43, 4, 0x0000000000000000
2026/09/26 12:41:26.192, P1, 2670, 14001, 33.30, 48, 0x0000000000000000
2026/09/26 12:41:26.245, P1, 2670, 14001, 33.30, 48, 0x0000000000000000
2026/09/26 12:41:26.309, P1, 2670, 14001, 33.30, 48, 0x0000000000000000
2026/09/26 12:41:26.373, P1, 2670, 14001, 33.30, 48, 0x0000000000000000
2026/09/26 12:41:26.437, P1, 2670, 14001, 33.30, 48, 0x0000000000000000
2026/09/26 12:41:26.500, P1, 2670, 14001, 33.30, 48, 0x0000000000000000
2026/09/26 12:41:26.564, P1, 2670, 14001, 33.30, 48, 0x0000000000000000
2026/09/26 12:41:26.628, P1, 2670, 14001, 33.30, 48, 0x0000000000000000
2026/09/26 12:41:26.678, P1, 2955, 14001, 52.59, 28, 0x0000000000000000
2026/09/26 12:41:26.742, P1, 2955, 14001, 52.59, 28, 0x0000000000000000
2026/09/26 12:41:26.794, P1, 2955, 14001, 52.59, 28, 0x0000000000000000
2026/09/26 12:41:26.858, P1, 2955, 14001, 52.59, 28, 0x0000000000000000
2026/09/26 12:41:26.921, P1, 2955, 14001, 52.59, 28, 0x0000000000000000
2026/09/26 12:41:26.984, P1, 2955, 14001, 52.59, 28, 0x0000000000000000
2026/09/26 12:41:27.048, P1, 2955, 14001, 52.59, 28, 0x0000000000000000
2026/09/26 12:41:27.111, P1, 2955, 14001, 52.59, 28, 0x0000000000000000
2026/09/26 12:41:27.178, P0, 2955, 14201, 49.71, 0, 0x0000000000000000
2026/09/26 12:41:27.228, P0, 2955, 14201, 49.71, 0, 0x0000000000000000
2026/09/26 12:41:27.279, P0, 2955, 14201, 49.71, 0, 0x0000000000000000
2026/09/26 12:41:27.334, P0, 2955, 14201, 49.71, 0, 0x0000000000000000
2026/09/26 12:41:27.395, P0, 2955, 14201, 49.71, 0, 0x0000000000000000
2026/09/26 12:41:27.445, P0, 2955, 14201, 49.71, 0, 0x0000000000000000
2026/09/26 12:41:27.496, P0, 2955, 14201, 49.71, 0, 0x0000000000000000
2026/09/26 12:41:27.547, P0, 2955, 14201, 49.71, 0, 0x0000000000000000
2026/09/26 12:41:27.612, P0, 2955, 14201, 49.71, 0, 0x0000000000000000
2026/09/26 12:41:27.663, P0, 2955, 14201, 49.71, 0, 0x0000000000000000
2026/09/26 12:41:27.713, P0, 2955, 14201, 38.32, 0, 0x0000000000000000
2026/09/26 12:41:27.779, P0, 2955, 14201, 38.32, 0, 0x0000000000000000
2026/09/26 12:41:27.829, P0, 2955, 14201, 38.32, 0, 0x0000000000000000
2026/09/26 12:41:27.880, P0, 2955, 14201, 38.32, 0, 0x0000000000000000
2026/09/26 12:41:27.937, P0, 2955, 14201, 38.32, 0, 0x0000000000000000
2026/09/26 12:41:27.994, P0, 2955, 14201, 38.32, 0, 0x0000000000000000
2026/09/26 12:41:28.046, P0, 2955, 14201, 38.32, 0, 0x0000000000000000
2026/09/26 12:41:28.096, P0, 2955, 14201, 38.32, 0, 0x0000000000000000
2026/09/26 12:41:28.147, P0, 2955, 14201, 38.32, 0, 0x0000000000000000
2026/09/26 12:41:28.212, P0, 2955, 14201, 35.99, 0, 0x0000000000000000
2026/09/26 12:41:28.262, P0, 2955, 14201, 35.99, 0, 0x0000000000000000
2026/09/26 12:41:28.313, P0, 2955, 14201, 35.99, 0, 0x0000000000000000
2026/09/26 12:41:28.363, P0, 2955, 14201, 35.99, 0, 0x0000000000000000
2026/09/26 12:41:28.429, P0, 2955, 14201, 35.99, 0, 0x0000000000000000
2026/09/26 12:41:28.480, P0, 2955, 14201, 35.99, 0, 0x0000000000000000
2026/09/26 12:41:28.546, P0, 2955, 14201, 35.99, 0, 0x0000000000000000
2026/09/26 12:41:28.597, P0, 2955, 14201, 35.99, 0, 0x0000000000000000
2026/09/26 12:41:28.662, P0, 2955, 14201, 35.99, 0, 0x0000000000000000
2026/09/26 12:41:28.713, P0, 2535, 14201, 31.81, 0, 0x0000000000000000
2026/09/26 12:41:28.763, P0, 2535, 14201, 31.81, 0, 0x0000000000000000
2026/09/26 12:41:28.814, P0, 2535, 14201, 31.81, 0, 0x0000000000000000
2026/09/26 12:41:28.865, P0, 2535, 14201, 31.81, 0, 0x0000000000000000
2026/09/26 12:41:28.930, P0, 2535, 14201, 31.81, 0, 0x0000000000000000
2026/09/26 12:41:28.980, P0, 2535, 14201, 31.81, 0, 0x0000000000000000
2026/09/26 12:41:29.031, P0, 2535, 14201, 31.81, 0, 0x0000000000000000
2026/09/26 12:41:29.097, P0, 2535, 14201, 31.81, 0, 0x0000000000000000
2026/09/26 12:41:29.148, P0, 2535, 14201, 31.81, 0, 0x0000000000000000
2026/09/26 12:41:29.212, P3, 2535, 7001, 25.34, 0, 0x0000000000000000
2026/09/26 12:41:29.278, P3, 2535, 7001, 25.34, 0, 0x0000000000000000
2026/09/26 12:41:29.341, P3, 2535, 7001, 25.34, 0, 0x0000000000000000
2026/09/26 12:41:29.398, P3, 2535, 7001, 25.34, 0, 0x0000000000000000
2026/09/26 12:41:29.463, P3, 2535, 7001, 25.34, 0, 0x0000000000000000
2026/09/26 12:41:29.526, P3, 2535, 7001, 25.34, 0, 0x0000000000000000
2026/09/26 12:41:29.582, P3, 2535, 7001, 25.34, 0, 0x0000000000000000
2026/09/26 12:41:29.646, P3, 2535, 7001, 25.34, 0, 0x0000000000000000
2026/09/26 12:41:29.711, P3, 705, 7001, 19.44, 0, 0x0000000000000000
2026/09/26 12:41:29.764, P3, 705, 7001, 19.44, 0, 0x0000000000000000
2026/09/26 12:41:29.829, P3, 705, 7001, 19.44, 0, 0x0000000000000000
2026/09/26 12:41:29.892, P3, 705, 7001, 19.44, 0, 0x0000000000000000
2026/09/26 12:41:29.947, P3, 705, 7001, 19.44, 0, 0x0000000000000000
2026/09/26 12:41:30.012, P3, 705, 7001, 19.44, 0, 0x0000000000000000
2026/09/26 12:41:30.075, P3, 705, 7001, 19.44, 0, 0x0000000000000000
2026/09/26 12:41:30.130, P3, 705, 7001, 19.44, 0, 0x0000000000000000
2026/09/26 12:41:30.181, P0, 2325, 14201, 24.18, 3, 0x0000000000000000
2026/09/26 12:41:30.232, P0, 2325, 14201, 24.18, 3, 0x0000000000000000
2026/09/26 12:41:30.288, P0, 2325, 14201, 24.18, 3, 0x0000000000000000
2026/09/26 12:41:30.348, P0, 2325, 14201, 24.18, 3, 0x0000000000000000
2026/09/26 12:41:30.400, P0, 2325, 14201, 24.18, 3, 0x0000000000000000
2026/09/26 12:41:30.464, P0, 2325, 14201, 24.18, 3, 0x0000000000000000
2026/09/26 12:41:30.515, P0, 2325, 14201, 24.18, 3, 0x0000000000000000
2026/09/26 12:41:30.565, P0, 2325, 14201, 24.18, 3, 0x0000000000000000
2026/09/26 12:41:30.615, P0, 2325, 14201, 24.18, 3, 0x0000000000000000
2026/09/26 12:41:30.665, P0, 2325, 14201, 24.18, 3, 0x0000000000000000
2026/09/26 12:41:30.732, P1, 2955, 14001, 41.00, 49, 0x0000000000000000
2026/09/26 12:41:30.797, P1, 2955, 14001, 41.00, 49, 0x0000000000000000
2026/09/26 12:41:30.848, P1, 2955, 14001, 41.00, 49, 0x0000000000000000
2026/09/26 12:41:30.899, P1, 2955, 14001, 41.00, 49, 0x0000000000000000
2026/09/26 12:41:30.950, P1, 2955, 14001, 41.00, 49, 0x0000000000000000
2026/09/26 12:41:31.001, P1, 2955, 14001, 41.00, 49, 0x0000000000000000
2026/09/26 12:41:31.065, P1, 2955, 14001, 41.00, 49, 0x0000000000000000
2026/09/26 12:41:31.115, P1, 2955, 14001, 41.00, 49, 0x0000000000000000
2026/09/26 12:41:31.166, P1, 2955, 14001, 41.00, 49, 0x0000000000000000
2026/09/26 12:41:31.232, P0, 2955, 14201, 51.71, 0, 0x0000000000000000
2026/09/26 12:41:31.283, P0, 2955, 14201, 51.71, 0, 0x0000000000000000
2026/09/26 12:41:31.349, P0, 2955, 14201, 51.71, 0, 0x0000000000000000
2026/09/26 12:41:31.400, P0, 2955, 14201, 51.71, 0, 0x0000000000000000
2026/09/26 12:41:31.466, P0, 2955, 14201, 51.71, 0, 0x0000000000000000
2026/09/26 12:41:31.517, P0, 2955, 14201, 51.71, 0, 0x0000000000000000
2026/09/26 12:41:31.582, P0, 2955, 14201, 51.71, 0, 0x0000000000000000
2026/09/26 12:41:31.633, P0, 2955, 14201, 51.71, 0, 0x0000000000000000
2026/09/26 12:41:31.700, P0, 2955, 14201, 46.74, 0, 0x0000000000000000
2026/09/26 12:41:31.750, P0, 2955, 14201, 46.74, 0, 0x0000000000000000
2026/09/26 12:41:31.816, P0, 2955, 14201, 46.74, 0, 0x0000000000000000
2026/09/26 12:41:31.868, P0, 2955, 14201, 46.74, 0, 0x0000000000000000
2026/09/26 12:41:31.933, P0, 2955, 14201, 46.74, 0, 0x0000000000000000
2026/09/26 12:41:31.983, P0, 2955, 14201, 46.74, 0, 0x0000000000000000
2026/09/26 12:41:32.035, P0, 2955, 14201, 46.74, 0, 0x0000000000000000
2026/09/26 12:41:32.099, P0, 2955, 14201, 46.74, 0, 0x0000000000000000
2026/09/26 12:41:32.150, P0, 2955, 14201, 46.74, 0, 0x0000000000000000
2026/09/26 12:41:32.201, P0, 2955, 14201, 38.15, 9, 0x0000000000000000
2026/09/26 12:41:32.266, P0, 2955, 14201, 38.15, 9, 0x0000000000000000
2026/09/26 12:41:32.329, P0, 2955, 14201, 38.15, 9, 0x0000000000000000
2026/09/26 12:41:32.392, P0, 2955, 14201, 38.15, 9, 0x0000000000000000
2026/09/26 12:41:32.445, P0, 2955, 14201, 38.15, 9, 0x0000000000000000
2026/09/26 12:41:32.509, P0, 2955, 14201, 38.15, 9, 0x0000000000000000
2026/09/26 12:41:32.571, P0, 2955, 14201, 38.15, 9, 0x0000000000000000
2026/09/26 12:41:32.633, P0, 2955, 14201, 38.15, 9, 0x0000000000000000
2026/09/26 12:41:32.684, P1, 2955, 14001, 43.22, 33, 0x0000000000000000
2026/09/26 12:41:32.749, P1, 2955, 14001, 43.22, 33, 0x0000000000000000
2026/09/26 12:41:32.800, P1, 2955, 14001, 43.22, 33, 0x0000000000000000
2026/09/26 12:41:32.863, P1, 2955, 14001, 43.22, 33, 0x0000000000000000
2026/09/26 12:41:32.926, P1, 2955, 14001, 43.22, 33, 0x0000000000000000
2026/09/26 12:41:32.989, P1, 2955, 14001, 43.22, 33, 0x0000000000000000
2026/09/26 12:41:33.052, P1, 2955, 14001, 43.22, 33, 0x0000000000000000
2026/09/26 12:41:33.116, P1, 2955, 14001, 43.22, 33, 0x0000000000000000
2026/09/26 12:41:33.167, P1, 2955, 14001, 43.22, 33, 0x0000000000000000
2026/09/26 12:41:33.218, P1, 2955, 14001, 54.01, 38, 0x0000000000000000
2026/09/26 12:41:33.274, P1, 2955, 14001, 54.01, 38, 0x0000000000000000
2026/09/26 12:41:33.334, P1, 2955, 14001, 54.01, 38, 0x0000000000000000
2026/09/26 12:41:33.384, P1, 2955, 14001, 54.01, 38, 0x0000000000000000
2026/09/26 12:41:33.435, P1, 2955, 14001, 54.01, 38, 0x0000000000000000
2026/09/26 12:41:33.485, P1, 2955, 14001, 54.01, 38, 0x0000000000000000
2026/09/26 12:41:33.535, P1, 2955, 14001, 54.01, 38, 0x0000000000000000
2026/09/26 12:41:33.601, P1, 2955, 14001, 54.01, 38, 0x0000000000000000
2026/09/26 12:41:33.668, P1, 2955, 14001, 54.01, 38, 0x0000000000000000
2026/09/26 12:41:33.735, P0, 2955, 14201, 51.27, 0, 0x0000000000000000
2026/09/26 12:41:33.786, P0, 2955, 14201, 51.27, 0, 0x0000000000000000
2026/09/26 12:41:33.839, P0, 2955, 14201, 51.27, 0, 0x0000000000000000
2026/09/26 12:41:33.901, P0, 2955, 14201, 51.27, 0, 0x0000000000000000
2026/09/26 12:41:33.952, P0, 2955, 14201, 51.27, 0, 0x0000000000000000
2026/09/26 12:41:34.018, P0, 2955, 14201, 51.27, 0, 0x0000000000000000
2026/09/26 12:41:34.069, P0, 2955, 14201, 51.27, 0, 0x0000000000000000
2026/09/26 12:41:34.135, P0, 2955, 14201, 51.27, 0, 0x0000000000000000
2026/09/26 12:41:34.186, P0, 2955, 14201, 40.52, 0, 0x0000000000000000
2026/09/26 12:41:34.252, P0, 2955, 14201, 40.52, 0, 0x0000000000000000
2026/09/26 12:41:34.302, P0, 2955, 14201, 40.52, 0, 0x0000000000000000
2026/09/26 12:41:34.353, P0, 2955, 14201, 40.52, 0, 0x0000000000000000
2026/09/26 12:41:34.419, P0, 2955, 14201, 40.52, 0, 0x0000000000000000
2026/09/26 12:41:34.470, P0, 2955, 14201, 40.52, 0, 0x0000000000000000
2026/09/26 12:41:34.536, P0, 2955, 14201, 40.52, 0, 0x0000000000000000
2026/09/26 12:41:34.586, P0, 2955, 14201, 40.52, 0, 0x0000000000000000
2026/09/26 12:41:34.653, P0, 2955, 14201, 40.52, 0, 0x0000000000000000
2026/09/26 12:41:34.703, P0, 2955, 14201, 36.18, 0, 0x0000000000000000
2026/09/26 12:41:34.753, P0, 2955, 14201, 36.18, 0, 0x0000000000000000
2026/09/26 12:41:34.819, P0, 2955, 14201, 36.18, 0, 0x0000000000000000
2026/09/26 12:41:34.886, P0, 2955, 14201, 36.18, 0, 0x0000000000000000
2026/09/26 12:41:34.937, P0, 2955, 14201, 36.18, 0, 0x0000000000000000
2026/09/26 12:41:35.003, P0, 2955, 14201, 36.18, 0, 0x0000000000000000
2026/09/26 12:41:35.054, P0, 2955, 14201, 36.18, 0, 0x0000000000000000
2026/09/26 12:41:35.119, P0, 2955, 14201, 36.18, 0, 0x0000000000000000
2026/09/26 12:41:35.170, P3, 2955, 7001, 32.96, 0, 0x0000000000000000
2026/09/26 12:41:35.221, P3, 2955, 7001, 32.96, 0, 0x0000000000000000
2026/09/26 12:41:35.286, P3, 2955, 7001, 32.96, 0, 0x0000000000000000
2026/09/26 12:41:35.349, P3, 2955, 7001, 32.96, 0, 0x0000000000000000
2026/09/26 12:41:35.412, P3, 2955, 7001, 32.96, 0, 0x0000000000000000
2026/09/26 12:41:35.468, P3, 2955, 7001, 32.96, 0, 0x0000000000000000
2026/09/26 12:41:35.530, P3, 2955, 7001, 32.96, 0, 0x0000000000000000
2026/09/26 12:41:35.588, P3, 2955, 7001, 32.96, 0, 0x0000000000000000
2026/09/26 12:41:35.653, P3, 2955, 7001, 32.96, 0, 0x0000000000000000
2026/09/26 12:41:35.718, P3, 652, 7001, 23.67, 0, 0x0000000000000000
2026/09/26 12:41:35.770, P3, 652, 7001, 23.67, 0, 0x0000000000000000
2026/09/26 12:41:35.835, P3, 652, 7001, 23.67, 0, 0x0000000000000000
2026/09/26 12:41:35.898, P3, 652, 7001, 23.67, 0, 0x0000000000000000
2026/09/26 12:41:35.962, P3, 652, 7001, 23.67, 0, 0x0000000000000000
2026/09/26 12:41:36.025, P3, 652, 7001, 23.67, 0, 0x0000000000000000
2026/09/26 12:41:36.087, P3, 652, 7001, 23.67, 0, 0x0000000000000000
2026/09/26 12:41:36.138, P3, 652, 7001, 23.67, 0, 0x0000000000000000
2026/09/26 12:41:36.189, P3, 532, 7001, 15.22, 0, 0x0000000000000000
2026/09/26 12:41:36.244, P3, 532, 7001, 15.22, 0, 0x0000000000000000
2026/09/26 12:41:36.304, P3, 532, 7001, 15.22, 0, 0x0000000000000000
2026/09/26 12:41:36.354, P3, 532, 7001, 15.22, 0, 0x0000000000000000
2026/09/26 12:41:36.404, P3, 532, 7001, 15.22, 0, 0x0000000000000000
2026/09/26 12:41:36.455, P3, 532, 7001, 15.22, 0, 0x0000000000000000
2026/09/26 12:41:36.515, P3, 532, 7001, 15.22, 0, 0x0000000000000000
2026/09/26 12:41:36.571, P3, 532, 7001, 15.22, 0, 0x0000000000000000
2026/09/26 12:41:36.622, P3, 532, 7001, 15.22, 0, 0x0000000000000000
2026/09/26 12:41:36.688, P1, 1702, 14001, 21.93, 20, 0x0000000000000000
2026/09/26 12:41:36.738, P1, 1702, 14001, 21.93, 20, 0x0000000000000000
2026/09/26 12:41:36.789, P1, 1702, 14001, 21.93, 20, 0x0000000000000000
2026/09/26 12:41:36.855, P1, 1702, 14001, 21.93, 20, 0x0000000000000000
2026/09/26 12:41:36.905, P1, 1702, 14001, 21.93, 20, 0x0000000000000000
2026/09/26 12:41:36.971, P1, 1702, 14001, 21.93, 20, 0x0000000000000000
2026/09/26 12:41:37.037, P1, 1702, 14001, 21.93, 20, 0x0000000000000000
2026/09/26 12:41:37.088, P1, 1702, 14001, 21.93, 20, 0x0000000000000000
2026/09/26 12:41:37.139, P1, 1702, 14001, 21.93, 20, 0x0000000000000000
2026/09/26 12:41:37.205, P1, 2797, 14001, 40.65, 46, 0x0000000000000000
2026/09/26 12:41:37.255, P1, 2797, 14001, 40.65, 46, 0x0000000000000000
2026/09/26 12:41:37.323, P1, 2797, 14001, 40.65, 46, 0x0000000000000000
2026/09/26 12:41:37.388, P1, 2797, 14001, 40.65, 46, 0x0000000000000000
2026/09/26 12:41:37.438, P1, 2797, 14001, 40.65, 46, 0x0000000000000000
2026/09/26 12:41:37.505, P1, 2797, 14001, 40.65, 46, 0x0000000000000000
2026/09/26 12:41:37.555, P1, 2797, 14001, 40.65, 46, 0x0000000000000000
2026/09/26 12:41:37.606, P1, 2797, 14001, 40.65, 46, 0x0000000000000000
2026/09/26 12:41:37.672, P0, 2955, 14201, 52.27, 0, 0x0000000000000000
2026/09/26 12:41:37.723, P0, 2955, 14201, 52.27, 0, 0x0000000000000000
2026/09/26 12:41:37.789, P0, 2955, 14201, 52.27, 0, 0x0000000000000000
2026/09/26 12:41:37.840, P0, 2955, 14201, 52.27, 0, 0x0000000000000000
2026/09/26 12:41:37.906, P0, 2955, 14201, 52.27, 0, 0x0000000000000000
2026/09/26 12:41:37.956, P0, 2955, 14201, 52.27, 0, 0x0000000000000000
2026/09/26 12:41:38.007, P0, 2955, 14201, 52.27, 0, 0x0000000000000000
2026/09/26 12:41:38.072, P0, 2955, 14201, 52.27, 0, 0x0000000000000000
2026/09/26 12:41:38.122, P0, 2955, 14201, 52.27, 0, 0x0000000000000000
2026/09/26 12:41:38.173, P0, 2955, 14201, 45.54, 0, 0x0000000000000000
2026/09/26 12:41:38.238, P0, 2955, 14201, 45.54, 0, 0x0000000000000000
2026/09/26 12:41:38.301, P0, 2955, 14201, 45.54, 0, 0x0000000000000000
2026/09/26 12:41:38.365, P0, 2955, 14201, 45.54, 0, 0x0000000000000000
2026/09/26 12:41:38.423, P0, 2955, 14201, 45.54, 0, 0x0000000000000000
2026/09/26 12:41:38.488, P0, 2955, 14201, 45.54, 0, 0x0000000000000000
2026/09/26 12:41:38.541, P0, 2955, 14201, 45.54, 0, 0x0000000000000000
2026/09/26 12:41:38.606, P0, 2955, 14201, 45.54, 0, 0x0000000000000000
2026/09/26 12:41:38.657, P0, 2955, 14201, 45.54, 0, 0x0000000000000000
2026/09/26 12:41:38.720, P0, 2955, 14201, 36.26, 0, 0x0000000000000000
2026/09/26 12:41:38.773, P0, 2955, 14201, 36.26, 0, 0x0000000000000000
2026/09/26 12:41:38.837, P0, 2955, 14201, 36.26, 0, 0x0000000000000000
2026/09/26 12:41:38.899, P0, 2955, 14201, 36.26, 0, 0x0000000000000000
2026/09/26 12:41:38.956, P0, 2955, 14201, 36.26, 0, 0x0000000000000000
2026/09/26 12:41:39.022, P0, 2955, 14201, 36.26, 0, 0x0000000000000000
2026/09/26 12:41:39.074, P0, 2955, 14201, 36.26, 0, 0x0000000000000000
2026/09/26 12:41:39.141, P0, 2955, 14201, 36.26, 0, 0x0000000000000000
2026/09/26 12:41:39.191, P3, 2955, 7001, 36.12, 0, 0x0000000000000000
2026/09/26 12:41:39.257, P3, 2955, 7001, 36.12, 0, 0x0000000000000000
2026/09/26 12:41:39.324, P3, 2955, 7001, 36.12, 0, 0x0000000000000000
2026/09/26 12:41:39.375, P3, 2955, 7001, 36.12, 0, 0x0000000000000000
2026/09/26 12:41:39.440, P3, 2955, 7001, 36.12, 0, 0x0000000000000000
2026/09/26 12:41:39.491, P3, 2955, 7001, 36.12, 0, 0x0000000000000000
2026/09/26 12:41:39.544, P3, 2955, 7001, 36.12, 0, 0x0000000000000000
2026/09/26 12:41:39.607, P3, 2955, 7001, 36.12, 0, 0x0000000000000000
2026/09/26 12:41:39.658, P3, 2955, 7001, 36.12, 0, 0x0000000000000000
2026/09/26 12:41:39.724, P3, 870, 7001, 26.29, 0, 0x0000000000000000
2026/09/26 12:41:39.775, P3, 870, 7001, 26.29, 0, 0x0000000000000000
2026/09/26 12:41:39.841, P3, 870, 7001, 26.29, 0, 0x0000000000000000
2026/09/26 12:41:39.891, P3, 870, 7001, 26.29, 0, 0x0000000000000000
2026/09/26 12:41:39.942, P3, 870, 7001, 26.29, 0, 0x0000000000000000
2026/09/26 12:41:40.009, P3, 870, 7001, 26.29, 0, 0x0000000000000000
2026/09/26 12:41:40.059, P3, 870, 7001, 26.29, 0, 0x0000000000000000
2026/09/26 12:41:40.124, P3, 870, 7001, 26.29, 0, 0x0000000000000000
2026/09/26 12:41:40.175, P3, 735, 7001, 16.28, 0, 0x0000000000000000
2026/09/26 12:41:40.226, P3, 735, 7001, 16.28, 0, 0x0000000000000000
2026/09/26 12:41:40.291, P3, 735, 7001, 16.28, 0, 0x0000000000000000
2026/09/26 12:41:40.342, P3, 735, 7001, 16.28, 0, 0x0000000000000000
2026/09/26 12:41:40.408, P3, 735, 7001, 16.28, 0, 0x0000000000000000
2026/09/26 12:41:40.459, P3, 735, 7001, 16.28, 0, 0x0000000000000000
2026/09/26 12:41:40.510, P3, 735, 7001, 16.28, 0, 0x0000000000000000
2026/09/26 12:41:40.575, P3, 735, 7001, 16.28, 0, 0x0000000000000000
2026/09/26 12:41:40.625, P3, 735, 7001, 16.28, 0, 0x0000000000000000
2026/09/26 12:41:40.676, P0, 622, 14201, 17.31, 10, 0x0000000000000000
2026/09/26 12:41:40.742, P0, 622, 14201, 17.31, 10, 0x0000000000000000
2026/09/26 12:41:40.792, P0, 622, 14201, 17.31, 10, 0x0000000000000000
2026/09/26 12:41:40.843, P0, 622, 14201, 17.31, 10, 0x0000000000000000
2026/09/26 12:41:40.908, P0, 622, 14201, 17.31, 10, 0x0000000000000000
2026/09/26 12:41:40.959, P0, 622, 14201, 17.31, 10, 0x0000000000000000
2026/09/26 12:41:41.010, P0, 622, 14201, 17.31, 10, 0x0000000000000000
2026/09/26 12:41:41.076, P0, 622, 14201, 17.31, 10, 0x0000000000000000
2026/09/26 12:41:41.127, P0, 622, 14201, 17.31, 10, 0x0000000000000000
2026/09/26 12:41:41.192, P1, 2640, 14001, 29.25, 47, 0x0000000000000000
2026/09/26 12:41:41.242, P1, 2640, 14001, 29.25, 47, 0x0000000000000000
2026/09/26 12:41:41.308, P1, 2640, 14001, 29.25, 47, 0x0000000000000000
2026/09/26 12:41:41.372, P1, 2640, 14001, 29.25, 47, 0x0000000000000000
2026/09/26 12:41:41.436, P1, 2640, 14001, 29.25, 47, 0x0000000000000000
2026/09/26 12:41:41.499, P1, 2640, 14001, 29.25, 47, 0x0000000000000000
2026/09/26 12:41:41.562, P1, 2640, 14001, 29.25, 47, 0x0000000000000000
2026/09/26 12:41:41.627, P1, 2640, 14001, 29.25, 47, 0x0000000000000000
2026/09/26 12:41:41.677, P0, 2955, 14201, 48.55, 9, 0x0000000000000000
2026/09/26 12:41:41.742, P0, 2955, 14201, 48.55, 9, 0x0000000000000000
2026/09/26 12:41:41.807, P0, 2955, 14201, 48.55, 9, 0x0000000000000000
2026/09/26 12:41:41.869, P0, 2955, 14201, 48.55, 9, 0x0000000000000000
2026/09/26 12:41:41.932, P0, 2955, 14201, 48.55, 9, 0x0000000000000000
2026/09/26 12:41:41.996, P0, 2955, 14201, 48.55, 9, 0x0000000000000000
2026/09/26 12:41:42.059, P0, 2955, 14201, 48.55, 9, 0x0000000000000000
2026/09/26 12:41:42.110, P0, 2955, 14201, 48.55, 9, 0x0000000000000000
2026/09/26 12:41:42.160, P0, 2955, 14201, 48.55, 9, 0x0000000000000000
2026/09/26 12:41:42.211, P0, 2955, 14201, 49.83, 0, 0x0000000000000000
2026/09/26 12:41:42.267, P0, 2955, 14201, 49.83, 0, 0x0000000000000000
2026/09/26 12:41:42.326, P0, 2955, 14201, 49.83, 0, 0x0000000000000000
2026/09/26 12:41:42.378, P0, 2955, 14201, 49.83, 0, 0x0000000000000000
2026/09/26 12:41:42.428, P0, 2955, 14201, 49.83, 0, 0x0000000000000000
2026/09/26 12:41:42.493, P0, 2955, 14201, 49.83, 0, 0x0000000000000000
2026/09/26 12:41:42.544, P0, 2955, 14201, 49.83, 0, 0x0000000000000000
2026/09/26 12:41:42.595, P0, 2955, 14201, 49.83, 0, 0x0000000000000000
2026/09/26 12:41:42.649, P0, 2955, 14201, 49.83, 0, 0x0000000000000000
2026/09/26 12:41:42.710, P0, 2955, 14201, 36.92, 0, 0x0000000000000000
2026/09/26 12:41:42.761, P0, 2955, 14201, 36.92, 0, 0x0000000000000000
2026/09/26 12:41:42.828, P0, 2955, 14201, 36.92, 0, 0x0000000000000000
2026/09/26 12:41:42.878, P0, 2955, 14201, 36.92, 0, 0x0000000000000000
2026/09/26 12:41:42.944, P0, 2955, 14201, 36.92, 0, 0x0000000000000000
2026/09/26 12:41:42.994, P0, 2955, 14201, 36.92, 0, 0x0000000000000000
2026/09/26 12:41:43.045, P0, 2955, 14201, 36.92, 0, 0x0000000000000000
2026/09/26 12:41:43.111, P0, 2955, 14201, 36.92, 0, 0x0000000000000000
2026/09/26 12:41:43.161, P0, 2955, 14201, 36.92, 0, 0x0000000000000000
2026/09/26 12:41:43.212, P0, 2955, 14201, 36.19, 0, 0x0000000000000000
2026/09/26 12:41:43.278, P0, 2955, 14201, 36.19, 0, 0x0000000000000000
2026/09/26 12:41:43.329, P0, 2955, 14201, 36.19, 0, 0x0000000000000000
2026/09/26 12:41:43.394, P0, 2955, 14201, 36.19, 0, 0x0000000000000000
2026/09/26 12:41:43.460, P0, 2955, 14201, 36.19, 0, 0x0000000000000000
2026/09/26 12:41:43.511, P0, 2955, 14201, 36.19, 0, 0x0000000000000000
2026/09/26 12:41:43.562, P0, 2955, 14201, 36.19, 0, 0x0000000000000000
2026/09/26 12:41:43.612, P0, 2955, 14201, 36.19, 0, 0x0000000000000000
2026/09/26 12:41:43.678, P3, 2047, 7001, 30.34, 0, 0x0000000000000000
2026/09/26 12:41:43.729, P3, 2047, 7001, 30.34, 0, 0x0000000000000000
2026/09/26 12:41:43.795, P3, 2047, 7001, 30.34, 0, 0x0000000000000000
2026/09/26 12:41:43.862, P3, 2047, 7001, 30.34, 0, 0x0000000000000000
2026/09/26 12:41:43.912, P3, 2047, 7001, 30.34, 0, 0x0000000000000000
2026/09/26 12:41:43.963, P3, 2047, 7001, 30.34, 0, 0x0000000000000000
2026/09/26 12:41:44.028, P3, 2047, 7001, 30.34, 0, 0x0000000000000000
2026/09/26 12:41:44.079, P3, 2047, 7001, 30.34, 0, 0x0000000000000000
2026/09/26 12:41:44.145, P3, 2047, 7001, 30.34, 0, 0x0000000000000000
2026/09/26 12:41:44.195, P3, 690, 7001, 20.32, 0, 0x0000000000000000
2026/09/26 12:41:44.245, P3, 690, 7001, 20.32, 0, 0x0000000000000000
2026/09/26 12:41:44.311, P3, 690, 7001, 20.32, 0, 0x0000000000000000
2026/09/26 12:41:44.374, P3, 690, 7001, 20.32, 0, 0x0000000000000000
2026/09/26 12:41:44.437, P3, 690, 7001, 20.32, 0, 0x0000000000000000
2026/09/26 12:41:44.500, P3, 690, 7001, 20.32, 0, 0x0000000000000000
2026/09/26 12:41:44.563, P3, 690, 7001, 20.32, 0, 0x0000000000000000
2026/09/26 12:41:44.629, P3, 690, 7001, 20.32, 0, 0x0000000000000000
2026/09/26 12:41:44.680, P0, 457, 14201, 15.59, 2, 0x0000000000000000
2026/09/26 12:41:44.731, P0, 457, 14201, 15.59, 2, 0x0000000000000000
2026/09/26 12:41:44.795, P0, 457, 14201, 15.59, 2, 0x0000000000000000
2026/09/26 12:41:44.859, P0, 457, 14201, 15.59, 2, 0x0000000000000000
2026/09/26 12:41:44.923, P0, 457, 14201, 15.59, 2, 0x0000000000000000
2026/09/26 12:41:44.986, P0, 457, 14201, 15.59, 2, 0x0000000000000000
2026/09/26 12:41:45.048, P0, 457, 14201, 15.59, 2, 0x0000000000000000
2026/09/26 12:41:45.113, P0, 457, 14201, 15.59, 2, 0x0000000000000000
2026/09/26 12:41:45.163, P0, 457, 14201, 15.59, 2, 0x0000000000000000
2026/09/26 12:41:45.214, P0, 2625, 14201, 24.14, 0, 0x0000000000000000
2026/09/26 12:41:45.279, P0, 2625, 14201, 24.14, 0, 0x0000000000000000
2026/09/26 12:41:45.330, P0, 2625, 14201, 24.14, 0, 0x0000000000000000
2026/09/26 12:41:45.381, P0, 2625, 14201, 24.14, 0, 0x0000000000000000
2026/09/26 12:41:45.447, P0, 2625, 14201, 24.14, 0, 0x0000000000000000
2026/09/26 12:41:45.498, P0, 2625, 14201, 24.14, 0, 0x0000000000000000
2026/09/26 12:41:45.563, P0, 2625, 14201, 24.14, 0, 0x0000000000000000
2026/09/26 12:41:45.614, P0, 2625, 14201, 24.14, 0, 0x0000000000000000
2026/09/26 12:41:45.664, P0, 2625, 14201, 24.14, 0, 0x0000000000000000
2026/09/26 12:41:45.714, P0, 2535, 14201, 30.65, 0, 0x0000000000000000
2026/09/26 12:41:45.780, P0, 2535, 14201, 30.65, 0, 0x0000000000000000
2026/09/26 12:41:45.831, P0, 2535, 14201, 30.65, 0, 0x0000000000000000
2026/09/26 12:41:45.881, P0, 2535, 14201, 30.65, 0, 0x0000000000000000
2026/09/26 12:41:45.933, P0, 2535, 14201, 30.65, 0, 0x0000000000000000
2026/09/26 12:41:45.984, P0, 2535, 14201, 30.65, 0, 0x0000000000000000
2026/09/26 12:41:46.047, P0, 2535, 14201, 30.65, 0, 0x0000000000000000
2026/09/26 12:41:46.114, P0, 2535, 14201, 30.65, 0, 0x0000000000000000
2026/09/26 12:41:46.165, P0, 2535, 14201, 30.65, 0, 0x0000000000000000
2026/09/26 12:41:46.231, P0, 2535, 14201, 26.40, 0, 0x0000000000000000
2026/09/26 12:41:46.282, P0, 2535, 14201, 26.40, 0, 0x0000000000000000
2026/09/26 12:41:46.348, P0, 2535, 14201, 26.40, 0, 0x0000000000000000
2026/09/26 12:41:46.399, P0, 2535, 14201, 26.40, 0, 0x0000000000000000
2026/09/26 12:41:46.464, P0, 2535, 14201, 26.40, 0, 0x0000000000000000
2026/09/26 12:41:46.531, P0, 2535, 14201, 26.40, 0, 0x0000000000000000
2026/09/26 12:41:46.582, P0, 2535, 14201, 26.40, 0, 0x0000000000000000
2026/09/26 12:41:46.648, P0, 2535, 14201, 26.40, 0, 0x0000000000000000
2026/09/26 12:41:46.699, P0, 2535, 14201, 26.35, 0, 0x0000000000000000
2026/09/26 12:41:46.765, P0, 2535, 14201, 26.35, 0, 0x0000000000000000
2026/09/26 12:41:46.815, P0, 2535, 14201, 26.35, 0, 0x0000000000000000
2026/09/26 12:41:46.866, P0, 2535, 14201, 26.35, 0, 0x0000000000000000
2026/09/26 12:41:46.932, P0, 2535, 14201, 26.35, 0, 0x0000000000000000
2026/09/26 12:41:46.982, P0, 2535, 14201, 26.35, 0, 0x0000000000000000
2026/09/26 12:41:47.048, P0, 2535, 14201, 26.35, 0, 0x0000000000000000
2026/09/26 12:41:47.099, P0, 2535, 14201, 26.35, 0, 0x0000000000000000
2026/09/26 12:41:47.165, P0, 2535, 14201, 26.35, 0, 0x0000000000000000
2026/09/26 12:41:47.216, P3, 2535, 7001, 25.06, 0, 0x0000000000000000
2026/09/26 12:41:47.279, P3, 2535, 7001, 25.06, 0, 0x0000000000000000
2026/09/26 12:41:47.343, P3, 2535, 7001, 25.06, 0, 0x0000000000000000
2026/09/26 12:41:47.406, P3, 2535, 7001, 25.06, 0, 0x0000000000000000
2026/09/26 12:41:47.465, P3, 2535, 7001, 25.06, 0, 0x0000000000000000
2026/09/26 12:41:47.530, P3, 2535, 7001, 25.06, 0, 0x0000000000000000
2026/09/26 12:41:47.583, P3, 2535, 7001, 25.06, 0, 0x0000000000000000
2026/09/26 12:41:47.648, P3, 2535, 7001, 25.06, 0, 0x0000000000000000
2026/09/26 12:41:47.699, P3, 697, 7001, 19.42, 0, 0x0000000000000000
2026/09/26 12:41:47.750, P3, 697, 7001, 19.42, 0, 0x0000000000000000
2026/09/26 12:41:47.816, P3, 697, 7001, 19.42, 0, 0x0000000000000000
2026/09/26 12:41:47.879, P3, 697, 7001, 19.42, 0, 0x0000000000000000
2026/09/26 12:41:47.933, P3, 697, 7001, 19.42, 0, 0x0000000000000000
2026/09/26 12:41:47.999, P3, 697, 7001, 19.42, 0, 0x0000000000000000
2026/09/26 12:41:48.062, P3, 697, 7001, 19.42, 0, 0x0000000000000000
2026/09/26 12:41:48.116, P3, 697, 7001, 19.42, 0, 0x0000000000000000
2026/09/26 12:41:48.167, P3, 697, 7001, 19.42, 0, 0x0000000000000000
2026/09/26 12:41:48.233, P0, 585, 14001, 16.44, 11, 0x0000000000000000
2026/09/26 12:41:48.283, P0, 585, 14001, 16.44, 11, 0x0000000000000000
2026/09/26 12:41:48.350, P0, 585, 14001, 16.44, 11, 0x0000000000000000
2026/09/26 12:41:48.401, P0, 585, 14001, 16.44, 11, 0x0000000000000000
2026/09/26 12:41:48.467, P0, 585, 14001, 16.44, 11, 0x0000000000000000
2026/09/26 12:41:48.518, P0, 585, 14001, 16.44, 11, 0x0000000000000000
2026/09/26 12:41:48.568, P0, 585, 14001, 16.44, 11, 0x0000000000000000
2026/09/26 12:41:48.619, P0, 585, 14001, 16.44, 11, 0x0000000000000000
2026/09/26 12:41:48.683, P1, 2707, 14001, 30.18, 47, 0x0000000000000000
2026/09/26 12:41:48.734, P1, 2707, 14001, 30.18, 47, 0x0000000000000000
2026/09/26 12:41:48.800, P1, 2707, 14001, 30.18, 47, 0x0000000000000000
2026/09/26 12:41:48.851, P1, 2707, 14001, 30.18, 47, 0x0000000000000000
2026/09/26 12:41:48.917, P1, 2707, 14001, 30.18, 47, 0x0000000000000000
2026/09/26 12:41:48.967, P1, 2707, 14001, 30.18, 47, 0x0000000000000000
2026/09/26 12:41:49.018, P1, 2707, 14001, 30.18, 47, 0x0000000000000000
2026/09/26 12:41:49.083, P1, 2707, 14001, 30.18, 47, 0x0000000000000000
2026/09/26 12:41:49.134, P1, 2707, 14001, 30.18, 47, 0x0000000000000000
2026/09/26 12:41:49.185, P1, 2955, 14001, 49.62, 11, 0x0000000000000000
2026/09/26 12:41:49.237, P1, 2955, 14001, 49.62, 11, 0x0000000000000000
2026/09/26 12:41:49.300, P1, 2955, 14001, 49.62, 11, 0x0000000000000000
2026/09/26 12:41:49.351, P1, 2955, 14001, 49.62, 11, 0x0000000000000000
2026/09/26 12:41:49.401, P1, 2955, 14001, 49.62, 11, 0x0000000000000000
2026/09/26 12:41:49.453, P1, 2955, 14001, 49.62, 11, 0x0000000000000000
2026/09/26 12:41:49.517, P1, 2955, 14001, 49.62, 11, 0x0000000000000000
2026/09/26 12:41:49.568, P1, 2955, 14001, 49.62, 11, 0x0000000000000000
2026/09/26 12:41:49.618, P1, 2955, 14001, 49.62, 11, 0x0000000000000000
2026/09/26 12:41:49.684, P0, 2955, 14201, 49.89, 0, 0x0000000000000000
2026/09/26 12:41:49.735, P0, 2955, 14201, 49.89, 0, 0x0000000000000000
2026/09/26 12:41:49.800, P0, 2955, 14201, 49.89, 0, 0x0000000000000000
2026/09/26 12:41:49.851, P0, 2955, 14201, 49.89, 0, 0x0000000000000000
2026/09/26 12:41:49.902, P0, 2955, 14201, 49.89, 0, 0x0000000000000000
2026/09/26 12:41:49.968, P0, 2955, 14201, 49.89, 0, 0x0000000000000000
2026/09/26 12:41:50.019, P0, 2955, 14201, 49.89, 0, 0x0000000000000000
2026/09/26 12:41:50.085, P0, 2955, 14201, 49.89, 0, 0x0000000000000000
2026/09/26 12:41:50.136, P0, 2955, 14201, 49.89, 0, 0x0000000000000000
2026/09/26 12:41:50.201, P0, 2955, 14201, 39.34, 0, 0x0000000000000000
2026/09/26 12:41:50.252, P0, 2955, 14201, 39.34, 0, 0x0000000000000000
2026/09/26 12:41:50.317, P0, 2955, 14201, 39.34, 0, 0x0000000000000000
2026/09/26 12:41:50.380, P0, 2955, 14201, 39.34, 0, 0x0000000000000000
2026/09/26 12:41:50.444, P0, 2955, 14201, 39.34, 0, 0x0000000000000000
2026/09/26 12:41:50.508, P0, 2955, 14201, 39.34, 0, 0x0000000000000000
2026/09/26 12:41:50.571, P0, 2955, 14201, 39.34, 0, 0x0000000000000000
2026/09/26 12:41:50.635, P0, 2955, 14201, 39.34, 0, 0x0000000000000000
2026/09/26 12:41:50.701, P0, 2955, 14201, 36.05, 0, 0x0000000000000000
2026/09/26 12:41:50.764, P0, 2955, 14201, 36.05, 0, 0x0000000000000000
2026/09/26 12:41:50.817, P0, 2955, 14201, 36.05, 0, 0x0000000000000000
2026/09/26 12:41:50.881, P0, 2955, 14201, 36.05, 0, 0x0000000000000000
2026/09/26 12:41:50.944, P0, 2955, 14201, 36.05, 0, 0x0000000000000000
2026/09/26 12:41:51.007, P0, 2955, 14201, 36.05, 0, 0x0000000000000000
2026/09/26 12:41:51.070, P0, 2955, 14201, 36.05, 0, 0x0000000000000000
2026/09/26 12:41:51.136, P0, 2955, 14201, 36.05, 0, 0x0000000000000000
2026/09/26 12:41:51.187, P0, 2587, 14201, 32.36, 0, 0x0000000000000000
2026/09/26 12:41:51.251, P0, 2587, 14201, 32.36, 0, 0x0000000000000000
2026/09/26 12:41:51.303, P0, 2587, 14201, 32.36, 0, 0x0000000000000000
2026/09/26 12:41:51.369, P0, 2587, 14201, 32.36, 0, 0x0000000000000000
2026/09/26 12:41:51.420, P0, 2587, 14201, 32.36, 0, 0x0000000000000000
2026/09/26 12:41:51.486, P0, 2587, 14201, 32.36, 0, 0x0000000000000000
2026/09/26 12:41:51.537, P0, 2587, 14201, 32.36, 0, 0x0000000000000000
2026/09/26 12:41:51.603, P0, 2587, 14201, 32.36, 0, 0x0000000000000000
2026/09/26 12:41:51.653, P0, 2587, 14201, 32.36, 0, 0x0000000000000000
2026/09/26 12:41:51.704, P0, 2535, 14201, 27.25, 0, 0x0000000000000000
2026/09/26 12:41:51.770, P0, 2535, 14201, 27.25, 0, 0x0000000000000000
2026/09/26 12:41:51.821, P0, 2535, 14201, 27.25, 0, 0x0000000000000000
2026/09/26 12:41:51.886, P0, 2535, 14201, 27.25, 0, 0x0000000000000000
2026/09/26 12:41:51.936, P0, 2535, 14201, 27.25, 0, 0x0000000000000000
2026/09/26 12:41:51.987, P0, 2535, 14201, 27.25, 0, 0x0000000000000000
2026/09/26 12:41:52.037, P0, 2535, 14201, 27.25, 0, 0x0000000000000000
2026/09/26 12:41:52.088, P0, 2535, 14201, 27.25, 0, 0x0000000000000000
2026/09/26 12:41:52.154, P0, 2535, 14201, 27.25, 0, 0x0000000000000000
2026/09/26 12:41:52.204, P3, 2535, 7001, 25.17, 0, 0x0000000000000000
2026/09/26 12:41:52.270, P3, 2535, 7001, 25.17, 0, 0x0000000000000000
2026/09/26 12:41:52.320, P3, 2535, 7001, 25.17, 0, 0x0000000000000000
2026/09/26 12:41:52.371, P3, 2535, 7001, 25.17, 0, 0x0000000000000000
2026/09/26 12:41:52.437, P3, 2535, 7001, 25.17, 0, 0x0000000000000000
2026/09/26 12:41:52.487, P3, 2535, 7001, 25.17, 0, 0x0000000000000000
2026/09/26 12:41:52.537, P3, 2535, 7001, 25.17, 0, 0x0000000000000000
2026/09/26 12:41:52.588, P3, 2535, 7001, 25.17, 0, 0x0000000000000000
2026/09/26 12:41:52.638, P3, 2535, 7001, 25.17, 0, 0x0000000000000000
2026/09/26 12:41:52.689, P1, 765, 14001, 22.81, 3, 0x0000000000000000
2026/09/26 12:41:52.754, P1, 765, 14001, 22.81, 3, 0x0000000000000000
2026/09/26 12:41:52.805, P1, 765, 14001, 22.81, 3, 0x0000000000000000
2026/09/26 12:41:52.871, P1, 765, 14001, 22.81, 3, 0x0000000000000000
2026/09/26 12:41:52.921, P1, 765, 14001, 22.81, 3, 0x0000000000000000
2026/09/26 12:41:52.972, P1, 765, 14001, 22.81, 3, 0x0000000000000000
2026/09/26 12:41:53.038, P1, 765, 14001, 22.81, 3, 0x0000000000000000
2026/09/26 12:41:53.088, P1, 765, 14001, 22.81, 3, 0x0000000000000000
2026/09/26 12:41:53.139, P1, 765, 14001, 22.81, 3, 0x0000000000000000
2026/09/26 12:41:53.204, P1, 2955, 14001, 41.45, 55, 0x0000000000000000
2026/09/26 12:41:53.254, P1, 2955, 14001, 41.45, 55, 0x0000000000000000
2026/09/26 12:41:53.320, P1, 2955, 14001, 41.45, 55, 0x0000000000000000
2026/09/26 12:41:53.383, P1, 2955, 14001, 41.45, 55, 0x0000000000000000
2026/09/26 12:41:53.446, P1, 2955, 14001, 41.45, 55, 0x0000000000000000
2026/09/26 12:41:53.510, P1, 2955, 14001, 41.45, 55, 0x0000000000000000
2026/09/26 12:41:53.573, P1, 2955, 14001, 41.45, 55, 0x0000000000000000
2026/09/26 12:41:53.639, P1, 2955, 14001, 41.45, 55, 0x0000000000000000
2026/09/26 12:41:53.689, P1, 2955, 14201, 55.31, 5, 0x0000000000000000
2026/09/26 12:41:53.742, P1, 2955, 14201, 55.31, 5, 0x0000000000000000
2026/09/26 12:41:53.804, P1, 2955, 14201, 55.31, 5, 0x0000000000000000
2026/09/26 12:41:53.869, P1, 2955, 14201, 55.31, 5, 0x0000000000000000
2026/09/26 12:41:53.932, P1, 2955, 14201, 55.31, 5, 0x0000000000000000
2026/09/26 12:41:53.995, P1, 2955, 14201, 55.31, 5, 0x0000000000000000
2026/09/26 12:41:54.058, P1, 2955, 14201, 55.31, 5, 0x0000000000000000
2026/09/26 12:41:54.122, P1, 2955, 14201, 55.31, 5, 0x0000000000000000
2026/09/26 12:41:54.172, P0, 2955, 14201, 45.50, 5, 0x0000000000000000
2026/09/26 12:41:54.222, P0, 2955, 14201, 45.50, 0, 0x0000000000000000
2026/09/26 12:41:54.273, P0, 2955, 14201, 45.50, 0, 0x0000000000000000
2026/09/26 12:41:54.325, P0, 2955, 14201, 45.50, 0, 0x0000000000000000
2026/09/26 12:41:54.377, P0, 2955, 14201, 45.50, 0, 0x0000000000000000
2026/09/26 12:41:54.439, P0, 2955, 14201, 45.50, 0, 0x0000000000000000
2026/09/26 12:41:54.489, P0, 2955, 14201, 45.50, 0, 0x0000000000000000
2026/09/26 12:41:54.540, P0, 2955, 14201, 45.50, 0, 0x0000000000000000
2026/09/26 12:41:54.605, P0, 2955, 14201, 45.50, 0, 0x0000000000000000
2026/09/26 12:41:54.657, P0, 2955, 14201, 45.50, 0, 0x0000000000000000
2026/09/26 12:41:54.723, P0, 2955, 14201, 37.61, 0, 0x0000000000000000
2026/09/26 12:41:54.774, P0, 2955, 14201, 37.61, 0, 0x0000000000000000
2026/09/26 12:41:54.824, P0, 2955, 14201, 37.61, 0, 0x0000000000000000
2026/09/26 12:41:54.875, P0, 2955, 14201, 37.61, 0, 0x0000000000000000
2026/09/26 12:41:54.940, P0, 2955, 14201, 37.61, 0, 0x0000000000000000
2026/09/26 12:41:54.991, P0, 2955, 14201, 37.61, 0, 0x0000000000000000
2026/09/26 12:41:55.056, P0, 2955, 14201, 37.61, 0, 0x0000000000000000
2026/09/26 12:41:55.107, P0, 2955, 14201, 37.61, 0, 0x0000000000000000
2026/09/26 12:41:55.173, P0, 2947, 14201, 34.59, 0, 0x0000000000000000
2026/09/26 12:41:55.223, P0, 2947, 14201, 34.59, 0, 0x0000000000000000
2026/09/26 12:41:55.290, P0, 2947, 14201, 34.59, 0, 0x0000000000000000
2026/09/26 12:41:55.341, P0, 2947, 14201, 34.59, 0, 0x0000000000000000
2026/09/26 12:41:55.407, P0, 2947, 14201, 34.59, 0, 0x0000000000000000
2026/09/26 12:41:55.473, P0, 2947, 14201, 34.59, 0, 0x0000000000000000
2026/09/26 12:41:55.524, P0, 2947, 14201, 34.59, 0, 0x0000000000000000
2026/09/26 12:41:55.589, P0, 2947, 14201, 34.59, 0, 0x0000000000000000
2026/09/26 12:41:55.640, P0, 2947, 14201, 34.59, 0, 0x0000000000000000
2026/09/26 12:41:55.691, P0, 2535, 14201, 30.23, 0, 0x0000000000000000
2026/09/26 12:41:55.757, P0, 2535, 14201, 30.23, 0, 0x0000000000000000
2026/09/26 12:41:55.808, P0, 2535, 14201, 30.23, 0, 0x0000000000000000
2026/09/26 12:41:55.873, P0, 2535, 14201, 30.23, 0, 0x0000000000000000
2026/09/26 12:41:55.924, P0, 2535, 14201, 30.23, 0, 0x0000000000000000
2026/09/26 12:41:55.975, P0, 2535, 14201, 30.23, 0, 0x0000000000000000
2026/09/26 12:41:56.041, P0, 2535, 14201, 30.23, 0, 0x0000000000000000
2026/09/26 12:41:56.091, P0, 2535, 14201, 30.23, 0, 0x0000000000000000
2026/09/26 12:41:56.141, P0, 2535, 14201, 30.23, 0, 0x0000000000000000
2026/09/26 12:41:56.192, P3, 2535, 7001, 25.33, 0, 0x0000000000000000
2026/09/26 12:41:56.255, P3, 2535, 7001, 25.33, 0, 0x0000000000000000
2026/09/26 12:41:56.318, P3, 2535, 7001, 25.33, 0, 0x0000000000000000
2026/09/26 12:41:56.381, P3, 2535, 7001, 25.33, 0, 0x0000000000000000
2026/09/26 12:41:56.441, P3, 2535, 7001, 25.33, 0, 0x0000000000000000
2026/09/26 12:41:56.506, P3, 2535, 7001, 25.33, 0, 0x0000000000000000
2026/09/26 12:41:56.570, P3, 2535, 7001, 25.33, 0, 0x0000000000000000
2026/09/26 12:41:56.625, P3, 2535, 7001, 25.33, 0, 0x0000000000000000
2026/09/26 12:41:56.676, P3, 705, 7001, 19.53, 0, 0x0000000000000000
2026/09/26 12:41:56.741, P3, 705, 7001, 19.53, 0, 0x0000000000000000
2026/09/26 12:41:56.792, P3, 705, 7001, 19.53, 0, 0x0000000000000000
2026/09/26 12:41:56.856, P3, 705, 7001, 19.53, 0, 0x0000000000000000
2026/09/26 12:41:56.910, P3, 705, 7001, 19.53, 0, 0x0000000000000000
2026/09/26 12:41:56.975, P3, 705, 7001, 19.53, 0, 0x0000000000000000
2026/09/26 12:41:57.040, P3, 705, 7001, 19.53, 0, 0x0000000000000000
2026/09/26 12:41:57.092, P3, 705, 7001, 19.53, 0, 0x0000000000000000
2026/09/26 12:41:57.159, P3, 705, 7001, 19.53, 0, 0x0000000000000000
2026/09/26 12:41:57.209, P0, 1170, 14201, 21.50, 38, 0x0000000000000000
2026/09/26 12:41:57.260, P0, 1170, 14201, 21.50, 38, 0x0000000000000000
2026/09/26 12:41:57.324, P0, 1170, 14201, 21.50, 38, 0x0000000000000000
2026/09/26 12:41:57.375, P0, 1170, 14201, 21.50, 38, 0x0000000000000000
2026/09/26 12:41:57.425, P0, 1170, 14201, 21.50, 38, 0x0000000000000000
2026/09/26 12:41:57.476, P0, 1170, 14201, 21.50, 38, 0x0000000000000000
2026/09/26 12:41:57.526, P0, 1170, 14201, 21.50, 38, 0x0000000000000000
2026/09/26 12:41:57.592, P0, 1170, 14201, 21.50, 38, 0x0000000000000000
2026/09/26 12:41:57.642, P0, 1170, 14201, 21.50, 38, 0x0000000000000000
2026/09/26 12:41:57.693, P1, 2700, 14001, 36.23, 32, 0x0000000000000000
2026/09/26 12:41:57.743, P1, 2700, 14001, 36.23, 32, 0x0000000000000000
2026/09/26 12:41:57.793, P1, 2700, 14001, 36.23, 32, 0x0000000000000000
2026/09/26 12:41:57.859, P1, 2700, 14001, 36.23, 32, 0x0000000000000000
2026/09/26 12:41:57.910, P1, 2700, 14001, 36.23, 32, 0x0000000000000000
2026/09/26 12:41:57.976, P1, 2700, 14001, 36.23, 32, 0x0000000000000000
2026/09/26 12:41:58.026, P1, 2700, 14001, 36.23, 32, 0x0000000000000000
2026/09/26 12:41:58.077, P1, 2700, 14001, 36.23, 32, 0x0000000000000000
2026/09/26 12:41:58.143, P1, 2700, 14001, 36.23, 32, 0x0000000000000000
2026/09/26 12:41:58.193, P0, 2955, 14001, 52.05, 46, 0x0000000000000000
2026/09/26 12:41:58.244, P0, 2955, 14001, 52.05, 46, 0x0000000000000000
2026/09/26 12:41:58.310, P0, 2955, 14001, 52.05, 46, 0x0000000000000000
2026/09/26 12:41:58.360, P0, 2955, 14001, 52.05, 46, 0x0000000000000000
2026/09/26 12:41:58.411, P0, 2955, 14001, 52.05, 46, 0x0000000000000000
2026/09/26 12:41:58.477, P0, 2955, 14001, 52.05, 46, 0x0000000000000000
2026/09/26 12:41:58.527, P0, 2955, 14001, 52.05, 46, 0x0000000000000000
2026/09/26 12:41:58.594, P0, 2955, 14001, 52.05, 46, 0x0000000000000000
2026/09/26 12:41:58.644, P0, 2955, 14001, 52.05, 46, 0x0000000000000000
2026/09/26 12:41:58.710, P1, 2955, 14001, 58.75, 43, 0x0000000000000000
2026/09/26 12:41:58.761, P1, 2955, 14001, 58.75, 43, 0x0000000000000000
2026/09/26 12:41:58.812, P1, 2955, 14001, 58.75, 43, 0x0000000000000000
2026/09/26 12:41:58.877, P1, 2955, 14001, 58.75, 43, 0x0000000000000000
2026/09/26 12:41:58.927, P1, 2955, 14001, 58.75, 43, 0x0000000000000000
2026/09/26 12:41:58.978, P1, 2955, 14001, 58.75, 43, 0x0000000000000000
2026/09/26 12:41:59.029, P1, 2955, 14001, 58.75, 43, 0x0000000000000000
2026/09/26 12:41:59.080, P1, 2955, 14001, 58.75, 43, 0x0000000000000000
2026/09/26 12:41:59.144, P1, 2955, 14001, 58.75, 43, 0x0000000000000000
2026/09/26 12:41:59.195, P1, 2955, 14001, 54.67, 13, 0x0000000000000000
2026/09/26 12:41:59.259, P1, 2955, 14001, 54.67, 13, 0x0000000000000000
2026/09/26 12:41:59.322, P1, 2955, 14001, 54.67, 13, 0x0000000000000000
2026/09/26 12:41:59.375, P1, 2955, 14001, 54.67, 13, 0x0000000000000000
2026/09/26 12:41:59.439, P1, 2955, 14001, 54.67, 13, 0x0000000000000000
2026/09/26 12:41:59.502, P1, 2955, 14001, 54.67, 13, 0x0000000000000000
2026/09/26 12:41:59.566, P1, 2955, 14001, 54.67, 13, 0x0000000000000000
2026/09/26 12:41:59.628, P1, 2955, 14001, 54.67, 13, 0x0000000000000000
2026/09/26 12:41:59.679, P0, 2955, 14201, 47.63, 0, 0x0000000000000000
2026/09/26 12:41:59.743, P0, 2955, 14201, 47.63, 0, 0x0000000000000000
2026/09/26 12:41:59.795, P0, 2955, 14201, 47.63, 0, 0x0000000000000000
2026/09/26 12:41:59.859, P0, 2955, 14201, 47.63, 0, 0x0000000000000000
2026/09/26 12:41:59.922, P0, 2955, 14201, 47.63, 0, 0x0000000000000000
2026/09/26 12:41:59.986, P0, 2955, 14201, 47.63, 0, 0x0000000000000000
2026/09/26 12:42:00.050, P0, 2955, 14201, 47.63, 0, 0x0000000000000000
2026/09/26 12:42:00.112, P0, 2955, 14201, 47.63, 0, 0x0000000000000000
2026/09/26 12:42:00.163, P0, 2955, 14201, 47.63, 0, 0x0000000000000000
2026/09/26 12:42:00.227, P0, 2955, 14201, 38.41, 0, 0x0000000000000000
2026/09/26 12:42:00.278, P0, 2955, 14201, 38.41, 0, 0x0000000000000000
2026/09/26 12:42:00.329, P0, 2955, 14201, 38.41, 0, 0x0000000000000000
2026/09/26 12:42:00.380, P0, 2955, 14201, 38.41, 0, 0x0000000000000000
2026/09/26 12:42:00.441, P0, 2955, 14201, 38.41, 0, 0x0000000000000000
2026/09/26 12:42:00.495, P0, 2955, 14201, 38.41, 0, 0x0000000000000000
2026/09/26 12:42:00.546, P0, 2955, 14201, 38.41, 0, 0x0000000000000000
2026/09/26 12:42:00.596, P0, 2955, 14201, 38.41, 0, 0x0000000000000000
2026/09/26 12:42:00.662, P0, 2955, 14201, 38.41, 0, 0x0000000000000000
2026/09/26 12:42:00.712, P0, 2955, 14201, 35.68, 0, 0x0000000000000000
2026/09/26 12:42:00.763, P0, 2955, 14201, 35.68, 0, 0x0000000000000000
2026/09/26 12:42:00.814, P0, 2955, 14201, 35.68, 0, 0x0000000000000000
2026/09/26 12:42:00.879, P0, 2955, 14201, 35.68, 0, 0x0000000000000000
2026/09/26 12:42:00.929, P0, 2955, 14201, 35.68, 0, 0x0000000000000000
2026/09/26 12:42:00.979, P0, 2955, 14201, 35.68, 0, 0x0000000000000000
2026/09/26 12:42:01.030, P0, 2955, 14201, 35.68, 0, 0x0000000000000000
2026/09/26 12:42:01.095, P0, 2955, 14201, 35.68, 0, 0x0000000000000000
2026/09/26 12:42:01.146, P0, 2955, 14201, 35.68, 0, 0x0000000000000000
2026/09/26 12:42:01.196, P0, 2542, 14201, 30.81, 0, 0x0000000000000000
2026/09/26 12:42:01.247, P0, 2542, 14201, 30.81, 0, 0x0000000000000000
2026/09/26 12:42:01.314, P0, 2542, 14201, 30.81, 0, 0x0000000000000000
2026/09/26 12:42:01.379, P0, 2542, 14201, 30.81, 0, 0x0000000000000000
2026/09/26 12:42:01.430, P0, 2542, 14201, 30.81, 0, 0x0000000000000000
2026/09/26 12:42:01.481, P0, 2542, 14201, 30.81, 0, 0x0000000000000000
2026/09/26 12:42:01.546, P0, 2542, 14201, 30.81, 0, 0x0000000000000000
2026/09/26 12:42:01.596, P0, 2542, 14201, 30.81, 0, 0x0000000000000000
2026/09/26 12:42:01.647, P0, 2542, 14201, 30.81, 0, 0x0000000000000000
2026/09/26 12:42:01.713, P0, 2535, 14201, 26.80, 0, 0x0000000000000000
2026/09/26 12:42:01.763, P0, 2535, 14201, 26.80, 0, 0x0000000000000000
2026/09/26 12:42:01.814, P0, 2535, 14201, 26.80, 0, 0x0000000000000000
2026/09/26 12:42:01.866, P0, 2535, 14201, 26.80, 0, 0x0000000000000000
2026/09/26 12:42:01.930, P0, 2535, 14201, 26.80, 0, 0x0000000000000000
2026/09/26 12:42:01.980, P0, 2535, 14201, 26.80, 0, 0x0000000000000000
2026/09/26 12:42:02.030, P0, 2535, 14201, 26.80, 0, 0x0000000000000000
2026/09/26 12:42:02.081, P0, 2535, 14201, 26.80, 0, 0x0000000000000000
2026/09/26 12:42:02.147, P0, 2535, 14201, 26.80, 0, 0x0000000000000000
2026/09/26 12:42:02.213, P3, 2535, 7001, 25.33, 0, 0x0000000000000000
2026/09/26 12:42:02.264, P3, 2535, 7001, 25.33, 0, 0x0000000000000000
2026/09/26 12:42:02.329, P3, 2535, 7001, 25.33, 0, 0x0000000000000000
2026/09/26 12:42:02.392, P3, 2535, 7001, 25.33, 0, 0x0000000000000000
2026/09/26 12:42:02.456, P3, 2535, 7001, 25.33, 0, 0x0000000000000000
2026/09/26 12:42:02.518, P3, 2535, 7001, 25.33, 0, 0x0000000000000000
2026/09/26 12:42:02.581, P3, 2535, 7001, 25.33, 0, 0x0000000000000000
2026/09/26 12:42:02.632, P3, 2535, 7001, 25.33, 0, 0x0000000000000000
2026/09/26 12:42:02.696, P0, 1402, 14201, 24.22, 3, 0x0000000000000000
2026/09/26 12:42:02.748, P0, 1402, 14201, 24.22, 3, 0x0000000000000000
2026/09/26 12:42:02.798, P0, 1402, 14201, 24.22, 3, 0x0000000000000000
2026/09/26 12:42:02.863, P0, 1402, 14201, 24.22, 3, 0x0000000000000000
2026/09/26 12:42:02.927, P0, 1402, 14201, 24.22, 3, 0x0000000000000000
2026/09/26 12:42:02.990, P0, 1402, 14201, 24.22, 3, 0x0000000000000000
2026/09/26 12:42:03.042, P0, 1402, 14201, 24.22, 3, 0x0000000000000000
2026/09/26 12:42:03.098, P0, 1402, 14201, 24.22, 3, 0x0000000000000000
2026/09/26 12:42:03.148, P0, 1402, 14201, 24.22, 3, 0x0000000000000000
2026/09/26 12:42:03.215, P0, 2512, 14201, 25.29, 0, 0x0000000000000000
2026/09/26 12:42:03.266, P0, 2512, 14201, 25.29, 0, 0x0000000000000000
2026/09/26 12:42:03.331, P0, 2512, 14201, 25.29, 0, 0x0000000000000000
2026/09/26 12:42:03.382, P0, 2512, 14201, 25.29, 0, 0x0000000000000000
2026/09/26 12:42:03.432, P0, 2512, 14201, 25.29, 0, 0x0000000000000000
2026/09/26 12:42:03.484, P0, 2512, 14201, 25.29, 0, 0x0000000000000000
2026/09/26 12:42:03.548, P0, 2512, 14201, 25.29, 0, 0x0000000000000000
2026/09/26 12:42:03.599, P0, 2512, 14201, 25.29, 0, 0x0000000000000000
2026/09/26 12:42:03.649, P0, 2512, 14201, 25.29, 0, 0x0000000000000000
2026/09/26 12:42:03.716, P0, 2535, 14201, 26.70, 0, 0x0000000000000000
2026/09/26 12:42:03.766, P0, 2535, 14201, 26.70, 0, 0x0000000000000000
2026/09/26 12:42:03.821, P0, 2535, 14201, 26.70, 0, 0x0000000000000000
2026/09/26 12:42:03.882, P0, 2535, 14201, 26.70, 0, 0x0000000000000000
2026/09/26 12:42:03.949, P0, 2535, 14201, 26.70, 0, 0x0000000000000000
2026/09/26 12:42:03.999, P0, 2535, 14201, 26.70, 0, 0x0000000000000000
2026/09/26 12:42:04.049, P0, 2535, 14201, 26.70, 0, 0x0000000000000000
2026/09/26 12:42:04.100, P0, 2535, 14201, 26.70, 0, 0x0000000000000000
2026/09/26 12:42:04.166, P0, 2535, 14201, 26.70, 0, 0x0000000000000000
2026/09/26 12:42:04.217, P0, 2535, 14201, 26.43, 0, 0x0000000000000000
2026/09/26 12:42:04.282, P0, 2535, 14201, 26.43, 0, 0x0000000000000000
2026/09/26 12:42:04.332, P0, 2535, 14201, 26.43, 0, 0x0000000000000000
2026/09/26 12:42:04.397, P0, 2535, 14201, 26.43, 0, 0x0000000000000000
2026/09/26 12:42:04.449, P0, 2535, 14201, 26.43, 0, 0x0000000000000000
2026/09/26 12:42:04.499, P0, 2535, 14201, 26.43, 0, 0x0000000000000000
2026/09/26 12:42:04.550, P0, 2535, 14201, 26.43, 0, 0x0000000000000000
2026/09/26 12:42:04.616, P0, 2535, 14201, 26.43, 0, 0x0000000000000000
2026/09/26 12:42:04.667, P0, 2535, 14201, 26.43, 0, 0x0000000000000000
2026/09/26 12:42:04.717, P0, 2535, 14201, 26.50, 0, 0x0000000000000000
2026/09/26 12:42:04.783, P0, 2535, 14201, 26.50, 0, 0x0000000000000000
2026/09/26 12:42:04.834, P0, 2535, 14201, 26.50, 0, 0x0000000000000000
2026/09/26 12:42:04.900, P0, 2535, 14201, 26.50, 0, 0x0000000000000000
2026/09/26 12:42:04.951, P0, 2535, 14201, 26.50, 0, 0x0000000000000000
2026/09/26 12:42:05.017, P0, 2535, 14201, 26.50, 0, 0x0000000000000000
2026/09/26 12:42:05.067, P0, 2535, 14201, 26.50, 0, 0x0000000000000000
2026/09/26 12:42:05.133, P0, 2535, 14201, 26.50, 0, 0x0000000000000000
2026/09/26 12:42:05.183, P3, 2535, 7001, 25.20, 0, 0x0000000000000000
2026/09/26 12:42:05.249, P3, 2535, 7001, 25.20, 0, 0x0000000000000000
2026/09/26 12:42:05.312, P3, 2535, 7001, 25.20, 0, 0x0000000000000000
2026/09/26 12:42:05.375, P3, 2535, 7001, 25.20, 0, 0x0000000000000000
2026/09/26 12:42:05.428, P3, 2535, 7001, 25.20, 0, 0x0000000000000000
2026/09/26 12:42:05.483, P3, 2535, 7001, 25.20, 0, 0x0000000000000000
2026/09/26 12:42:05.547, P3, 2535, 7001, 25.20, 0, 0x0000000000000000
2026/09/26 12:42:05.601, P3, 2535, 7001, 25.20, 0, 0x0000000000000000
2026/09/26 12:42:05.667, P3, 2535, 7001, 25.20, 0, 0x0000000000000000
2026/09/26 12:42:05.732, P3, 555, 7001, 19.46, 0, 0x0000000000000000
2026/09/26 12:42:05.795, P3, 555, 7001, 19.46, 0, 0x0000000000000000
2026/09/26 12:42:05.858, P3, 555, 7001, 19.46, 0, 0x0000000000000000
2026/09/26 12:42:05.921, P3, 555, 7001, 19.46, 0, 0x0000000000000000
2026/09/26 12:42:05.984, P3, 555, 7001, 19.46, 0, 0x0000000000000000
2026/09/26 12:42:06.050, P3, 555, 7001, 19.46, 0, 0x0000000000000000
2026/09/26 12:42:06.101, P3, 555, 7001, 19.46, 0, 0x0000000000000000
2026/09/26 12:42:06.152, P3, 555, 7001, 19.46, 0, 0x0000000000000000
2026/09/26 12:42:06.218, P1, 2737, 14001, 29.82, 54, 0x0000000000000000
2026/09/26 12:42:06.268, P1, 2737, 14001, 29.82, 54, 0x0000000000000000
2026/09/26 12:42:06.319, P1, 2737, 14001, 29.82, 54, 0x0000000000000000
2026/09/26 12:42:06.374, P1, 2737, 14001, 29.82, 54, 0x0000000000000000
2026/09/26 12:42:06.434, P1, 2737, 14001, 29.82, 54, 0x0000000000000000
2026/09/26 12:42:06.485, P1, 2737, 14001, 29.82, 54, 0x0000000000000000
2026/09/26 12:42:06.535, P1, 2737, 14001, 29.82, 54, 0x0000000000000000
2026/09/26 12:42:06.586, P1, 2737, 14001, 29.82, 54, 0x0000000000000000
2026/09/26 12:42:06.652, P1, 2737, 14001, 29.82, 54, 0x0000000000000000
2026/09/26 12:42:06.703, P0, 2955, 14201, 51.32, 8, 0x0000000000000000
2026/09/26 12:42:06.753, P0, 2955, 14201, 51.32, 8, 0x0000000000000000
2026/09/26 12:42:06.818, P0, 2955, 14201, 51.32, 8, 0x0000000000000000
2026/09/26 12:42:06.869, P0, 2955, 14201, 51.32, 8, 0x0000000000000000
2026/09/26 12:42:06.920, P0, 2955, 14201, 51.32, 8, 0x0000000000000000
2026/09/26 12:42:06.974, P0, 2955, 14201, 51.32, 8, 0x0000000000000000
2026/09/26 12:42:07.036, P0, 2955, 14201, 51.32, 8, 0x0000000000000000
2026/09/26 12:42:07.086, P0, 2955, 14201, 51.32, 8, 0x0000000000000000
2026/09/26 12:42:07.137, P0, 2955, 14201, 51.32, 8, 0x0000000000000000
2026/09/26 12:42:07.189, P1, 2955, 14001, 52.15, 55, 0x0000000000000000
2026/09/26 12:42:07.253, P1, 2955, 14001, 52.15, 55, 0x0000000000000000
2026/09/26 12:42:07.318, P1, 2955, 14001, 52.15, 55, 0x0000000000000000
2026/09/26 12:42:07.369, P1, 2955, 14001, 52.15, 55, 0x0000000000000000
2026/09/26 12:42:07.420, P1, 2955, 14001, 52.15, 55, 0x0000000000000000
2026/09/26 12:42:07.470, P1, 2955, 14001, 52.15, 55, 0x0000000000000000
2026/09/26 12:42:07.521, P1, 2955, 14001, 52.15, 55, 0x0000000000000000
2026/09/26 12:42:07.574, P1, 2955, 14001, 52.15, 55, 0x0000000000000000
2026/09/26 12:42:07.636, P1, 2955, 14001, 52.15, 55, 0x0000000000000000
2026/09/26 12:42:07.687, P0, 2955, 14201, 54.34, 28, 0x0000000000000000
2026/09/26 12:42:07.753, P0, 2955, 14201, 54.34, 28, 0x0000000000000000
2026/09/26 12:42:07.804, P0, 2955, 14201, 54.34, 28, 0x0000000000000000
2026/09/26 12:42:07.869, P0, 2955, 14201, 54.34, 28, 0x0000000000000000
2026/09/26 12:42:07.920, P0, 2955, 14201, 54.34, 28, 0x0000000000000000
2026/09/26 12:42:07.970, P0, 2955, 14201, 54.34, 28, 0x0000000000000000
2026/09/26 12:42:08.021, P0, 2955, 14201, 54.34, 28, 0x0000000000000000
2026/09/26 12:42:08.071, P0, 2955, 14201, 54.34, 28, 0x0000000000000000
2026/09/26 12:42:08.136, P0, 2955, 14201, 54.34, 28, 0x0000000000000000
2026/09/26 12:42:08.187, P0, 2955, 14201, 51.67, 0, 0x0000000000000000
2026/09/26 12:42:08.252, P0, 2955, 14201, 51.67, 0, 0x0000000000000000
2026/09/26 12:42:08.316, P0, 2955, 14201, 51.67, 0, 0x0000000000000000
2026/09/26 12:42:08.379, P0, 2955, 14201, 51.67, 0, 0x0000000000000000
2026/09/26 12:42:08.442, P0, 2955, 14201, 51.67, 0, 0x0000000000000000
2026/09/26 12:42:08.505, P0, 2955, 14201, 51.67, 0, 0x0000000000000000
2026/09/26 12:42:08.568, P0, 2955, 14201, 51.67, 0, 0x0000000000000000
2026/09/26 12:42:08.620, P0, 2955, 14201, 51.67, 0, 0x0000000000000000
2026/09/26 12:42:08.685, P0, 2955, 14201, 38.87, 0, 0x0000000000000000
2026/09/26 12:42:08.749, P0, 2955, 14201, 38.87, 0, 0x0000000000000000
2026/09/26 12:42:08.811, P0, 2955, 14201, 38.87, 0, 0x0000000000000000
2026/09/26 12:42:08.875, P0, 2955, 14201, 38.87, 0, 0x0000000000000000
2026/09/26 12:42:08.938, P0, 2955, 14201, 38.87, 0, 0x0000000000000000
2026/09/26 12:42:09.002, P0, 2955, 14201, 38.87, 0, 0x0000000000000000
2026/09/26 12:42:09.054, P0, 2955, 14201, 38.87, 0, 0x0000000000000000
2026/09/26 12:42:09.105, P0, 2955, 14201, 38.87, 0, 0x0000000000000000
2026/09/26 12:42:09.155, P0, 2955, 14201, 38.87, 0, 0x0000000000000000
2026/09/26 12:42:09.205, P0, 2955, 14201, 36.39, 0, 0x0000000000000000
2026/09/26 12:42:09.271, P0, 2955, 14201, 36.39, 0, 0x0000000000000000
2026/09/26 12:42:09.337, P0, 2955, 14201, 36.39, 0, 0x0000000000000000
2026/09/26 12:42:09.388, P0, 2955, 14201, 36.39, 0, 0x0000000000000000
2026/09/26 12:42:09.439, P0, 2955, 14201, 36.39, 0, 0x0000000000000000
2026/09/26 12:42:09.504, P0, 2955, 14201, 36.39, 0, 0x0000000000000000
2026/09/26 12:42:09.554, P0, 2955, 14201, 36.39, 0, 0x0000000000000000
2026/09/26 12:42:09.605, P0, 2955, 14201, 36.39, 0, 0x0000000000000000
2026/09/26 12:42:09.655, P0, 2955, 14201, 36.39, 0, 0x0000000000000000
2026/09/26 12:42:09.707, P0, 2782, 14201, 33.88, 0, 0x0000000000000000
2026/09/26 12:42:09.771, P0, 2782, 14201, 33.88, 0, 0x0000000000000000
2026/09/26 12:42:09.821, P0, 2782, 14201, 33.88, 0, 0x0000000000000000
2026/09/26 12:42:09.872, P0, 2782, 14201, 33.88, 0, 0x0000000000000000
2026/09/26 12:42:09.922, P0, 2782, 14201, 33.88, 0, 0x0000000000000000
2026/09/26 12:42:09.972, P0, 2782, 14201, 33.88, 0, 0x0000000000000000
2026/09/26 12:42:10.038, P0, 2782, 14201, 33.88, 0, 0x0000000000000000
2026/09/26 12:42:10.089, P0, 2782, 14201, 33.88, 0, 0x0000000000000000
2026/09/26 12:42:10.155, P0, 2782, 14201, 33.88, 0, 0x0000000000000000
2026/09/26 12:42:10.206, P3, 2535, 7001, 27.58, 0, 0x0000000000000000
2026/09/26 12:42:10.273, P3, 2535, 7001, 27.58, 0, 0x0000000000000000
2026/09/26 12:42:10.338, P3, 2535, 7001, 27.58, 0, 0x0000000000000000
2026/09/26 12:42:10.389, P3, 2535, 7001, 27.58, 0, 0x0000000000000000
2026/09/26 12:42:10.439, P3, 2535, 7001, 27.58, 0, 0x0000000000000000
2026/09/26 12:42:10.490, P3, 2535, 7001, 27.58, 0, 0x0000000000000000
2026/09/26 12:42:10.556, P3, 2535, 7001, 27.58, 0, 0x0000000000000000
2026/09/26 12:42:10.606, P3, 2535, 7001, 27.58, 0, 0x0000000000000000
2026/09/26 12:42:10.657, P3, 2535, 7001, 27.58, 0, 0x0000000000000000
2026/09/26 12:42:10.723, P3, 735, 7001, 20.18, 0, 0x0000000000000000
2026/09/26 12:42:10.773, P3, 735, 7001, 20.18, 0, 0x0000000000000000
2026/09/26 12:42:10.828, P3, 735, 7001, 20.18, 0, 0x0000000000000000
2026/09/26 12:42:10.889, P3, 735, 7001, 20.18, 0, 0x0000000000000000
2026/09/26 12:42:10.939, P3, 735, 7001, 20.18, 0, 0x0000000000000000
2026/09/26 12:42:10.989, P3, 735, 7001, 20.18, 0, 0x0000000000000000
2026/09/26 12:42:11.040, P3, 735, 7001, 20.18, 0, 0x0000000000000000
2026/09/26 12:42:11.090, P3, 735, 7001, 20.18, 0, 0x0000000000000000
2026/09/26 12:42:11.156, P3, 735, 7001, 20.18, 0, 0x0000000000000000
2026/09/26 12:42:11.221, P0, 1342, 14201, 20.86, 8, 0x0000000000000000
2026/09/26 12:42:11.273, P0, 1342, 14201, 20.86, 8, 0x0000000000000000
2026/09/26 12:42:11.339, P0, 1342, 14201, 20.86, 8, 0x0000000000000000
2026/09/26 12:42:11.402, P0, 1342, 14201, 20.86, 8, 0x0000000000000000
2026/09/26 12:42:11.464, P0, 1342, 14201, 20.86, 8, 0x0000000000000000
2026/09/26 12:42:11.527, P0, 1342, 14201, 20.86, 8, 0x0000000000000000
2026/09/26 12:42:11.590, P0, 1342, 14201, 20.86, 8, 0x0000000000000000
2026/09/26 12:42:11.640, P0, 1342, 14201, 20.86, 8, 0x0000000000000000
2026/09/26 12:42:11.691, P1, 2775, 14001, 34.96, 37, 0x0000000000000000
2026/09/26 12:42:11.757, P1, 2775, 14001, 34.96, 37, 0x0000000000000000
2026/09/26 12:42:11.807, P1, 2775, 14001, 34.96, 37, 0x0000000000000000
2026/09/26 12:42:11.872, P1, 2775, 14001, 34.96, 37, 0x0000000000000000
2026/09/26 12:42:11.925, P1, 2775, 14001, 34.96, 37, 0x0000000000000000
2026/09/26 12:42:11.988, P1, 2775, 14001, 34.96, 37, 0x0000000000000000
2026/09/26 12:42:12.051, P1, 2775, 14001, 34.96, 37, 0x0000000000000000
2026/09/26 12:42:12.107, P1, 2775, 14001, 34.96, 37, 0x0000000000000000
2026/09/26 12:42:12.158, P1, 2775, 14001, 34.96, 37, 0x0000000000000000
2026/09/26 12:42:12.224, P0, 2955, 14201, 52.06, 49, 0x0000000000000000
2026/09/26 12:42:12.274, P0, 2955, 14201, 52.06, 49, 0x0000000000000000
2026/09/26 12:42:12.324, P0, 2955, 14201, 52.06, 49, 0x0000000000000000
2026/09/26 12:42:12.374, P0, 2955, 14201, 52.06, 49, 0x0000000000000000
2026/09/26 12:42:12.425, P0, 2955, 14201, 52.06, 49, 0x0000000000000000
2026/09/26 12:42:12.478, P0, 2955, 14201, 52.06, 49, 0x0000000000000000
2026/09/26 12:42:12.541, P0, 2955, 14201, 52.06, 49, 0x0000000000000000
2026/09/26 12:42:12.591, P0, 2955, 14201, 52.06, 49, 0x0000000000000000
2026/09/26 12:42:12.642, P0, 2955, 14201, 52.06, 49, 0x0000000000000000
2026/09/26 12:42:12.708, P0, 2955, 14201, 50.96, 0, 0x0000000000000000
2026/09/26 12:42:12.759, P0, 2955, 14201, 50.96, 0, 0x0000000000000000
2026/09/26 12:42:12.824, P0, 2955, 14201, 50.96, 0, 0x0000000000000000
2026/09/26 12:42:12.875, P0, 2955, 14201, 50.96, 0, 0x0000000000000000
2026/09/26 12:42:12.941, P0, 2955, 14201, 50.96, 0, 0x0000000000000000
2026/09/26 12:42:12.992, P0, 2955, 14201, 50.96, 0, 0x0000000000000000
2026/09/26 12:42:13.045, P0, 2955, 14201, 50.96, 0, 0x0000000000000000
2026/09/26 12:42:13.108, P0, 2955, 14201, 50.96, 0, 0x0000000000000000
2026/09/26 12:42:13.175, P0, 2955, 14201, 50.96, 0, 0x0000000000000000
2026/09/26 12:42:13.225, P0, 2955, 14201, 36.89, 0, 0x0000000000000000
2026/09/26 12:42:13.275, P0, 2955, 14201, 36.89, 0, 0x0000000000000000
2026/09/26 12:42:13.326, P0, 2955, 14201, 36.89, 0, 0x0000000000000000
2026/09/26 12:42:13.377, P0, 2955, 14201, 36.89, 0, 0x0000000000000000
2026/09/26 12:42:13.442, P0, 2955, 14201, 36.89, 0, 0x0000000000000000
2026/09/26 12:42:13.492, P0, 2955, 14201, 36.89, 0, 0x0000000000000000
2026/09/26 12:42:13.543, P0, 2955, 14201, 36.89, 0, 0x0000000000000000
2026/09/26 12:42:13.609, P0, 2955, 14201, 36.89, 0, 0x0000000000000000
2026/09/26 12:42:13.660, P0, 2955, 14201, 36.89, 0, 0x0000000000000000
2026/09/26 12:42:13.725, P0, 2955, 14201, 36.51, 0, 0x0000000000000000
2026/09/26 12:42:13.776, P0, 2955, 14201, 36.51, 0, 0x0000000000000000
2026/09/26 12:42:13.842, P0, 2955, 14201, 36.51, 0, 0x0000000000000000
2026/09/26 12:42:13.893, P0, 2955, 14201, 36.51, 0, 0x0000000000000000
2026/09/26 12:42:13.959, P0, 2955, 14201, 36.51, 0, 0x0000000000000000
2026/09/26 12:42:14.009, P0, 2955, 14201, 36.51, 0, 0x0000000000000000
2026/09/26 12:42:14.059, P0, 2955, 14201, 36.51, 0, 0x0000000000000000
2026/09/26 12:42:14.110, P0, 2955, 14201, 36.51, 0, 0x0000000000000000
2026/09/26 12:42:14.176, P0, 2955, 14201, 36.51, 0, 0x0000000000000000
2026/09/26 12:42:14.242, P3, 2947, 7001, 33.63, 0, 0x0000000000000000
2026/09/26 12:42:14.306, P3, 2947, 7001, 33.63, 0, 0x0000000000000000
2026/09/26 12:42:14.369, P3, 2947, 7001, 33.63, 0, 0x0000000000000000
2026/09/26 12:42:14.433, P3, 2947, 7001, 33.63, 0, 0x0000000000000000
2026/09/26 12:42:14.493, P3, 2947, 7001, 33.63, 0, 0x0000000000000000
2026/09/26 12:42:14.556, P3, 2947, 7001, 33.63, 0, 0x0000000000000000
2026/09/26 12:42:14.610, P3, 2947, 7001, 33.63, 0, 0x0000000000000000
2026/09/26 12:42:14.676, P3, 2947, 7001, 33.63, 0, 0x0000000000000000
2026/09/26 12:42:14.739, P3, 547, 7001, 22.65, 0, 0x0000000000000000
2026/09/26 12:42:14.801, P3, 547, 7001, 22.65, 0, 0x0000000000000000
2026/09/26 12:42:14.865, P3, 547, 7001, 22.65, 0, 0x0000000000000000
2026/09/26 12:42:14.928, P3, 547, 7001, 22.65, 0, 0x0000000000000000
2026/09/26 12:42:14.993, P3, 547, 7001, 22.65, 0, 0x0000000000000000
2026/09/26 12:42:15.058, P3, 547, 7001, 22.65, 0, 0x0000000000000000
2026/09/26 12:42:15.109, P3, 547, 7001, 22.65, 0, 0x0000000000000000
2026/09/26 12:42:15.160, P3, 547, 7001, 22.65, 0, 0x0000000000000000
2026/09/26 12:42:15.211, P3, 435, 7001, 15.11, 0, 0x0000000000000000
2026/09/26 12:42:15.277, P3, 435, 7001, 15.11, 0, 0x0000000000000000
2026/09/26 12:42:15.327, P3, 435, 7001, 15.11, 0, 0x0000000000000000
2026/09/26 12:42:15.378, P3, 435, 7001, 15.11, 0, 0x0000000000000000
2026/09/26 12:42:15.445, P3, 435, 7001, 15.11, 0, 0x0000000000000000
2026/09/26 12:42:15.509, P3, 435, 7001, 15.11, 0, 0x0000000000000000
2026/09/26 12:42:15.560, P3, 435, 7001, 15.11, 0, 0x0000000000000000
2026/09/26 12:42:15.610, P3, 435, 7001, 15.11, 0, 0x0000000000000000
2026/09/26 12:42:15.661, P3, 435, 7001, 15.11, 0, 0x0000000000000000
2026/09/26 12:42:15.712, P0, 1920, 14201, 24.23, 15, 0x0000000000000000
2026/09/26 12:42:15.762, P0, 1920, 14201, 24.23, 15, 0x0000000000000000
2026/09/26 12:42:15.812, P0, 1920, 14201, 24.23, 15, 0x0000000000000000
2026/09/26 12:42:15.878, P0, 1920, 14201, 24.23, 15, 0x0000000000000000
2026/09/26 12:42:15.929, P0, 1920, 14201, 24.23, 15, 0x0000000000000000
2026/09/26 12:42:15.994, P0, 1920, 14201, 24.23, 15, 0x0000000000000000
2026/09/26 12:42:16.045, P0, 1920, 14201, 24.23, 15, 0x0000000000000000
2026/09/26 12:42:16.111, P0, 1920, 14201, 24.23, 15, 0x0000000000000000
2026/09/26 12:42:16.161, P0, 1920, 14201, 24.23, 15, 0x0000000000000000
2026/09/26 12:42:16.212, P0, 2647, 14201, 32.80, 5, 0x0000000000000000
2026/09/26 12:42:16.278, P0, 2647, 14201, 32.80, 5, 0x0000000000000000
2026/09/26 12:42:16.328, P0, 2647, 14201, 32.80, 5, 0x0000000000000000
2026/09/26 12:42:16.378, P0, 2647, 14201, 32.80, 5, 0x0000000000000000
2026/09/26 12:42:16.429, P0, 2647, 14201, 32.80, 5, 0x0000000000000000
2026/09/26 12:42:16.495, P0, 2647, 14201, 32.80, 5, 0x0000000000000000
2026/09/26 12:42:16.545, P0, 2647, 14201, 32.80, 5, 0x0000000000000000
2026/09/26 12:42:16.596, P0, 2647, 14201, 32.80, 5, 0x0000000000000000
2026/09/26 12:42:16.662, P0, 2647, 14201, 32.80, 5, 0x0000000000000000
2026/09/26 12:42:16.712, P0, 2722, 14201, 34.73, 0, 0x0000000000000000
2026/09/26 12:42:16.763, P0, 2722, 14201, 34.73, 0, 0x0000000000000000
2026/09/26 12:42:16.829, P0, 2722, 14201, 34.73, 0, 0x0000000000000000
2026/09/26 12:42:16.879, P0, 2722, 14201, 34.73, 0, 0x0000000000000000
2026/09/26 12:42:16.930, P0, 2722, 14201, 34.73, 0, 0x0000000000000000
2026/09/26 12:42:16.995, P0, 2722, 14201, 34.73, 0, 0x0000000000000000
2026/09/26 12:42:17.062, P0, 2722, 14201, 34.73, 0, 0x0000000000000000
2026/09/26 12:42:17.112, P0, 2722, 14201, 34.73, 0, 0x0000000000000000
2026/09/26 12:42:17.163, P0, 2722, 14201, 34.73, 0, 0x0000000000000000
2026/09/26 12:42:17.228, P0, 2535, 14201, 31.17, 0, 0x0000000000000000
2026/09/26 12:42:17.292, P0, 2535, 14201, 31.17, 0, 0x0000000000000000
2026/09/26 12:42:17.356, P0, 2535, 14201, 31.17, 0, 0x0000000000000000
2026/09/26 12:42:17.423, P0, 2535, 14201, 31.17, 0, 0x0000000000000000
2026/09/26 12:42:17.488, P0, 2535, 14201, 31.17, 0, 0x0000000000000000
2026/09/26 12:42:17.551, P0, 2535, 14201, 31.17, 0, 0x0000000000000000
2026/09/26 12:42:17.613, P0, 2535, 14201, 31.17, 0, 0x0000000000000000
2026/09/26 12:42:17.663, P0, 2535, 14201, 31.17, 0, 0x0000000000000000
2026/09/26 12:42:17.727, P0, 2505, 14201, 26.62, 0, 0x0000000000000000
2026/09/26 12:42:17.790, P0, 2505, 14201, 26.62, 0, 0x0000000000000000
2026/09/26 12:42:17.853, P0, 2505, 14201, 26.62, 0, 0x0000000000000000
2026/09/26 12:42:17.916, P0, 2505, 14201, 26.62, 0, 0x0000000000000000
2026/09/26 12:42:17.980, P0, 2505, 14201, 26.62, 0, 0x0000000000000000
2026/09/26 12:42:18.043, P0, 2505, 14201, 26.62, 0, 0x0000000000000000
2026/09/26 12:42:18.097, P0, 2505, 14201, 26.62, 0, 0x0000000000000000
2026/09/26 12:42:18.148, P0, 2505, 14201, 26.62, 0, 0x0000000000000000
2026/09/26 12:42:18.213, P0, 2505, 14201, 26.31, 0, 0x0000000000000000
2026/09/26 12:42:18.264, P0, 2505, 14201, 26.31, 0, 0x0000000000000000
2026/09/26 12:42:18.330, P0, 2505, 14201, 26.31, 0, 0x0000000000000000
2026/09/26 12:42:18.381, P0, 2505, 14201, 26.31, 0, 0x0000000000000000
2026/09/26 12:42:18.447, P0, 2505, 14201, 26.31, 0, 0x0000000000000000
2026/09/26 12:42:18.498, P0, 2505, 14201, 26.31, 0, 0x0000000000000000
2026/09/26 12:42:18.550, P0, 2505, 14201, 26.31, 0, 0x0000000000000000
2026/09/26 12:42:18.614, P0, 2505, 14201, 26.31, 0, 0x0000000000000000
2026/09/26 12:42:18.665, P0, 2505, 14201, 26.31, 0, 0x0000000000000000
2026/09/26 12:42:18.722, P0, 2535, 14201, 26.45, 0, 0x0000000000000000
2026/09/26 12:42:18.780, P0, 2535, 14201, 26.45, 0, 0x0000000000000000
2026/09/26 12:42:18.831, P0, 2535, 14201, 26.45, 0, 0x0000000000000000
2026/09/26 12:42:18.897, P0, 2535, 14201, 26.45, 0, 0x0000000000000000
2026/09/26 12:42:18.948, P0, 2535, 14201, 26.45, 0, 0x0000000000000000
2026/09/26 12:42:19.014, P0, 2535, 14201, 26.45, 0, 0x0000000000000000
2026/09/26 12:42:19.064, P0, 2535, 14201, 26.45, 0, 0x0000000000000000
2026/09/26 12:42:19.114, P0, 2535, 14201, 26.45, 0, 0x0000000000000000
2026/09/26 12:42:19.181, P3, 2535, 7001, 25.40, 0, 0x0000000000000000
2026/09/26 12:42:19.232, P3, 2535, 7001, 25.40, 0, 0x0000000000000000
2026/09/26 12:42:19.298, P3, 2535, 7001, 25.40, 0, 0x0000000000000000
2026/09/26 12:42:19.348, P3, 2535, 7001, 25.40, 0, 0x0000000000000000
2026/09/26 12:42:19.398, P3, 2535, 7001, 25.40, 0, 0x0000000000000000
2026/09/26 12:42:19.449, P3, 2535, 7001, 25.40, 0, 0x0000000000000000
2026/09/26 12:42:19.502, P3, 2535, 7001, 25.40, 0, 0x0000000000000000
2026/09/26 12:42:19.565, P3, 2535, 7001, 25.40, 0, 0x0000000000000000
2026/09/26 12:42:19.616, P3, 2535, 7001, 25.40, 0, 0x0000000000000000
2026/09/26 12:42:19.666, P3, 2535, 7001, 25.40, 0, 0x0000000000000000
2026/09/26 12:42:19.731, P0, 780, 14201, 22.08, 9, 0x0000000000000000
2026/09/26 12:42:19.782, P0, 780, 14201, 22.08, 9, 0x0000000000000000
2026/09/26 12:42:19.832, P0, 780, 14201, 22.08, 9, 0x0000000000000000
2026/09/26 12:42:19.882, P0, 780, 14201, 22.08, 9, 0x0000000000000000
2026/09/26 12:42:19.933, P0, 780, 14201, 22.08, 9, 0x0000000000000000
2026/09/26 12:42:19.998, P0, 780, 14201, 22.08, 9, 0x0000000000000000
2026/09/26 12:42:20.049, P0, 780, 14201, 22.08, 9, 0x0000000000000000
2026/09/26 12:42:20.115, P0, 780, 14201, 22.08, 9, 0x0000000000000000
2026/09/26 12:42:20.165, P0, 780, 14201, 22.08, 9, 0x0000000000000000
2026/09/26 12:42:20.231, P1, 2880, 14001, 35.29, 49, 0x0000000000000000
2026/09/26 12:42:20.282, P1, 2880, 14001, 35.29, 49, 0x0000000000000000
2026/09/26 12:42:20.347, P1, 2880, 14001, 35.29, 49, 0x0000000000000000
2026/09/26 12:42:20.410, P1, 2880, 14001, 35.29, 49, 0x0000000000000000
2026/09/26 12:42:20.473, P1, 2880, 14001, 35.29, 49, 0x0000000000000000
2026/09/26 12:42:20.537, P1, 2880, 14001, 35.29, 49, 0x0000000000000000
2026/09/26 12:42:20.599, P1, 2880, 14001, 35.29, 49, 0x0000000000000000
2026/09/26 12:42:20.650, P1, 2880, 14001, 35.29, 49, 0x0000000000000000
2026/09/26 12:42:20.716, P0, 2955, 14201, 52.37, 0, 0x0000000000000000
2026/09/26 12:42:20.780, P0, 2955, 14201, 52.37, 0, 0x0000000000000000
2026/09/26 12:42:20.832, P0, 2955, 14201, 52.37, 0, 0x0000000000000000
2026/09/26 12:42:20.898, P0, 2955, 14201, 52.37, 0, 0x0000000000000000
2026/09/26 12:42:20.960, P0, 2955, 14201, 52.37, 0, 0x0000000000000000
2026/09/26 12:42:21.024, P0, 2955, 14201, 52.37, 0, 0x0000000000000000
2026/09/26 12:42:21.076, P0, 2955, 14201, 52.37, 0, 0x0000000000000000
2026/09/26 12:42:21.133, P0, 2955, 14201, 52.37, 0, 0x0000000000000000
2026/09/26 12:42:21.183, P0, 2955, 14201, 45.40, 0, 0x0000000000000000
2026/09/26 12:42:21.233, P0, 2955, 14201, 45.40, 0, 0x0000000000000000
2026/09/26 12:42:21.284, P0, 2955, 14201, 45.40, 0, 0x0000000000000000
2026/09/26 12:42:21.335, P0, 2955, 14201, 45.40, 0, 0x0000000000000000
2026/09/26 12:42:21.391, P0, 2955, 14201, 45.40, 0, 0x0000000000000000
2026/09/26 12:42:21.447, P0, 2955, 14201, 45.40, 0, 0x0000000000000000
2026/09/26 12:42:21.500, P0, 2955, 14201, 45.40, 0, 0x0000000000000000
2026/09/26 12:42:21.550, P0, 2955, 14201, 45.40, 0, 0x0000000000000000
2026/09/26 12:42:21.601, P0, 2955, 14201, 45.40, 0, 0x0000000000000000
2026/09/26 12:42:21.666, P0, 2955, 14201, 45.40, 0, 0x0000000000000000
2026/09/26 12:42:21.717, P0, 2955, 14201, 36.68, 0, 0x0000000000000000
2026/09/26 12:42:21.768, P0, 2955, 14201, 36.68, 0, 0x0000000000000000
2026/09/26 12:42:21.833, P0, 2955, 14201, 36.68, 0, 0x0000000000000000
2026/09/26 12:42:21.883, P0, 2955, 14201, 36.68, 0, 0x0000000000000000
2026/09/26 12:42:21.934, P0, 2955, 14201, 36.68, 0, 0x0000000000000000
2026/09/26 12:42:21.985, P0, 2955, 14201, 36.68, 0, 0x0000000000000000
2026/09/26 12:42:22.051, P0, 2955, 14201, 36.68, 0, 0x0000000000000000
2026/09/26 12:42:22.102, P0, 2955, 14201, 36.68, 0, 0x0000000000000000
2026/09/26 12:42:22.167, P0, 2955, 14201, 36.68, 0, 0x0000000000000000
2026/09/26 12:42:22.218, P3, 2947, 7001, 33.38, 0, 0x0000000000000000
2026/09/26 12:42:22.269, P3, 2947, 7001, 33.38, 0, 0x0000000000000000
2026/09/26 12:42:22.334, P3, 2947, 7001, 33.38, 0, 0x0000000000000000
2026/09/26 12:42:22.386, P3, 2947, 7001, 33.38, 0, 0x0000000000000000
2026/09/26 12:42:22.451, P3, 2947, 7001, 33.38, 0, 0x0000000000000000
2026/09/26 12:42:22.501, P3, 2947, 7001, 33.38, 0, 0x0000000000000000
2026/09/26 12:42:22.551, P3, 2947, 7001, 33.38, 0, 0x0000000000000000
2026/09/26 12:42:22.602, P3, 2947, 7001, 33.38, 0, 0x0000000000000000
2026/09/26 12:42:22.668, P3, 2947, 7001, 33.38, 0, 0x0000000000000000
2026/09/26 12:42:22.718, P3, 982, 7001, 24.47, 0, 0x0000000000000000
2026/09/26 12:42:22.769, P3, 982, 7001, 24.47, 0, 0x0000000000000000
2026/09/26 12:42:22.835, P3, 982, 7001, 24.47, 0, 0x0000000000000000
2026/09/26 12:42:22.885, P3, 982, 7001, 24.47, 0, 0x0000000000000000
2026/09/26 12:42:22.936, P3, 982, 7001, 24.47, 0, 0x0000000000000000
2026/09/26 12:42:23.001, P3, 982, 7001, 24.47, 0, 0x0000000000000000
2026/09/26 12:42:23.051, P3, 982, 7001, 24.47, 0, 0x0000000000000000
2026/09/26 12:42:23.102, P3, 982, 7001, 24.47, 0, 0x0000000000000000
2026/09/26 12:42:23.153, P3, 982, 7001, 24.47, 0, 0x0000000000000000
2026/09/26 12:42:23.218, P3, 832, 7001, 16.28, 0, 0x0000000000000000
2026/09/26 12:42:23.281, P3, 832, 7001, 16.28, 0, 0x0000000000000000
2026/09/26 12:42:23.345, P3, 832, 7001, 16.28, 0, 0x0000000000000000
2026/09/26 12:42:23.407, P3, 832, 7001, 16.28, 0, 0x0000000000000000
2026/09/26 12:42:23.469, P3, 832, 7001, 16.28, 0, 0x0000000000000000
2026/09/26 12:42:23.534, P3, 832, 7001, 16.28, 0, 0x0000000000000000
2026/09/26 12:42:23.585, P3, 832, 7001, 16.28, 0, 0x0000000000000000
2026/09/26 12:42:23.636, P3, 832, 7001, 16.28, 0, 0x0000000000000000
2026/09/26 12:42:23.700, P0, 555, 14201, 17.53, 8, 0x0000000000000000
2026/09/26 12:42:23.763, P0, 555, 14201, 17.53, 8, 0x0000000000000000
2026/09/26 12:42:23.825, P0, 555, 14201, 17.53, 8, 0x0000000000000000
2026/09/26 12:42:23.889, P0, 555, 14201, 17.53, 8, 0x0000000000000000
2026/09/26 12:42:23.953, P0, 555, 14201, 17.53, 8, 0x0000000000000000
2026/09/26 12:42:24.003, P0, 555, 14201, 17.53, 8, 0x0000000000000000
2026/09/26 12:42:24.067, P0, 555, 14201, 17.53, 8, 0x0000000000000000
2026/09/26 12:42:24.119, P0, 555, 14201, 17.53, 8, 0x0000000000000000
2026/09/26 12:42:24.169, P0, 555, 14201, 17.53, 8, 0x0000000000000000
2026/09/26 12:42:24.220, P1, 2767, 14001, 33.77, 48, 0x0000000000000000
2026/09/26 12:42:24.270, P1, 2767, 14001, 33.77, 48, 0x0000000000000000
2026/09/26 12:42:24.320, P1, 2767, 14001, 33.77, 48, 0x0000000000000000
2026/09/26 12:42:24.386, P1, 2767, 14001, 33.77, 48, 0x0000000000000000
2026/09/26 12:42:24.437, P1, 2767, 14001, 33.77, 48, 0x0000000000000000
2026/09/26 12:42:24.487, P1, 2767, 14001, 33.77, 48, 0x0000000000000000
2026/09/26 12:42:24.542, P1, 2767, 14001, 33.77, 48, 0x0000000000000000
2026/09/26 12:42:24.595, P1, 2767, 14001, 33.77, 48, 0x0000000000000000
2026/09/26 12:42:24.653, P1, 2767, 14001, 33.77, 48, 0x0000000000000000
2026/09/26 12:42:24.704, P0, 2955, 14201, 50.79, 10, 0x0000000000000000
2026/09/26 12:42:24.770, P0, 2955, 14201, 50.79, 10, 0x0000000000000000
2026/09/26 12:42:24.821, P0, 2955, 14201, 50.79, 10, 0x0000000000000000
2026/09/26 12:42:24.871, P0, 2955, 14201, 50.79, 10, 0x0000000000000000
2026/09/26 12:42:24.937, P0, 2955, 14201, 50.79, 10, 0x0000000000000000
2026/09/26 12:42:24.987, P0, 2955, 14201, 50.79, 10, 0x0000000000000000
2026/09/26 12:42:25.052, P0, 2955, 14201, 50.79, 10, 0x0000000000000000
2026/09/26 12:42:25.104, P0, 2955, 14201, 50.79, 10, 0x0000000000000000
2026/09/26 12:42:25.155, P0, 2955, 14201, 50.79, 10, 0x0000000000000000
2026/09/26 12:42:25.220, P1, 2955, 14001, 50.75, 19, 0x0000000000000000
2026/09/26 12:42:25.271, P1, 2955, 14001, 50.75, 19, 0x0000000000000000
2026/09/26 12:42:25.321, P1, 2955, 14001, 50.75, 19, 0x0000000000000000
2026/09/26 12:42:25.387, P1, 2955, 14001, 50.75, 19, 0x0000000000000000
2026/09/26 12:42:25.438, P1, 2955, 14001, 50.75, 19, 0x0000000000000000
2026/09/26 12:42:25.488, P1, 2955, 14001, 50.75, 19, 0x0000000000000000
2026/09/26 12:42:25.538, P1, 2955, 14001, 50.75, 19, 0x0000000000000000
2026/09/26 12:42:25.593, P1, 2955, 14001, 50.75, 19, 0x0000000000000000
2026/09/26 12:42:25.654, P1, 2955, 14001, 50.75, 19, 0x0000000000000000
2026/09/26 12:42:25.705, P1, 2955, 14001, 46.84, 41, 0x0000000000000000
2026/09/26 12:42:25.755, P1, 2955, 14001, 46.84, 41, 0x0000000000000000
2026/09/26 12:42:25.821, P1, 2955, 14001, 46.84, 41, 0x0000000000000000
2026/09/26 12:42:25.871, P1, 2955, 14001, 46.84, 41, 0x0000000000000000
2026/09/26 12:42:25.922, P1, 2955, 14001, 46.84, 41, 0x0000000000000000
2026/09/26 12:42:25.988, P1, 2955, 14001, 46.84, 41, 0x0000000000000000
2026/09/26 12:42:26.055, P1, 2955, 14001, 46.84, 41, 0x0000000000000000
2026/09/26 12:42:26.105, P1, 2955, 14001, 46.84, 41, 0x0000000000000000
2026/09/26 12:42:26.170, P1, 2955, 14001, 46.84, 41, 0x0000000000000000
2026/09/26 12:42:26.221, P0, 2955, 14201, 54.86, 49, 0x0000000000000000
2026/09/26 12:42:26.286, P0, 2955, 14201, 54.86, 49, 0x0000000000000000
2026/09/26 12:42:26.351, P0, 2955, 14201, 54.86, 49, 0x0000000000000000
2026/09/26 12:42:26.414, P0, 2955, 14201, 54.86, 49, 0x0000000000000000
2026/09/26 12:42:26.477, P0, 2955, 14201, 54.86, 49, 0x0000000000000000
2026/09/26 12:42:26.540, P0, 2955, 14201, 54.86, 49, 0x0000000000000000
2026/09/26 12:42:26.605, P0, 2955, 14201, 54.86, 49, 0x0000000000000000
2026/09/26 12:42:26.656, P0, 2955, 14201, 54.86, 49, 0x0000000000000000
2026/09/26 12:42:26.721, P0, 2962, 14201, 49.70, 0, 0x0000000000000000
2026/09/26 12:42:26.787, P0, 2962, 14201, 49.70, 0, 0x0000000000000000
2026/09/26 12:42:26.851, P0, 2962, 14201, 49.70, 0, 0x0000000000000000
2026/09/26 12:42:26.914, P0, 2962, 14201, 49.70, 0, 0x0000000000000000
2026/09/26 12:42:26.977, P0, 2962, 14201, 49.70, 0, 0x0000000000000000
2026/09/26 12:42:27.040, P0, 2962, 14201, 49.70, 0, 0x0000000000000000
2026/09/26 12:42:27.090, P0, 2962, 14201, 49.70, 0, 0x0000000000000000
2026/09/26 12:42:27.140, P0, 2962, 14201, 49.70, 0, 0x0000000000000000
2026/09/26 12:42:27.205, P0, 2955, 14201, 37.31, 0, 0x0000000000000000
2026/09/26 12:42:27.256, P0, 2955, 14201, 37.31, 0, 0x0000000000000000
2026/09/26 12:42:27.306, P0, 2955, 14201, 37.31, 0, 0x0000000000000000
2026/09/26 12:42:27.357, P0, 2955, 14201, 37.31, 0, 0x0000000000000000
2026/09/26 12:42:27.423, P0, 2955, 14201, 37.31, 0, 0x0000000000000000
2026/09/26 12:42:27.474, P0, 2955, 14201, 37.31, 0, 0x0000000000000000
2026/09/26 12:42:27.525, P0, 2955, 14201, 37.31, 0, 0x0000000000000000
2026/09/26 12:42:27.579, P0, 2955, 14201, 37.31, 0, 0x0000000000000000
2026/09/26 12:42:27.639, P0, 2955, 14201, 37.31, 0, 0x0000000000000000
2026/09/26 12:42:27.690, P0, 2955, 14201, 36.88, 0, 0x0000000000000000
2026/09/26 12:42:27.741, P0, 2955, 14201, 36.88, 0, 0x0000000000000000
2026/09/26 12:42:27.806, P0, 2955, 14201, 36.88, 0, 0x0000000000000000
2026/09/26 12:42:27.856, P0, 2955, 14201, 36.88, 0, 0x0000000000000000
2026/09/26 12:42:27.907, P0, 2955, 14201, 36.88, 0, 0x0000000000000000
2026/09/26 12:42:27.957, P0, 2955, 14201, 36.88, 0, 0x0000000000000000
2026/09/26 12:42:28.008, P0, 2955, 14201, 36.88, 0, 0x0000000000000000
2026/09/26 12:42:28.073, P0, 2955, 14201, 36.88, 0, 0x0000000000000000
2026/09/26 12:42:28.124, P0, 2955, 14201, 36.88, 0, 0x0000000000000000
2026/09/26 12:42:28.190, P3, 2947, 7001, 33.62, 0, 0x0000000000000000
2026/09/26 12:42:28.240, P3, 2947, 7001, 33.62, 0, 0x0000000000000000
2026/09/26 12:42:28.291, P3, 2947, 7001, 33.62, 0, 0x0000000000000000
2026/09/26 12:42:28.358, P3, 2947, 7001, 33.62, 0, 0x0000000000000000
2026/09/26 12:42:28.423, P3, 2947, 7001, 33.62, 0, 0x0000000000000000
2026/09/26 12:42:28.474, P3, 2947, 7001, 33.62, 0, 0x0000000000000000
2026/09/26 12:42:28.524, P3, 2947, 7001, 33.62, 0, 0x0000000000000000
2026/09/26 12:42:28.575, P3, 2947, 7001, 33.62, 0, 0x0000000000000000
2026/09/26 12:42:28.641, P3, 2947, 7001, 33.62, 0, 0x0000000000000000
2026/09/26 12:42:28.692, P3, 705, 7001, 23.38, 0, 0x0000000000000000
2026/09/26 12:42:28.742, P3, 705, 7001, 23.38, 0, 0x0000000000000000
2026/09/26 12:42:28.807, P3, 705, 7001, 23.38, 0, 0x0000000000000000
2026/09/26 12:42:28.858, P3, 705, 7001, 23.38, 0, 0x0000000000000000
2026/09/26 12:42:28.924, P3, 705, 7001, 23.38, 0, 0x0000000000000000
2026/09/26 12:42:28.975, P3, 705, 7001, 23.38, 0, 0x0000000000000000
2026/09/26 12:42:29.025, P3, 705, 7001, 23.38, 0, 0x0000000000000000
2026/09/26 12:42:29.078, P3, 705, 7001, 23.38, 0, 0x0000000000000000
2026/09/26 12:42:29.141, P3, 705, 7001, 23.38, 0, 0x0000000000000000
2026/09/26 12:42:29.192, P3, 600, 7001, 16.28, 0, 0x0000000000000000
2026/09/26 12:42:29.255, P3, 600, 7001, 16.28, 0, 0x0000000000000000
2026/09/26 12:42:29.307, P3, 600, 7001, 16.28, 0, 0x0000000000000000
2026/09/26 12:42:29.372, P3, 600, 7001, 16.28, 0, 0x0000000000000000
2026/09/26 12:42:29.435, P3, 600, 7001, 16.28, 0, 0x0000000000000000
2026/09/26 12:42:29.499, P3, 600, 7001, 16.28, 0, 0x0000000000000000
2026/09/26 12:42:29.563, P3, 600, 7001, 16.28, 0, 0x0000000000000000
2026/09/26 12:42:29.625, P3, 600, 7001, 16.28, 0, 0x0000000000000000
2026/09/26 12:42:29.676, P3, 600, 7001, 16.28, 0, 0x0000000000000000
2026/09/26 12:42:29.739, P0, 2085, 14201, 20.86, 0, 0x0000000000000000
2026/09/26 12:42:29.802, P0, 2085, 14201, 20.86, 0, 0x0000000000000000
2026/09/26 12:42:29.858, P0, 2085, 14201, 20.86, 0, 0x0000000000000000
2026/09/26 12:42:29.922, P0, 2085, 14201, 20.86, 0, 0x0000000000000000
2026/09/26 12:42:29.986, P0, 2085, 14201, 20.86, 0, 0x0000000000000000
2026/09/26 12:42:30.050, P0, 2085, 14201, 20.86, 0, 0x0000000000000000
2026/09/26 12:42:30.109, P0, 2085, 14201, 20.86, 0, 0x0000000000000000
2026/09/26 12:42:30.159, P0, 2085, 14201, 20.86, 0, 0x0000000000000000
2026/09/26 12:42:30.209, P0, 2512, 14201, 25.11, 0, 0x0000000000000000
2026/09/26 12:42:30.260, P0, 2512, 14201, 25.11, 0, 0x0000000000000000
2026/09/26 12:42:30.326, P0, 2512, 14201, 25.11, 0, 0x0000000000000000
2026/09/26 12:42:30.377, P0, 2512, 14201, 25.11, 0, 0x0000000000000000
2026/09/26 12:42:30.427, P0, 2512, 14201, 25.11, 0, 0x0000000000000000
2026/09/26 12:42:30.478, P0, 2512, 14201, 25.11, 0, 0x0000000000000000
2026/09/26 12:42:30.530, P0, 2512, 14201, 25.11, 0, 0x0000000000000000
2026/09/26 12:42:30.593, P0, 2512, 14201, 25.11, 0, 0x0000000000000000
2026/09/26 12:42:30.644, P0, 2512, 14201, 25.11, 0, 0x0000000000000000
2026/09/26 12:42:30.709, P0, 2535, 14201, 26.62, 0, 0x0000000000000000
2026/09/26 12:42:30.759, P0, 2535, 14201, 26.62, 0, 0x0000000000000000
2026/09/26 12:42:30.809, P0, 2535, 14201, 26.62, 0, 0x0000000000000000
2026/09/26 12:42:30.875, P0, 2535, 14201, 26.62, 0, 0x0000000000000000
2026/09/26 12:42:30.926, P0, 2535, 14201, 26.62, 0, 0x0000000000000000
2026/09/26 12:42:30.993, P0, 2535, 14201, 26.62, 0, 0x0000000000000000
2026/09/26 12:42:31.044, P0, 2535, 14201, 26.62, 0, 0x0000000000000000
2026/09/26 12:42:31.110, P0, 2535, 14201, 26.62, 0, 0x0000000000000000
2026/09/26 12:42:31.160, P0, 2535, 14201, 26.62, 0, 0x0000000000000000
2026/09/26 12:42:31.210, P0, 2535, 14201, 26.75, 0, 0x0000000000000000
2026/09/26 12:42:31.260, P0, 2535, 14201, 26.75, 0, 0x0000000000000000
2026/09/26 12:42:31.311, P0, 2535, 14201, 26.75, 0, 0x0000000000000000
2026/09/26 12:42:31.377, P0, 2535, 14201, 26.75, 0, 0x0000000000000000
2026/09/26 12:42:31.427, P0, 2535, 14201, 26.75, 0, 0x0000000000000000
2026/09/26 12:42:31.478, P0, 2535, 14201, 26.75, 0, 0x0000000000000000
2026/09/26 12:42:31.544, P0, 2535, 14201, 26.75, 0, 0x0000000000000000
2026/09/26 12:42:31.594, P0, 2535, 14201, 26.75, 0, 0x0000000000000000
2026/09/26 12:42:31.660, P0, 2535, 14201, 26.75, 0, 0x0000000000000000
2026/09/26 12:42:31.711, P0, 2535, 14201, 26.64, 0, 0x0000000000000000
2026/09/26 12:42:31.761, P0, 2535, 14201, 26.64, 0, 0x0000000000000000
2026/09/26 12:42:31.827, P0, 2535, 14201, 26.64, 0, 0x0000000000000000
2026/09/26 12:42:31.877, P0, 2535, 14201, 26.64, 0, 0x0000000000000000
2026/09/26 12:42:31.944, P0, 2535, 14201, 26.64, 0, 0x0000000000000000
2026/09/26 12:42:32.012, P0, 2535, 14201, 26.64, 0, 0x0000000000000000
2026/09/26 12:42:32.078, P0, 2535, 14201, 26.64, 0, 0x0000000000000000
2026/09/26 12:42:32.128, P0, 2535, 14201, 26.64, 0, 0x0000000000000000
2026/09/26 12:42:32.192, P3, 2535, 7001, 25.36, 0, 0x0000000000000000
2026/09/26 12:42:32.244, P3, 2535, 7001, 25.36, 0, 0x0000000000000000
2026/09/26 12:42:32.309, P3, 2535, 7001, 25.36, 0, 0x0000000000000000
2026/09/26 12:42:32.372, P3, 2535, 7001, 25.36, 0, 0x0000000000000000
2026/09/26 12:42:32.435, P3, 2535, 7001, 25.36, 0, 0x0000000000000000
2026/09/26 12:42:32.494, P3, 2535, 7001, 25.36, 0, 0x0000000000000000
2026/09/26 12:42:32.559, P3, 2535, 7001, 25.36, 0, 0x0000000000000000
2026/09/26 12:42:32.612, P3, 2535, 7001, 25.36, 0, 0x0000000000000000
2026/09/26 12:42:32.678, P3, 2535, 7001, 25.36, 0, 0x0000000000000000
2026/09/26 12:42:32.741, P1, 840, 14001, 23.91, 12, 0x0000000000000000
2026/09/26 12:42:32.804, P1, 840, 14001, 23.91, 12, 0x0000000000000000
2026/09/26 12:42:32.867, P1, 840, 14001, 23.91, 12, 0x0000000000000000
2026/09/26 12:42:32.931, P1, 840, 14001, 23.91, 12, 0x0000000000000000
2026/09/26 12:42:32.995, P1, 840, 14001, 23.91, 12, 0x0000000000000000
2026/09/26 12:42:33.060, P1, 840, 14001, 23.91, 12, 0x0000000000000000
2026/09/26 12:42:33.112, P1, 840, 14001, 23.91, 12, 0x0000000000000000
2026/09/26 12:42:33.162, P1, 840, 14001, 23.91, 12, 0x0000000000000000
2026/09/26 12:42:33.229, P1, 2955, 14001, 39.20, 39, 0x0000000000000000
2026/09/26 12:42:33.295, P1, 2955, 14001, 39.20, 39, 0x0000000000000000
2026/09/26 12:42:33.345, P1, 2955, 14001, 39.20, 39, 0x0000000000000000
2026/09/26 12:42:33.396, P1, 2955, 14001, 39.20, 39, 0x0000000000000000
2026/09/26 12:42:33.462, P1, 2955, 14001, 39.20, 39, 0x0000000000000000
2026/09/26 12:42:33.514, P1, 2955, 14001, 39.20, 39, 0x0000000000000000
2026/09/26 12:42:33.579, P1, 2955, 14001, 39.20, 39, 0x0000000000000000
2026/09/26 12:42:33.630, P1, 2955, 14001, 39.20, 39, 0x0000000000000000
2026/09/26 12:42:33.696, P1, 2947, 14001, 54.55, 17, 0x0000000000000000
2026/09/26 12:42:33.747, P1, 2947, 14001, 54.55, 17, 0x0000000000000000
2026/09/26 12:42:33.798, P1, 2947, 14001, 54.55, 17, 0x0000000000000000
2026/09/26 12:42:33.862, P1, 2947, 14001, 54.55, 17, 0x0000000000000000
2026/09/26 12:42:33.913, P1, 2947, 14001, 54.55, 17, 0x0000000000000000
2026/09/26 12:42:33.963, P1, 2947, 14001, 54.55, 17, 0x0000000000000000
2026/09/26 12:42:34.014, P1, 2947, 14001, 54.55, 17, 0x0000000000000000
2026/09/26 12:42:34.079, P1, 2947, 14001, 54.55, 17, 0x0000000000000000
2026/09/26 12:42:34.129, P1, 2947, 14001, 54.55, 17, 0x0000000000000000
2026/09/26 12:42:34.180, P0, 2955, 14201, 46.85, 0, 0x0000000000000000
2026/09/26 12:42:34.246, P0, 2955, 14201, 46.85, 0, 0x0000000000000000
2026/09/26 12:42:34.296, P0, 2955, 14201, 46.85, 0, 0x0000000000000000
2026/09/26 12:42:34.347, P0, 2955, 14201, 46.85, 0, 0x0000000000000000
2026/09/26 12:42:34.397, P0, 2955, 14201, 46.85, 0, 0x0000000000000000
2026/09/26 12:42:34.463, P0, 2955, 14201, 46.85, 0, 0x0000000000000000
2026/09/26 12:42:34.514, P0, 2955, 14201, 46.85, 0, 0x0000000000000000
2026/09/26 12:42:34.564, P0, 2955, 14201, 46.85, 0, 0x0000000000000000
2026/09/26 12:42:34.630, P0, 2955, 14201, 46.85, 0, 0x0000000000000000
2026/09/26 12:42:34.681, P0, 2955, 14201, 39.70, 0, 0x0000000000000000
2026/09/26 12:42:34.747, P0, 2955, 14201, 39.70, 0, 0x0000000000000000
2026/09/26 12:42:34.798, P0, 2955, 14201, 39.70, 0, 0x0000000000000000
2026/09/26 12:42:34.864, P0, 2955, 14201, 39.70, 0, 0x0000000000000000
2026/09/26 12:42:34.914, P0, 2955, 14201, 39.70, 0, 0x0000000000000000
2026/09/26 12:42:34.965, P0, 2955, 14201, 39.70, 0, 0x0000000000000000
2026/09/26 12:42:35.031, P0, 2955, 14201, 39.70, 0, 0x0000000000000000
2026/09/26 12:42:35.081, P0, 2955, 14201, 39.70, 0, 0x0000000000000000
2026/09/26 12:42:35.131, P0, 2955, 14201, 39.70, 0, 0x0000000000000000
2026/09/26 12:42:35.197, P0, 2955, 14201, 36.60, 0, 0x0000000000000000
2026/09/26 12:42:35.262, P0, 2955, 14201, 36.60, 0, 0x0000000000000000
2026/09/26 12:42:35.326, P0, 2955, 14201, 36.60, 0, 0x0000000000000000
2026/09/26 12:42:35.389, P0, 2955, 14201, 36.60, 0, 0x0000000000000000
2026/09/26 12:42:35.449, P0, 2955, 14201, 36.60, 0, 0x0000000000000000
2026/09/26 12:42:35.512, P0, 2955, 14201, 36.60, 0, 0x0000000000000000
2026/09/26 12:42:35.575, P0, 2955, 14201, 36.60, 0, 0x0000000000000000
2026/09/26 12:42:35.631, P0, 2955, 14201, 36.60, 0, 0x0000000000000000
2026/09/26 12:42:35.682, P0, 2505, 14201, 32.03, 0, 0x0000000000000000
2026/09/26 12:42:35.747, P0, 2505, 14201, 32.03, 0, 0x0000000000000000
2026/09/26 12:42:35.812, P0, 2505, 14201, 32.03, 0, 0x0000000000000000
2026/09/26 12:42:35.875, P0, 2505, 14201, 32.03, 0, 0x0000000000000000
2026/09/26 12:42:35.938, P0, 2505, 14201, 32.03, 0, 0x0000000000000000
2026/09/26 12:42:36.001, P0, 2505, 14201, 32.03, 0, 0x0000000000000000
2026/09/26 12:42:36.064, P0, 2505, 14201, 32.03, 0, 0x0000000000000000
2026/09/26 12:42:36.115, P0, 2505, 14201, 32.03, 0, 0x0000000000000000
2026/09/26 12:42:36.165, P0, 2505, 14201, 32.03, 0, 0x0000000000000000
2026/09/26 12:42:36.215, P3, 2512, 7001, 25.15, 0, 0x0000000000000000
2026/09/26 12:42:36.266, P3, 2512, 7001, 25.15, 0, 0x0000000000000000
2026/09/26 12:42:36.331, P3, 2512, 7001, 25.15, 0, 0x0000000000000000
2026/09/26 12:42:36.382, P3, 2512, 7001, 25.15, 0, 0x0000000000000000
2026/09/26 12:42:36.448, P3, 2512, 7001, 25.15, 0, 0x0000000000000000
2026/09/26 12:42:36.498, P3, 2512, 7001, 25.15, 0, 0x0000000000000000
2026/09/26 12:42:36.549, P3, 2512, 7001, 25.15, 0, 0x0000000000000000
2026/09/26 12:42:36.600, P3, 2512, 7001, 25.15, 0, 0x0000000000000000
2026/09/26 12:42:36.665, P3, 2512, 7001, 25.15, 0, 0x0000000000000000
2026/09/26 12:42:36.716, P3, 810, 7001, 20.00, 0, 0x0000000000000000
2026/09/26 12:42:36.783, P3, 810, 7001, 20.00, 0, 0x0000000000000000
2026/09/26 12:42:36.833, P3, 810, 7001, 20.00, 0, 0x0000000000000000
2026/09/26 12:42:36.899, P3, 810, 7001, 20.00, 0, 0x0000000000000000
2026/09/26 12:42:36.950, P3, 810, 7001, 20.00, 0, 0x0000000000000000
2026/09/26 12:42:37.016, P3, 810, 7001, 20.00, 0, 0x0000000000000000
2026/09/26 12:42:37.066, P3, 810, 7001, 20.00, 0, 0x0000000000000000
2026/09/26 12:42:37.117, P3, 810, 7001, 20.00, 0, 0x0000000000000000
2026/09/26 12:42:37.183, P0, 690, 14201, 18.38, 6, 0x0000000000000000
2026/09/26 12:42:37.234, P0, 690, 14201, 18.38, 6, 0x0000000000000000
2026/09/26 12:42:37.300, P0, 690, 14201, 18.38, 6, 0x0000000000000000
2026/09/26 12:42:37.350, P0, 690, 14201, 18.38, 6, 0x0000000000000000
2026/09/26 12:42:37.416, P0, 690, 14201, 18.38, 6, 0x0000000000000000
2026/09/26 12:42:37.467, P0, 690, 14201, 18.38, 6, 0x0000000000000000
2026/09/26 12:42:37.533, P0, 690, 14201, 18.38, 6, 0x0000000000000000
2026/09/26 12:42:37.584, P0, 690, 14201, 18.38, 6, 0x0000000000000000
2026/09/26 12:42:37.650, P0, 690, 14201, 18.38, 6, 0x0000000000000000
2026/09/26 12:42:37.701, P1, 2767, 14001, 32.73, 28, 0x0000000000000000
2026/09/26 12:42:37.751, P1, 2767, 14001, 32.73, 28, 0x0000000000000000
2026/09/26 12:42:37.817, P1, 2767, 14001, 32.73, 28, 0x0000000000000000
2026/09/26 12:42:37.868, P1, 2767, 14001, 32.73, 28, 0x0000000000000000
2026/09/26 12:42:37.934, P1, 2767, 14001, 32.73, 28, 0x0000000000000000
2026/09/26 12:42:37.984, P1, 2767, 14001, 32.73, 28, 0x0000000000000000
2026/09/26 12:42:38.050, P1, 2767, 14001, 32.73, 28, 0x0000000000000000
2026/09/26 12:42:38.101, P1, 2767, 14001, 32.73, 28, 0x0000000000000000
2026/09/26 12:42:38.167, P1, 2767, 14001, 32.73, 28, 0x0000000000000000
2026/09/26 12:42:38.233, P1, 2955, 14201, 52.78, 4, 0x0000000000000000
2026/09/26 12:42:38.285, P1, 2955, 14201, 52.78, 4, 0x0000000000000000
2026/09/26 12:42:38.350, P1, 2955, 14201, 52.78, 4, 0x0000000000000000
2026/09/26 12:42:38.412, P1, 2955, 14201, 52.78, 4, 0x0000000000000000
2026/09/26 12:42:38.477, P1, 2955, 14201, 52.78, 4, 0x0000000000000000
2026/09/26 12:42:38.539, P1, 2955, 14201, 52.78, 4, 0x0000000000000000
2026/09/26 12:42:38.601, P1, 2955, 14201, 52.78, 4, 0x0000000000000000
2026/09/26 12:42:38.652, P1, 2955, 14201, 52.78, 4, 0x0000000000000000
2026/09/26 12:42:38.717, P0, 2955, 14201, 50.51, 0, 0x0000000000000000
2026/09/26 12:42:38.780, P0, 2955, 14201, 50.51, 0, 0x0000000000000000
2026/09/26 12:42:38.834, P0, 2955, 14201, 50.51, 0, 0x0000000000000000
2026/09/26 12:42:38.899, P0, 2955, 14201, 50.51, 0, 0x0000000000000000
2026/09/26 12:42:38.962, P0, 2955, 14201, 50.51, 0, 0x0000000000000000
2026/09/26 12:42:39.024, P0, 2955, 14201, 50.51, 0, 0x0000000000000000
2026/09/26 12:42:39.085, P0, 2955, 14201, 50.51, 0, 0x0000000000000000
2026/09/26 12:42:39.137, P0, 2955, 14201, 50.51, 0, 0x0000000000000000
2026/09/26 12:42:39.201, P0, 2955, 14201, 39.71, 0, 0x0000000000000000
2026/09/26 12:42:39.252, P0, 2955, 14201, 39.71, 0, 0x0000000000000000
2026/09/26 12:42:39.318, P0, 2955, 14201, 39.71, 0, 0x0000000000000000
2026/09/26 12:42:39.369, P0, 2955, 14201, 39.71, 0, 0x0000000000000000
2026/09/26 12:42:39.419, P0, 2955, 14201, 39.71, 0, 0x0000000000000000
2026/09/26 12:42:39.485, P0, 2955, 14201, 39.71, 0, 0x0000000000000000
2026/09/26 12:42:39.536, P0, 2955, 14201, 39.71, 0, 0x0000000000000000
2026/09/26 12:42:39.602, P0, 2955, 14201, 39.71, 0, 0x0000000000000000
2026/09/26 12:42:39.653, P0, 2955, 14201, 39.71, 0, 0x0000000000000000
2026/09/26 12:42:39.718, P0, 2955, 14201, 36.68, 0, 0x0000000000000000
2026/09/26 12:42:39.769, P0, 2955, 14201, 36.68, 0, 0x0000000000000000
2026/09/26 12:42:39.820, P0, 2955, 14201, 36.68, 0, 0x0000000000000000
2026/09/26 12:42:39.886, P0, 2955, 14201, 36.68, 0, 0x0000000000000000
2026/09/26 12:42:39.936, P0, 2955, 14201, 36.68, 0, 0x0000000000000000
2026/09/26 12:42:40.002, P0, 2955, 14201, 36.68, 0, 0x0000000000000000
2026/09/26 12:42:40.053, P0, 2955, 14201, 36.68, 0, 0x0000000000000000
2026/09/26 12:42:40.119, P0, 2955, 14201, 36.68, 0, 0x0000000000000000
2026/09/26 12:42:40.170, P0, 2955, 14201, 36.68, 0, 0x0000000000000000
2026/09/26 12:42:40.236, P0, 2617, 14201, 33.01, 0, 0x0000000000000000
2026/09/26 12:42:40.286, P0, 2617, 14201, 33.01, 0, 0x0000000000000000
2026/09/26 12:42:40.337, P0, 2617, 14201, 33.01, 0, 0x0000000000000000
2026/09/26 12:42:40.403, P0, 2617, 14201, 33.01, 0, 0x0000000000000000
2026/09/26 12:42:40.453, P0, 2617, 14201, 33.01, 0, 0x0000000000000000
2026/09/26 12:42:40.520, P0, 2617, 14201, 33.01, 0, 0x0000000000000000
2026/09/26 12:42:40.570, P0, 2617, 14201, 33.01, 0, 0x0000000000000000
2026/09/26 12:42:40.636, P0, 2617, 14201, 33.01, 0, 0x0000000000000000
2026/09/26 12:42:40.686, P0, 2535, 14201, 28.32, 0, 0x0000000000000000
2026/09/26 12:42:40.737, P0, 2535, 14201, 28.32, 0, 0x0000000000000000
2026/09/26 12:42:40.803, P0, 2535, 14201, 28.32, 0, 0x0000000000000000
2026/09/26 12:42:40.854, P0, 2535, 14201, 28.32, 0, 0x0000000000000000
2026/09/26 12:42:40.920, P0, 2535, 14201, 28.32, 0, 0x0000000000000000
2026/09/26 12:42:40.971, P0, 2535, 14201, 28.32, 0, 0x0000000000000000
2026/09/26 12:42:41.037, P0, 2535, 14201, 28.32, 0, 0x0000000000000000
2026/09/26 12:42:41.087, P0, 2535, 14201, 28.32, 0, 0x0000000000000000
2026/09/26 12:42:41.153, P0, 2535, 14201, 28.32, 0, 0x0000000000000000
2026/09/26 12:42:41.204, P3, 2535, 7001, 25.83, 0, 0x0000000000000000
2026/09/26 12:42:41.254, P3, 2535, 7001, 25.83, 0, 0x0000000000000000
2026/09/26 12:42:41.319, P3, 2535, 7001, 25.83, 0, 0x0000000000000000
2026/09/26 12:42:41.382, P3, 2535, 7001, 25.83, 0, 0x0000000000000000
2026/09/26 12:42:41.445, P3, 2535, 7001, 25.83, 0, 0x0000000000000000
2026/09/26 12:42:41.503, P3, 2535, 7001, 25.83, 0, 0x0000000000000000
2026/09/26 12:42:41.567, P3, 2535, 7001, 25.83, 0, 0x0000000000000000
2026/09/26 12:42:41.621, P3, 2535, 7001, 25.83, 0, 0x0000000000000000
2026/09/26 12:42:41.687, P0, 652, 14201, 22.72, 2, 0x0000000000000000
2026/09/26 12:42:41.755, P0, 652, 14201, 22.72, 2, 0x0000000000000000
2026/09/26 12:42:41.817, P0, 652, 14201, 22.72, 2, 0x0000000000000000
2026/09/26 12:42:41.881, P0, 652, 14201, 22.72, 2, 0x0000000000000000
2026/09/26 12:42:41.944, P0, 652, 14201, 22.72, 2, 0x0000000000000000
2026/09/26 12:42:42.005, P0, 652, 14201, 22.72, 2, 0x0000000000000000
2026/09/26 12:42:42.056, P0, 652, 14201, 22.72, 2, 0x0000000000000000
2026/09/26 12:42:42.120, P0, 652, 14201, 22.72, 2, 0x0000000000000000
2026/09/26 12:42:42.170, P0, 652, 14201, 22.72, 2, 0x0000000000000000
2026/09/26 12:42:42.221, P1, 2602, 14001, 30.54, 32, 0x0000000000000000
2026/09/26 12:42:42.272, P1, 2602, 14001, 30.54, 32, 0x0000000000000000
2026/09/26 12:42:42.338, P1, 2602, 14001, 30.54, 32, 0x0000000000000000
2026/09/26 12:42:42.389, P1, 2602, 14001, 30.54, 32, 0x0000000000000000
2026/09/26 12:42:42.454, P1, 2602, 14001, 30.54, 32, 0x0000000000000000
2026/09/26 12:42:42.505, P1, 2602, 14001, 30.54, 32, 0x0000000000000000
2026/09/26 12:42:42.556, P1, 2602, 14001, 30.54, 32, 0x0000000000000000
2026/09/26 12:42:42.617, P1, 2602, 14001, 30.54, 32, 0x0000000000000000
2026/09/26 12:42:42.672, P1, 2602, 14001, 30.54, 32, 0x0000000000000000
2026/09/26 12:42:42.722, P0, 2955, 14201, 51.72, 2, 0x0000000000000000
2026/09/26 12:42:42.776, P0, 2955, 14201, 51.72, 2, 0x0000000000000000
2026/09/26 12:42:42.839, P0, 2955, 14201, 51.72, 2, 0x0000000000000000
2026/09/26 12:42:42.889, P0, 2955, 14201, 51.72, 2, 0x0000000000000000
2026/09/26 12:42:42.950, P0, 2955, 14201, 51.72, 2, 0x0000000000000000
2026/09/26 12:42:43.005, P0, 2955, 14201, 51.72, 2, 0x0000000000000000
2026/09/26 12:42:43.055, P0, 2955, 14201, 51.72, 2, 0x0000000000000000
2026/09/26 12:42:43.106, P0, 2955, 14201, 51.72, 2, 0x0000000000000000
2026/09/26 12:42:43.172, P0, 2955, 14201, 51.72, 2, 0x0000000000000000
2026/09/26 12:42:43.239, P0, 2955, 14201, 51.77, 0, 0x0000000000000000
2026/09/26 12:42:43.290, P0, 2955, 14201, 51.77, 0, 0x0000000000000000
2026/09/26 12:42:43.356, P0, 2955, 14201, 51.77, 0, 0x0000000000000000
2026/09/26 12:42:43.406, P0, 2955, 14201, 51.77, 0, 0x0000000000000000
2026/09/26 12:42:43.457, P0, 2955, 14201, 51.77, 0, 0x0000000000000000
2026/09/26 12:42:43.522, P0, 2955, 14201, 51.77, 0, 0x0000000000000000
2026/09/26 12:42:43.573, P0, 2955, 14201, 51.77, 0, 0x0000000000000000
2026/09/26 12:42:43.628, P0, 2955, 14201, 51.77, 0, 0x0000000000000000
2026/09/26 12:42:43.689, P0, 2955, 14201, 40.41, 0, 0x0000000000000000
2026/09/26 12:42:43.740, P0, 2955, 14201, 40.41, 0, 0x0000000000000000
2026/09/26 12:42:43.790, P0, 2955, 14201, 40.41, 0, 0x0000000000000000
2026/09/26 12:42:43.856, P0, 2955, 14201, 40.41, 0, 0x0000000000000000
2026/09/26 12:42:43.907, P0, 2955, 14201, 40.41, 0, 0x0000000000000000
2026/09/26 12:42:43.957, P0, 2955, 14201, 40.41, 0, 0x0000000000000000
2026/09/26 12:42:44.023, P0, 2955, 14201, 40.41, 0, 0x0000000000000000
2026/09/26 12:42:44.074, P0, 2955, 14201, 40.41, 0, 0x0000000000000000
2026/09/26 12:42:44.139, P0, 2955, 14201, 40.41, 0, 0x0000000000000000
2026/09/26 12:42:44.190, P0, 2955, 14201, 36.92, 0, 0x0000000000000000
2026/09/26 12:42:44.256, P0, 2955, 14201, 36.92, 0, 0x0000000000000000
2026/09/26 12:42:44.319, P0, 2955, 14201, 36.92, 0, 0x0000000000000000
2026/09/26 12:42:44.383, P0, 2955, 14201, 36.92, 0, 0x0000000000000000
2026/09/26 12:42:44.446, P0, 2955, 14201, 36.92, 0, 0x0000000000000000
2026/09/26 12:42:44.509, P0, 2955, 14201, 36.92, 0, 0x0000000000000000
2026/09/26 12:42:44.573, P0, 2955, 14201, 36.92, 0, 0x0000000000000000
2026/09/26 12:42:44.624, P0, 2955, 14201, 36.92, 0, 0x0000000000000000
2026/09/26 12:42:44.674, P0, 2955, 14201, 36.92, 0, 0x0000000000000000
2026/09/26 12:42:44.737, P0, 2767, 14201, 33.91, 0, 0x0000000000000000
2026/09/26 12:42:44.801, P0, 2767, 14201, 33.91, 0, 0x0000000000000000
2026/09/26 12:42:44.864, P0, 2767, 14201, 33.91, 0, 0x0000000000000000
2026/09/26 12:42:44.928, P0, 2767, 14201, 33.91, 0, 0x0000000000000000
2026/09/26 12:42:44.991, P0, 2767, 14201, 33.91, 0, 0x0000000000000000
2026/09/26 12:42:45.054, P0, 2767, 14201, 33.91, 0, 0x0000000000000000
2026/09/26 12:42:45.107, P0, 2767, 14201, 33.91, 0, 0x0000000000000000
2026/09/26 12:42:45.157, P0, 2767, 14201, 33.91, 0, 0x0000000000000000
2026/09/26 12:42:45.208, P3, 2505, 7001, 27.46, 0, 0x0000000000000000
2026/09/26 12:42:45.260, P3, 2505, 7001, 27.46, 0, 0x0000000000000000
2026/09/26 12:42:45.324, P3, 2505, 7001, 27.46, 0, 0x0000000000000000
2026/09/26 12:42:45.375, P3, 2505, 7001, 27.46, 0, 0x0000000000000000
2026/09/26 12:42:45.425, P3, 2505, 7001, 27.46, 0, 0x0000000000000000
2026/09/26 12:42:45.479, P3, 2505, 7001, 27.46, 0, 0x0000000000000000
2026/09/26 12:42:45.541, P3, 2505, 7001, 27.46, 0, 0x0000000000000000
2026/09/26 12:42:45.592, P3, 2505, 7001, 27.46, 0, 0x0000000000000000
2026/09/26 12:42:45.658, P3, 2505, 7001, 27.46, 0, 0x0000000000000000
2026/09/26 12:42:45.709, P3, 780, 7001, 20.76, 0, 0x0000000000000000
2026/09/26 12:42:45.759, P3, 780, 7001, 20.76, 0, 0x0000000000000000
2026/09/26 12:42:45.825, P3, 780, 7001, 20.76, 0, 0x0000000000000000
2026/09/26 12:42:45.875, P3, 780, 7001, 20.76, 0, 0x0000000000000000
2026/09/26 12:42:45.926, P3, 780, 7001, 20.76, 0, 0x0000000000000000
2026/09/26 12:42:45.977, P3, 780, 7001, 20.76, 0, 0x0000000000000000
2026/09/26 12:42:46.041, P3, 780, 7001, 20.76, 0, 0x0000000000000000
2026/09/26 12:42:46.092, P3, 780, 7001, 20.76, 0, 0x0000000000000000
2026/09/26 12:42:46.143, P3, 780, 7001, 20.76, 0, 0x0000000000000000
2026/09/26 12:42:46.208, P1, 652, 14201, 16.37, 3, 0x0000000000000000
2026/09/26 12:42:46.260, P1, 652, 14201, 16.37, 3, 0x0000000000000000
2026/09/26 12:42:46.325, P1, 652, 14201, 16.37, 3, 0x0000000000000000
2026/09/26 12:42:46.375, P1, 652, 14201, 16.37, 3, 0x0000000000000000
2026/09/26 12:42:46.426, P1, 652, 14201, 16.37, 3, 0x0000000000000000
2026/09/26 12:42:46.476, P1, 652, 14201, 16.37, 3, 0x0000000000000000
2026/09/26 12:42:46.542, P1, 652, 14201, 16.37, 3, 0x0000000000000000
2026/09/26 12:42:46.607, P1, 652, 14201, 16.37, 3, 0x0000000000000000
2026/09/26 12:42:46.659, P1, 652, 14201, 16.37, 3, 0x0000000000000000
2026/09/26 12:42:46.710, P1, 2602, 14001, 29.30, 48, 0x0000000000000000
2026/09/26 12:42:46.761, P1, 2602, 14001, 29.30, 48, 0x0000000000000000
2026/09/26 12:42:46.826, P1, 2602, 14001, 29.30, 48, 0x0000000000000000
2026/09/26 12:42:46.877, P1, 2602, 14001, 29.30, 48, 0x0000000000000000
2026/09/26 12:42:46.943, P1, 2602, 14001, 29.30, 48, 0x0000000000000000
2026/09/26 12:42:46.994, P1, 2602, 14001, 29.30, 48, 0x0000000000000000
2026/09/26 12:42:47.059, P1, 2602, 14001, 29.30, 48, 0x0000000000000000
2026/09/26 12:42:47.110, P1, 2602, 14001, 29.30, 48, 0x0000000000000000
2026/09/26 12:42:47.161, P1, 2602, 14001, 29.30, 48, 0x0000000000000000
2026/09/26 12:42:47.226, P0, 2955, 14201, 51.76, 28, 0x0000000000000000
2026/09/26 12:42:47.289, P0, 2955, 14201, 51.76, 28, 0x0000000000000000
2026/09/26 12:42:47.342, P0, 2955, 14201, 51.76, 28, 0x0000000000000000
2026/09/26 12:42:47.406, P0, 2955, 14201, 51.76, 28, 0x0000000000000000
2026/09/26 12:42:47.469, P0, 2955, 14201, 51.76, 28, 0x0000000000000000
2026/09/26 12:42:47.532, P0, 2955, 14201, 51.76, 28, 0x0000000000000000
2026/09/26 12:42:47.593, P0, 2955, 14201, 51.76, 28, 0x0000000000000000
2026/09/26 12:42:47.644, P0, 2955, 14201, 51.76, 28, 0x0000000000000000
2026/09/26 12:42:47.710, P0, 2955, 14201, 54.36, 9, 0x0000000000000000
2026/09/26 12:42:47.761, P0, 2955, 14201, 54.36, 9, 0x0000000000000000
2026/09/26 12:42:47.826, P0, 2955, 14201, 54.36, 9, 0x0000000000000000
2026/09/26 12:42:47.877, P0, 2955, 14201, 54.36, 9, 0x0000000000000000
2026/09/26 12:42:47.940, P0, 2955, 14201, 54.36, 9, 0x0000000000000000
2026/09/26 12:42:48.003, P0, 2955, 14201, 54.36, 9, 0x0000000000000000
2026/09/26 12:42:48.066, P0, 2955, 14201, 54.36, 9, 0x0000000000000000
2026/09/26 12:42:48.126, P0, 2955, 14201, 54.36, 9, 0x0000000000000000
2026/09/26 12:42:48.177, P0, 2955, 14201, 54.36, 9, 0x0000000000000000
2026/09/26 12:42:48.227, P0, 2955, 14201, 43.88, 0, 0x0000000000000000
2026/09/26 12:42:48.278, P0, 2955, 14201, 43.88, 0, 0x0000000000000000
2026/09/26 12:42:48.328, P0, 2955, 14201, 43.88, 0, 0x0000000000000000
2026/09/26 12:42:48.393, P0, 2955, 14201, 43.88, 0, 0x0000000000000000
2026/09/26 12:42:48.444, P0, 2955, 14201, 43.88, 0, 0x0000000000000000
2026/09/26 12:42:48.494, P0, 2955, 14201, 43.88, 0, 0x0000000000000000
2026/09/26 12:42:48.545, P0, 2955, 14201, 43.88, 0, 0x0000000000000000
2026/09/26 12:42:48.596, P0, 2955, 14201, 43.88, 0, 0x0000000000000000
2026/09/26 12:42:48.646, P0, 2955, 14201, 43.88, 0, 0x0000000000000000
2026/09/26 12:42:48.711, P0, 2955, 14201, 37.97, 0, 0x0000000000000000
2026/09/26 12:42:48.761, P0, 2955, 14201, 37.97, 0, 0x0000000000000000
2026/09/26 12:42:48.812, P0, 2955, 14201, 37.97, 0, 0x0000000000000000
2026/09/26 12:42:48.878, P0, 2955, 14201, 37.97, 0, 0x0000000000000000
2026/09/26 12:42:48.928, P0, 2955, 14201, 37.97, 0, 0x0000000000000000
2026/09/26 12:42:48.979, P0, 2955, 14201, 37.97, 0, 0x0000000000000000
2026/09/26 12:42:49.046, P0, 2955, 14201, 37.97, 0, 0x0000000000000000
2026/09/26 12:42:49.112, P0, 2955, 14201, 37.97, 0, 0x0000000000000000
2026/09/26 12:42:49.162, P0, 2955, 14201, 37.97, 0, 0x0000000000000000
2026/09/26 12:42:49.212, P0, 2610, 14201, 33.32, 0, 0x0000000000000000
2026/09/26 12:42:49.278, P0, 2610, 14201, 33.32, 0, 0x0000000000000000
2026/09/26 12:42:49.328, P0, 2610, 14201, 33.32, 0, 0x0000000000000000
2026/09/26 12:42:49.379, P0, 2610, 14201, 33.32, 0, 0x0000000000000000
2026/09/26 12:42:49.429, P0, 2610, 14201, 33.32, 0, 0x0000000000000000
2026/09/26 12:42:49.495, P0, 2610, 14201, 33.32, 0, 0x0000000000000000
2026/09/26 12:42:49.546, P0, 2610, 14201, 33.32, 0, 0x0000000000000000
2026/09/26 12:42:49.612, P0, 2610, 14201, 33.32, 0, 0x0000000000000000
2026/09/26 12:42:49.662, P0, 2610, 14201, 33.32, 0, 0x0000000000000000
2026/09/26 12:42:49.713, P0, 2535, 14201, 28.26, 0, 0x0000000000000000
2026/09/26 12:42:49.778, P0, 2535, 14201, 28.26, 0, 0x0000000000000000
2026/09/26 12:42:49.829, P0, 2535, 14201, 28.26, 0, 0x0000000000000000
2026/09/26 12:42:49.879, P0, 2535, 14201, 28.26, 0, 0x0000000000000000
2026/09/26 12:42:49.930, P0, 2535, 14201, 28.26, 0, 0x0000000000000000
2026/09/26 12:42:49.996, P0, 2535, 14201, 28.26, 0, 0x0000000000000000
2026/09/26 12:42:50.047, P0, 2535, 14201, 28.26, 0, 0x0000000000000000
2026/09/26 12:42:50.112, P0, 2535, 14201, 28.26, 0, 0x0000000000000000
2026/09/26 12:42:50.162, P0, 2535, 14201, 28.26, 0, 0x0000000000000000
2026/09/26 12:42:50.213, P3, 2535, 7001, 25.88, 0, 0x0000000000000000
2026/09/26 12:42:50.277, P3, 2535, 7001, 25.88, 0, 0x0000000000000000
2026/09/26 12:42:50.342, P3, 2535, 7001, 25.88, 0, 0x0000000000000000
2026/09/26 12:42:50.405, P3, 2535, 7001, 25.88, 0, 0x0000000000000000
2026/09/26 12:42:50.469, P3, 2535, 7001, 25.88, 0, 0x0000000000000000
2026/09/26 12:42:50.527, P3, 2535, 7001, 25.88, 0, 0x0000000000000000
2026/09/26 12:42:50.578, P3, 2535, 7001, 25.88, 0, 0x0000000000000000
2026/09/26 12:42:50.629, P3, 2535, 7001, 25.88, 0, 0x0000000000000000
2026/09/26 12:42:50.681, P3, 2535, 7001, 25.88, 0, 0x0000000000000000
2026/09/26 12:42:50.746, P3, 765, 7001, 19.82, 0, 0x0000000000000000
2026/09/26 12:42:50.810, P3, 765, 7001, 19.82, 0, 0x0000000000000000
2026/09/26 12:42:50.873, P3, 765, 7001, 19.82, 0, 0x0000000000000000
2026/09/26 12:42:50.936, P3, 765, 7001, 19.82, 0, 0x0000000000000000
2026/09/26 12:42:50.998, P3, 765, 7001, 19.82, 0, 0x0000000000000000
2026/09/26 12:42:51.061, P3, 765, 7001, 19.82, 0, 0x0000000000000000
2026/09/26 12:42:51.113, P3, 765, 7001, 19.82, 0, 0x0000000000000000
2026/09/26 12:42:51.164, P3, 765, 7001, 19.82, 0, 0x0000000000000000
2026/09/26 12:42:51.230, P1, 922, 14001, 19.93, 18, 0x0000000000000000
2026/09/26 12:42:51.281, P1, 922, 14001, 19.93, 18, 0x0000000000000000
2026/09/26 12:42:51.333, P1, 922, 14001, 19.93, 18, 0x0000000000000000
2026/09/26 12:42:51.384, P1, 922, 14001, 19.93, 18, 0x0000000000000000
2026/09/26 12:42:51.447, P1, 922, 14001, 19.93, 18, 0x0000000000000000
2026/09/26 12:42:51.498, P1, 922, 14001, 19.93, 18, 0x0000000000000000
2026/09/26 12:42:51.564, P1, 922, 14001, 19.93, 18, 0x0000000000000000
2026/09/26 12:42:51.614, P1, 922, 14001, 19.93, 18, 0x0000000000000000
2026/09/26 12:42:51.665, P1, 922, 14001, 19.93, 18, 0x0000000000000000
2026/09/26 12:42:51.731, P1, 2955, 14001, 42.15, 50, 0x0000000000000000
2026/09/26 12:42:51.782, P1, 2955, 14001, 42.15, 50, 0x0000000000000000
2026/09/26 12:42:51.848, P1, 2955, 14001, 42.15, 50, 0x0000000000000000
2026/09/26 12:42:51.899, P1, 2955, 14001, 42.15, 50, 0x0000000000000000
2026/09/26 12:42:51.964, P1, 2955, 14001, 42.15, 50, 0x0000000000000000
2026/09/26 12:42:52.015, P1, 2955, 14001, 42.15, 50, 0x0000000000000000
2026/09/26 12:42:52.066, P1, 2955, 14001, 42.15, 50, 0x0000000000000000
2026/09/26 12:42:52.131, P1, 2955, 14001, 42.15, 50, 0x0000000000000000
2026/09/26 12:42:52.181, P1, 2955, 14001, 42.15, 50, 0x0000000000000000
2026/09/26 12:42:52.232, P0, 2947, 14201, 51.95, 5, 0x0000000000000000
2026/09/26 12:42:52.297, P0, 2947, 14201, 51.95, 5, 0x0000000000000000
2026/09/26 12:42:52.348, P0, 2947, 14201, 51.95, 5, 0x0000000000000000
2026/09/26 12:42:52.399, P0, 2947, 14201, 51.95, 5, 0x0000000000000000
2026/09/26 12:42:52.465, P0, 2947, 14201, 51.95, 5, 0x0000000000000000
2026/09/26 12:42:52.516, P0, 2947, 14201, 51.95, 5, 0x0000000000000000
2026/09/26 12:42:52.582, P0, 2947, 14201, 51.95, 5, 0x0000000000000000
2026/09/26 12:42:52.633, P0, 2947, 14201, 51.95, 5, 0x0000000000000000
2026/09/26 12:42:52.698, P1, 2782, 14001, 47.69, 53, 0x0000000000000000
2026/09/26 12:42:52.748, P1, 2782, 14001, 47.69, 53, 0x0000000000000000
2026/09/26 12:42:52.799, P1, 2782, 14001, 47.69, 53, 0x0000000000000000
2026/09/26 12:42:52.849, P1, 2782, 14001, 47.69, 53, 0x0000000000000000
2026/09/26 12:42:52.899, P1, 2782, 14001, 47.69, 53, 0x0000000000000000
2026/09/26 12:42:52.965, P1, 2782, 14001, 47.69, 53, 0x0000000000000000
2026/09/26 12:42:53.016, P1, 2782, 14001, 47.69, 53, 0x0000000000000000
2026/09/26 12:42:53.082, P1, 2782, 14001, 47.69, 53, 0x0000000000000000
2026/09/26 12:42:53.132, P1, 2782, 14001, 47.69, 53, 0x0000000000000000
2026/09/26 12:42:53.183, P0, 2940, 14201, 54.23, 13, 0x0000000000000000
2026/09/26 12:42:53.248, P0, 2940, 14201, 54.23, 13, 0x0000000000000000
2026/09/26 12:42:53.311, P0, 2940, 14201, 54.23, 13, 0x0000000000000000
2026/09/26 12:42:53.375, P0, 2940, 14201, 54.23, 13, 0x0000000000000000
2026/09/26 12:42:53.438, P0, 2940, 14201, 54.23, 13, 0x0000000000000000
2026/09/26 12:42:53.502, P0, 2940, 14201, 54.23, 13, 0x0000000000000000
2026/09/26 12:42:53.565, P0, 2940, 14201, 54.23, 13, 0x0000000000000000
2026/09/26 12:42:53.616, P0, 2940, 14201, 54.23, 13, 0x0000000000000000
2026/09/26 12:42:53.666, P0, 2940, 14201, 54.23, 13, 0x0000000000000000
2026/09/26 12:42:53.731, P0, 2962, 14201, 49.83, 0, 0x0000000000000000
2026/09/26 12:42:53.795, P0, 2962, 14201, 49.83, 0, 0x0000000000000000
2026/09/26 12:42:53.859, P0, 2962, 14201, 49.83, 0, 0x0000000000000000
2026/09/26 12:42:53.922, P0, 2962, 14201, 49.83, 0, 0x0000000000000000
2026/09/26 12:42:53.985, P0, 2962, 14201, 49.83, 0, 0x0000000000000000
2026/09/26 12:42:54.049, P0, 2962, 14201, 49.83, 0, 0x0000000000000000
2026/09/26 12:42:54.100, P0, 2962, 14201, 49.83, 0, 0x0000000000000000
2026/09/26 12:42:54.166, P0, 2962, 14201, 49.83, 0, 0x0000000000000000
2026/09/26 12:42:54.217, P0, 2955, 14201, 37.79, 0, 0x0000000000000000
2026/09/26 12:42:54.268, P0, 2955, 14201, 37.79, 0, 0x0000000000000000
2026/09/26 12:42:54.333, P0, 2955, 14201, 37.79, 0, 0x0000000000000000
2026/09/26 12:42:54.384, P0, 2955, 14201, 37.79, 0, 0x0000000000000000
2026/09/26 12:42:54.434, P0, 2955, 14201, 37.79, 0, 0x0000000000000000
2026/09/26 12:42:54.500, P0, 2955, 14201, 37.79, 0, 0x0000000000000000
2026/09/26 12:42:54.551, P0, 2955, 14201, 37.79, 0, 0x0000000000000000
2026/09/26 12:42:54.601, P0, 2955, 14201, 37.79, 0, 0x0000000000000000
2026/09/26 12:42:54.667, P0, 2955, 14201, 37.79, 0, 0x0000000000000000
2026/09/26 12:42:54.719, P0, 2955, 14201, 36.77, 0, 0x0000000000000000
2026/09/26 12:42:54.784, P0, 2955, 14201, 36.77, 0, 0x0000000000000000
2026/09/26 12:42:54.835, P0, 2955, 14201, 36.77, 0, 0x0000000000000000
2026/09/26 12:42:54.901, P0, 2955, 14201, 36.77, 0, 0x0000000000000000
2026/09/26 12:42:54.951, P0, 2955, 14201, 36.77, 0, 0x0000000000000000
2026/09/26 12:42:55.001, P0, 2955, 14201, 36.77, 0, 0x0000000000000000
2026/09/26 12:42:55.052, P0, 2955, 14201, 36.77, 0, 0x0000000000000000
2026/09/26 12:42:55.117, P0, 2955, 14201, 36.77, 0, 0x0000000000000000
2026/09/26 12:42:55.168, P0, 2955, 14201, 36.77, 0, 0x0000000000000000
2026/09/26 12:42:55.218, P3, 2617, 7001, 31.71, 0, 0x0000000000000000
2026/09/26 12:42:55.269, P3, 2617, 7001, 31.71, 0, 0x0000000000000000
2026/09/26 12:42:55.335, P3, 2617, 7001, 31.71, 0, 0x0000000000000000
2026/09/26 12:42:55.385, P3, 2617, 7001, 31.71, 0, 0x0000000000000000
2026/09/26 12:42:55.452, P3, 2617, 7001, 31.71, 0, 0x0000000000000000
2026/09/26 12:42:55.502, P3, 2617, 7001, 31.71, 0, 0x0000000000000000
2026/09/26 12:42:55.568, P3, 2617, 7001, 31.71, 0, 0x0000000000000000
2026/09/26 12:42:55.619, P3, 2617, 7001, 31.71, 0, 0x0000000000000000
2026/09/26 12:42:55.670, P3, 2617, 7001, 31.71, 0, 0x0000000000000000
2026/09/26 12:42:55.735, P3, 832, 7001, 21.47, 0, 0x0000000000000000
2026/09/26 12:42:55.786, P3, 832, 7001, 21.47, 0, 0x0000000000000000
2026/09/26 12:42:55.852, P3, 832, 7001, 21.47, 0, 0x0000000000000000
2026/09/26 12:42:55.903, P3, 832, 7001, 21.47, 0, 0x0000000000000000
2026/09/26 12:42:55.968, P3, 832, 7001, 21.47, 0, 0x0000000000000000
2026/09/26 12:42:56.019, P3, 832, 7001, 21.47, 0, 0x0000000000000000
2026/09/26 12:42:56.085, P3, 832, 7001, 21.47, 0, 0x0000000000000000
2026/09/26 12:42:56.135, P3, 832, 7001, 21.47, 0, 0x0000000000000000
2026/09/26 12:42:56.186, P3, 720, 7001, 16.28, 1, 0x0000000000000000
2026/09/26 12:42:56.251, P3, 720, 7001, 16.28, 1, 0x0000000000000000
2026/09/26 12:42:56.319, P3, 720, 7001, 16.28, 1, 0x0000000000000000
2026/09/26 12:42:56.384, P3, 720, 7001, 16.28, 1, 0x0000000000000000
2026/09/26 12:42:56.447, P3, 720, 7001, 16.28, 1, 0x0000000000000000
2026/09/26 12:42:56.511, P3, 720, 7001, 16.28, 1, 0x0000000000000000
2026/09/26 12:42:56.574, P3, 720, 7001, 16.28, 1, 0x0000000000000000
2026/09/26 12:42:56.636, P3, 720, 7001, 16.28, 1, 0x0000000000000000
2026/09/26 12:42:56.700, P1, 2542, 14201, 22.57, 4, 0x0000000000000000
2026/09/26 12:42:56.762, P1, 2542, 14201, 22.57, 4, 0x0000000000000000
2026/09/26 12:42:56.825, P1, 2542, 14201, 22.57, 4, 0x0000000000000000
2026/09/26 12:42:56.886, P1, 2542, 14201, 22.57, 4, 0x0000000000000000
2026/09/26 12:42:56.951, P1, 2542, 14201, 22.57, 4, 0x0000000000000000
2026/09/26 12:42:57.014, P1, 2542, 14201, 22.57, 4, 0x0000000000000000
2026/09/26 12:42:57.070, P1, 2542, 14201, 22.57, 4, 0x0000000000000000
2026/09/26 12:42:57.121, P1, 2542, 14201, 22.57, 4, 0x0000000000000000
2026/09/26 12:42:57.187, P0, 2670, 14201, 30.75, 0, 0x0000000000000000
2026/09/26 12:42:57.237, P0, 2670, 14201, 30.75, 0, 0x0000000000000000
2026/09/26 12:42:57.288, P0, 2670, 14201, 30.75, 0, 0x0000000000000000
2026/09/26 12:42:57.338, P0, 2670, 14201, 30.75, 0, 0x0000000000000000
2026/09/26 12:42:57.389, P0, 2670, 14201, 30.75, 0, 0x0000000000000000
2026/09/26 12:42:57.439, P0, 2670, 14201, 30.75, 0, 0x0000000000000000
2026/09/26 12:42:57.503, P0, 2670, 14201, 30.75, 0, 0x0000000000000000
2026/09/26 12:42:57.553, P0, 2670, 14201, 30.75, 0, 0x0000000000000000
2026/09/26 12:42:57.604, P0, 2670, 14201, 30.75, 0, 0x0000000000000000
2026/09/26 12:42:57.655, P0, 2670, 14201, 30.75, 0, 0x0000000000000000
2026/09/26 12:42:57.720, P0, 2535, 14201, 30.70, 0, 0x0000000000000000
2026/09/26 12:42:57.772, P0, 2535, 14201, 30.70, 0, 0x0000000000000000
2026/09/26 12:42:57.837, P0, 2535, 14201, 30.70, 0, 0x0000000000000000
2026/09/26 12:42:57.889, P0, 2535, 14201, 30.70, 0, 0x0000000000000000
2026/09/26 12:42:57.954, P0, 2535, 14201, 30.70, 0, 0x0000000000000000
2026/09/26 12:42:58.005, P0, 2535, 14201, 30.70, 0, 0x0000000000000000
2026/09/26 12:42:58.071, P0, 2535, 14201, 30.70, 0, 0x0000000000000000
2026/09/26 12:42:58.121, P0, 2535, 14201, 30.70, 0, 0x0000000000000000
2026/09/26 12:42:58.173, P0, 2535, 14201, 30.70, 0, 0x0000000000000000
2026/09/26 12:42:58.237, P0, 2535, 14201, 27.09, 0, 0x0000000000000000
2026/09/26 12:42:58.288, P0, 2535, 14201, 27.09, 0, 0x0000000000000000
2026/09/26 12:42:58.338, P0, 2535, 14201, 27.09, 0, 0x0000000000000000
2026/09/26 12:42:58.404, P0, 2535, 14201, 27.09, 0, 0x0000000000000000
2026/09/26 12:42:58.455, P0, 2535, 14201, 27.09, 0, 0x0000000000000000
2026/09/26 12:42:58.521, P0, 2535, 14201, 27.09, 0, 0x0000000000000000
2026/09/26 12:42:58.572, P0, 2535, 14201, 27.09, 0, 0x0000000000000000
2026/09/26 12:42:58.638, P0, 2535, 14201, 27.09, 0, 0x0000000000000000
2026/09/26 12:42:58.689, P0, 2535, 14201, 27.10, 0, 0x0000000000000000
2026/09/26 12:42:58.754, P0, 2535, 14201, 27.10, 0, 0x0000000000000000
2026/09/26 12:42:58.805, P0, 2535, 14201, 27.10, 0, 0x0000000000000000
2026/09/26 12:42:58.856, P0, 2535, 14201, 27.10, 0, 0x0000000000000000
2026/09/26 12:42:58.921, P0, 2535, 14201, 27.10, 0, 0x0000000000000000
2026/09/26 12:42:58.972, P0, 2535, 14201, 27.10, 0, 0x0000000000000000
2026/09/26 12:42:59.038, P0, 2535, 14201, 27.10, 0, 0x0000000000000000
2026/09/26 12:42:59.089, P0, 2535, 14201, 27.10, 0, 0x0000000000000000
2026/09/26 12:42:59.155, P0, 2535, 14201, 27.10, 0, 0x0000000000000000
2026/09/26 12:42:59.206, P3, 2535, 7001, 25.78, 0, 0x0000000000000000
2026/09/26 12:42:59.269, P3, 2535, 7001, 25.78, 0, 0x0000000000000000
2026/09/26 12:42:59.333, P3, 2535, 7001, 25.78, 0, 0x0000000000000000
2026/09/26 12:42:59.397, P3, 2535, 7001, 25.78, 0, 0x0000000000000000
2026/09/26 12:42:59.460, P3, 2535, 7001, 25.78, 0, 0x0000000000000000
2026/09/26 12:42:59.522, P3, 2535, 7001, 25.78, 0, 0x0000000000000000
2026/09/26 12:42:59.574, P3, 2535, 7001, 25.78, 0, 0x0000000000000000
2026/09/26 12:42:59.638, P3, 2535, 7001, 25.78, 0, 0x0000000000000000
2026/09/26 12:42:59.703, P3, 765, 7001, 19.81, 0, 0x0000000000000000
2026/09/26 12:42:59.766, P3, 765, 7001, 19.81, 0, 0x0000000000000000
2026/09/26 12:42:59.829, P3, 765, 7001, 19.81, 0, 0x0000000000000000
2026/09/26 12:42:59.892, P3, 765, 7001, 19.81, 0, 0x0000000000000000
2026/09/26 12:42:59.955, P3, 765, 7001, 19.81, 0, 0x0000000000000000
2026/09/26 12:43:00.019, P3, 765, 7001, 19.81, 0, 0x0000000000000000
2026/09/26 12:43:00.072, P3, 765, 7001, 19.81, 0, 0x0000000000000000
2026/09/26 12:43:00.123, P3, 765, 7001, 19.81, 0, 0x0000000000000000
2026/09/26 12:43:00.174, P3, 765, 7001, 19.81, 0, 0x0000000000000000
2026/09/26 12:43:00.239, P1, 615, 14201, 17.31, 8, 0x0000000000000000
2026/09/26 12:43:00.290, P1, 615, 14201, 17.31, 8, 0x0000000000000000
2026/09/26 12:43:00.356, P1, 615, 14201, 17.31, 8, 0x0000000000000000
2026/09/26 12:43:00.406, P1, 615, 14201, 17.31, 8, 0x0000000000000000
2026/09/26 12:43:00.457, P1, 615, 14201, 17.31, 8, 0x0000000000000000
2026/09/26 12:43:00.523, P1, 615, 14201, 17.31, 8, 0x0000000000000000
2026/09/26 12:43:00.574, P1, 615, 14201, 17.31, 8, 0x0000000000000000
2026/09/26 12:43:00.640, P1, 615, 14201, 17.31, 8, 0x0000000000000000
2026/09/26 12:43:00.691, P1, 2955, 14001, 39.39, 50, 0x0000000000000000
2026/09/26 12:43:00.756, P1, 2955, 14001, 39.39, 50, 0x0000000000000000
2026/09/26 12:43:00.807, P1, 2955, 14001, 39.39, 50, 0x0000000000000000
2026/09/26 12:43:00.857, P1, 2955, 14001, 39.39, 50, 0x0000000000000000
2026/09/26 12:43:00.908, P1, 2955, 14001, 39.39, 50, 0x0000000000000000
2026/09/26 12:43:00.973, P1, 2955, 14001, 39.39, 50, 0x0000000000000000
2026/09/26 12:43:01.024, P1, 2955, 14001, 39.39, 50, 0x0000000000000000
2026/09/26 12:43:01.090, P1, 2955, 14001, 39.39, 50, 0x0000000000000000
2026/09/26 12:43:01.141, P1, 2955, 14001, 39.39, 50, 0x0000000000000000
2026/09/26 12:43:01.207, P0, 2955, 14001, 55.29, 32, 0x0000000000000000
2026/09/26 12:43:01.258, P0, 2955, 14001, 55.29, 32, 0x0000000000000000
2026/09/26 12:43:01.324, P0, 2955, 14001, 55.29, 32, 0x0000000000000000
2026/09/26 12:43:01.374, P0, 2955, 14001, 55.29, 32, 0x0000000000000000
2026/09/26 12:43:01.425, P0, 2955, 14001, 55.29, 32, 0x0000000000000000
2026/09/26 12:43:01.475, P0, 2955, 14001, 55.29, 32, 0x0000000000000000
2026/09/26 12:43:01.541, P0, 2955, 14001, 55.29, 32, 0x0000000000000000
2026/09/26 12:43:01.592, P0, 2955, 14001, 55.29, 32, 0x0000000000000000
2026/09/26 12:43:01.658, P0, 2955, 14001, 55.29, 32, 0x0000000000000000
2026/09/26 12:43:01.709, P1, 2955, 14001, 53.24, 53, 0x0000000000000000
2026/09/26 12:43:01.774, P1, 2955, 14001, 53.24, 53, 0x0000000000000000
2026/09/26 12:43:01.824, P1, 2955, 14001, 53.24, 53, 0x0000000000000000
2026/09/26 12:43:01.875, P1, 2955, 14001, 53.24, 53, 0x0000000000000000
2026/09/26 12:43:01.941, P1, 2955, 14001, 53.24, 53, 0x0000000000000000
2026/09/26 12:43:01.991, P1, 2955, 14001, 53.24, 53, 0x0000000000000000
2026/09/26 12:43:02.042, P1, 2955, 14001, 53.24, 53, 0x0000000000000000
2026/09/26 12:43:02.108, P1, 2955, 14001, 53.24, 53, 0x0000000000000000
2026/09/26 12:43:02.158, P1, 2955, 14001, 53.24, 53, 0x0000000000000000
2026/09/26 12:43:02.209, P0, 2940, 14201, 54.18, 0, 0x0000000000000000
2026/09/26 12:43:02.272, P0, 2940, 14201, 54.18, 0, 0x0000000000000000
2026/09/26 12:43:02.335, P0, 2940, 14201, 54.18, 0, 0x0000000000000000
2026/09/26 12:43:02.398, P0, 2940, 14201, 54.18, 0, 0x0000000000000000
2026/09/26 12:43:02.461, P0, 2940, 14201, 54.18, 0, 0x0000000000000000
2026/09/26 12:43:02.524, P0, 2940, 14201, 54.18, 0, 0x0000000000000000
2026/09/26 12:43:02.576, P0, 2940, 14201, 54.18, 0, 0x0000000000000000
2026/09/26 12:43:02.641, P0, 2940, 14201, 54.18, 0, 0x0000000000000000
2026/09/26 12:43:02.692, P0, 2962, 14201, 46.30, 0, 0x0000000000000000
2026/09/26 12:43:02.742, P0, 2962, 14201, 46.30, 0, 0x0000000000000000
2026/09/26 12:43:02.792, P0, 2962, 14201, 46.30, 0, 0x0000000000000000
2026/09/26 12:43:02.858, P0, 2962, 14201, 46.30, 0, 0x0000000000000000
2026/09/26 12:43:02.921, P0, 2962, 14201, 46.30, 0, 0x0000000000000000
2026/09/26 12:43:02.985, P0, 2962, 14201, 46.30, 0, 0x0000000000000000
2026/09/26 12:43:03.047, P0, 2962, 14201, 46.30, 0, 0x0000000000000000
2026/09/26 12:43:03.109, P0, 2962, 14201, 46.30, 0, 0x0000000000000000
2026/09/26 12:43:03.160, P0, 2962, 14201, 46.30, 0, 0x0000000000000000
2026/09/26 12:43:03.211, P0, 2955, 14201, 36.92, 0, 0x0000000000000000
2026/09/26 12:43:03.276, P0, 2955, 14201, 36.92, 0, 0x0000000000000000
2026/09/26 12:43:03.326, P0, 2955, 14201, 36.92, 0, 0x0000000000000000
2026/09/26 12:43:03.377, P0, 2955, 14201, 36.92, 0, 0x0000000000000000
2026/09/26 12:43:03.443, P0, 2955, 14201, 36.92, 0, 0x0000000000000000
2026/09/26 12:43:03.493, P0, 2955, 14201, 36.92, 0, 0x0000000000000000
2026/09/26 12:43:03.544, P0, 2955, 14201, 36.92, 0, 0x0000000000000000
2026/09/26 12:43:03.610, P0, 2955, 14201, 36.92, 0, 0x0000000000000000
2026/09/26 12:43:03.660, P0, 2955, 14201, 36.92, 0, 0x0000000000000000
2026/09/26 12:43:03.726, P0, 2955, 14201, 36.81, 0, 0x0000000000000000
2026/09/26 12:43:03.777, P0, 2955, 14201, 36.81, 0, 0x0000000000000000
2026/09/26 12:43:03.827, P0, 2955, 14201, 36.81, 0, 0x0000000000000000
2026/09/26 12:43:03.878, P0, 2955, 14201, 36.81, 0, 0x0000000000000000
2026/09/26 12:43:03.943, P0, 2955, 14201, 36.81, 0, 0x0000000000000000
2026/09/26 12:43:03.993, P0, 2955, 14201, 36.81, 0, 0x0000000000000000
2026/09/26 12:43:04.044, P0, 2955, 14201, 36.81, 0, 0x0000000000000000
2026/09/26 12:43:04.110, P0, 2955, 14201, 36.81, 0, 0x0000000000000000
2026/09/26 12:43:04.160, P0, 2955, 14201, 36.81, 0, 0x0000000000000000
2026/09/26 12:43:04.210, P3, 2610, 7001, 31.82, 0, 0x0000000000000000
2026/09/26 12:43:04.260, P3, 2610, 7001, 31.82, 0, 0x0000000000000000
2026/09/26 12:43:04.311, P3, 2610, 7001, 31.82, 0, 0x0000000000000000
2026/09/26 12:43:04.377, P3, 2610, 7001, 31.82, 0, 0x0000000000000000
2026/09/26 12:43:04.427, P3, 2610, 7001, 31.82, 0, 0x0000000000000000
2026/09/26 12:43:04.479, P3, 2610, 7001, 31.82, 0, 0x0000000000000000
2026/09/26 12:43:04.544, P3, 2610, 7001, 31.82, 0, 0x0000000000000000
2026/09/26 12:43:04.595, P3, 2610, 7001, 31.82, 0, 0x0000000000000000
2026/09/26 12:43:04.661, P3, 2610, 7001, 31.82, 0, 0x0000000000000000
2026/09/26 12:43:04.712, P3, 697, 7001, 21.49, 0, 0x0000000000000000
2026/09/26 12:43:04.777, P3, 697, 7001, 21.49, 0, 0x0000000000000000
2026/09/26 12:43:04.827, P3, 697, 7001, 21.49, 0, 0x0000000000000000
2026/09/26 12:43:04.879, P3, 697, 7001, 21.49, 0, 0x0000000000000000
2026/09/26 12:43:04.944, P3, 697, 7001, 21.49, 0, 0x0000000000000000
2026/09/26 12:43:04.994, P3, 697, 7001, 21.49, 0, 0x0000000000000000
2026/09/26 12:43:05.044, P3, 697, 7001, 21.49, 0, 0x0000000000000000
2026/09/26 12:43:05.095, P3, 697, 7001, 21.49, 0, 0x0000000000000000
2026/09/26 12:43:05.161, P3, 697, 7001, 21.49, 0, 0x0000000000000000
2026/09/26 12:43:05.226, P0, 607, 14201, 17.65, 9, 0x0000000000000000
2026/09/26 12:43:05.276, P0, 607, 14201, 17.65, 9, 0x0000000000000000
2026/09/26 12:43:05.328, P0, 607, 14201, 17.65, 9, 0x0000000000000000
2026/09/26 12:43:05.393, P0, 607, 14201, 17.65, 9, 0x0000000000000000
2026/09/26 12:43:05.456, P0, 607, 14201, 17.65, 9, 0x0000000000000000
2026/09/26 12:43:05.509, P0, 607, 14201, 17.65, 9, 0x0000000000000000
2026/09/26 12:43:05.572, P0, 607, 14201, 17.65, 9, 0x0000000000000000
2026/09/26 12:43:05.628, P0, 607, 14201, 17.65, 9, 0x0000000000000000
2026/09/26 12:43:05.693, P1, 2955, 14001, 35.55, 28, 0x0000000000000000
2026/09/26 12:43:05.756, P1, 2955, 14001, 35.55, 28, 0x0000000000000000
2026/09/26 12:43:05.819, P1, 2955, 14001, 35.55, 28, 0x0000000000000000
2026/09/26 12:43:05.878, P1, 2955, 14001, 35.55, 28, 0x0000000000000000
2026/09/26 12:43:05.944, P1, 2955, 14001, 35.55, 28, 0x0000000000000000
2026/09/26 12:43:06.007, P1, 2955, 14001, 35.55, 28, 0x0000000000000000
2026/09/26 12:43:06.069, P1, 2955, 14001, 35.55, 28, 0x0000000000000000
2026/09/26 12:43:06.129, P1, 2955, 14001, 35.55, 28, 0x0000000000000000
2026/09/26 12:43:06.180, P1, 2955, 14001, 35.55, 28, 0x0000000000000000
2026/09/26 12:43:06.245, P0, 2955, 14201, 53.74, 10, 0x0000000000000000
2026/09/26 12:43:06.296, P0, 2955, 14201, 53.74, 10, 0x0000000000000000
2026/09/26 12:43:06.347, P0, 2955, 14201, 53.74, 10, 0x0000000000000000
2026/09/26 12:43:06.412, P0, 2955, 14201, 53.74, 10, 0x0000000000000000
2026/09/26 12:43:06.462, P0, 2955, 14201, 53.74, 10, 0x0000000000000000
2026/09/26 12:43:06.513, P0, 2955, 14201, 53.74, 10, 0x0000000000000000
2026/09/26 12:43:06.563, P0, 2955, 14201, 53.74, 10, 0x0000000000000000
2026/09/26 12:43:06.613, P0, 2955, 14201, 53.74, 10, 0x0000000000000000
2026/09/26 12:43:06.664, P0, 2955, 14201, 53.74, 10, 0x0000000000000000
2026/09/26 12:43:06.730, P0, 2617, 14201, 42.01, 0, 0x0000000000000000
2026/09/26 12:43:06.780, P0, 2617, 14201, 42.01, 0, 0x0000000000000000
2026/09/26 12:43:06.846, P0, 2617, 14201, 42.01, 0, 0x0000000000000000
2026/09/26 12:43:06.897, P0, 2617, 14201, 42.01, 0, 0x0000000000000000
2026/09/26 12:43:06.948, P0, 2617, 14201, 42.01, 0, 0x0000000000000000
2026/09/26 12:43:07.013, P0, 2617, 14201, 42.01, 0, 0x0000000000000000
2026/09/26 12:43:07.064, P0, 2617, 14201, 42.01, 0, 0x0000000000000000
2026/09/26 12:43:07.130, P0, 2617, 14201, 42.01, 0, 0x0000000000000000
2026/09/26 12:43:07.180, P0, 2617, 14201, 42.01, 0, 0x0000000000000000
2026/09/26 12:43:07.230, P0, 2535, 14201, 28.80, 0, 0x0000000000000000
2026/09/26 12:43:07.281, P0, 2535, 14201, 28.80, 0, 0x0000000000000000
2026/09/26 12:43:07.347, P0, 2535, 14201, 28.80, 0, 0x0000000000000000
2026/09/26 12:43:07.398, P0, 2535, 14201, 28.80, 0, 0x0000000000000000
2026/09/26 12:43:07.463, P0, 2535, 14201, 28.80, 0, 0x0000000000000000
2026/09/26 12:43:07.514, P0, 2535, 14201, 28.80, 0, 0x0000000000000000
2026/09/26 12:43:07.564, P0, 2535, 14201, 28.80, 0, 0x0000000000000000
2026/09/26 12:43:07.630, P0, 2535, 14201, 28.80, 0, 0x0000000000000000
2026/09/26 12:43:07.681, P0, 2535, 14201, 28.80, 0, 0x0000000000000000
2026/09/26 12:43:07.747, P0, 2535, 14201, 27.22, 0, 0x0000000000000000
2026/09/26 12:43:07.798, P0, 2535, 14201, 27.22, 0, 0x0000000000000000
2026/09/26 12:43:07.864, P0, 2535, 14201, 27.22, 0, 0x0000000000000000
2026/09/26 12:43:07.915, P0, 2535, 14201, 27.22, 0, 0x0000000000000000
2026/09/26 12:43:07.966, P0, 2535, 14201, 27.22, 0, 0x0000000000000000
2026/09/26 12:43:08.031, P0, 2535, 14201, 27.22, 0, 0x0000000000000000
2026/09/26 12:43:08.082, P0, 2535, 14201, 27.22, 0, 0x0000000000000000
2026/09/26 12:43:08.147, P0, 2535, 14201, 27.22, 0, 0x0000000000000000
2026/09/26 12:43:08.198, P3, 2535, 7001, 25.89, 0, 0x0000000000000000
2026/09/26 12:43:08.262, P3, 2535, 7001, 25.89, 0, 0x0000000000000000
2026/09/26 12:43:08.325, P3, 2535, 7001, 25.89, 0, 0x0000000000000000
2026/09/26 12:43:08.388, P3, 2535, 7001, 25.89, 0, 0x0000000000000000
2026/09/26 12:43:08.451, P3, 2535, 7001, 25.89, 0, 0x0000000000000000
2026/09/26 12:43:08.514, P3, 2535, 7001, 25.89, 0, 0x0000000000000000
2026/09/26 12:43:08.565, P3, 2535, 7001, 25.89, 0, 0x0000000000000000
2026/09/26 12:43:08.631, P3, 2535, 7001, 25.89, 0, 0x0000000000000000
2026/09/26 12:43:08.696, P3, 1117, 7001, 20.01, 0, 0x0000000000000000
2026/09/26 12:43:08.748, P3, 1117, 7001, 20.01, 0, 0x0000000000000000
2026/09/26 12:43:08.813, P3, 1117, 7001, 20.01, 0, 0x0000000000000000
2026/09/26 12:43:08.876, P3, 1117, 7001, 20.01, 0, 0x0000000000000000
2026/09/26 12:43:08.939, P3, 1117, 7001, 20.01, 0, 0x0000000000000000
2026/09/26 12:43:09.003, P3, 1117, 7001, 20.01, 0, 0x0000000000000000
2026/09/26 12:43:09.065, P3, 1117, 7001, 20.01, 0, 0x0000000000000000
2026/09/26 12:43:09.115, P3, 1117, 7001, 20.01, 0, 0x0000000000000000
2026/09/26 12:43:09.166, P3, 1117, 7001, 20.01, 0, 0x0000000000000000
2026/09/26 12:43:09.232, P3, 900, 7001, 15.53, 1, 0x0000000000000000
2026/09/26 12:43:09.282, P3, 900, 7001, 15.53, 1, 0x0000000000000000
2026/09/26 12:43:09.333, P3, 900, 7001, 15.53, 1, 0x0000000000000000
2026/09/26 12:43:09.399, P3, 900, 7001, 15.53, 1, 0x0000000000000000
2026/09/26 12:43:09.450, P3, 900, 7001, 15.53, 1, 0x0000000000000000
2026/09/26 12:43:09.500, P3, 900, 7001, 15.53, 1, 0x0000000000000000
2026/09/26 12:43:09.550, P3, 900, 7001, 15.53, 1, 0x0000000000000000
2026/09/26 12:43:09.616, P3, 900, 7001, 15.53, 1, 0x0000000000000000
2026/09/26 12:43:09.666, P3, 900, 7001, 15.53, 1, 0x0000000000000000
2026/09/26 12:43:09.716, P1, 2640, 14001, 22.64, 4, 0x0000000000000000
2026/09/26 12:43:09.767, P1, 2640, 14001, 22.64, 4, 0x0000000000000000
2026/09/26 12:43:09.832, P1, 2640, 14001, 22.64, 4, 0x0000000000000000
2026/09/26 12:43:09.883, P1, 2640, 14001, 22.64, 4, 0x0000000000000000
2026/09/26 12:43:09.934, P1, 2640, 14001, 22.64, 4, 0x0000000000000000
2026/09/26 12:43:09.999, P1, 2640, 14001, 22.64, 4, 0x0000000000000000
2026/09/26 12:43:10.049, P1, 2640, 14001, 22.64, 4, 0x0000000000000000
2026/09/26 12:43:10.100, P1, 2640, 14001, 22.64, 4, 0x0000000000000000
2026/09/26 12:43:10.166, P1, 2640, 14001, 22.64, 4, 0x0000000000000000
2026/09/26 12:43:10.216, P0, 2640, 14201, 31.25, 0, 0x0000000000000000
2026/09/26 12:43:10.267, P0, 2640, 14201, 31.25, 0, 0x0000000000000000
2026/09/26 12:43:10.333, P0, 2640, 14201, 31.25, 0, 0x0000000000000000
2026/09/26 12:43:10.384, P0, 2640, 14201, 31.25, 0, 0x0000000000000000
2026/09/26 12:43:10.450, P0, 2640, 14201, 31.25, 0, 0x0000000000000000
2026/09/26 12:43:10.501, P0, 2640, 14201, 31.25, 0, 0x0000000000000000
2026/09/26 12:43:10.567, P0, 2640, 14201, 31.25, 0, 0x0000000000000000
2026/09/26 12:43:10.634, P0, 2640, 14201, 31.25, 0, 0x0000000000000000
2026/09/26 12:43:10.684, P0, 2640, 14201, 31.25, 0, 0x0000000000000000
2026/09/26 12:43:10.750, P0, 2535, 14201, 30.68, 0, 0x0000000000000000
2026/09/26 12:43:10.800, P0, 2535, 14201, 30.68, 0, 0x0000000000000000
2026/09/26 12:43:10.851, P0, 2535, 14201, 30.68, 0, 0x0000000000000000
2026/09/26 12:43:10.917, P0, 2535, 14201, 30.68, 0, 0x0000000000000000
2026/09/26 12:43:10.968, P0, 2535, 14201, 30.68, 0, 0x0000000000000000
2026/09/26 12:43:11.034, P0, 2535, 14201, 30.68, 0, 0x0000000000000000
2026/09/26 12:43:11.085, P0, 2535, 14201, 30.68, 0, 0x0000000000000000
2026/09/26 12:43:11.151, P0, 2535, 14201, 30.68, 0, 0x0000000000000000
2026/09/26 12:43:11.201, P0, 2535, 14201, 27.13, 0, 0x0000000000000000
2026/09/26 12:43:11.266, P0, 2535, 14201, 27.13, 0, 0x0000000000000000
2026/09/26 12:43:11.330, P0, 2535, 14201, 27.13, 0, 0x0000000000000000
2026/09/26 12:43:11.393, P0, 2535, 14201, 27.13, 0, 0x0000000000000000
2026/09/26 12:43:11.456, P0, 2535, 14201, 27.13, 0, 0x0000000000000000
2026/09/26 12:43:11.519, P0, 2535, 14201, 27.13, 0, 0x0000000000000000
2026/09/26 12:43:11.569, P0, 2535, 14201, 27.13, 0, 0x0000000000000000
2026/09/26 12:43:11.619, P0, 2535, 14201, 27.13, 0, 0x0000000000000000
2026/09/26 12:43:11.671, P0, 2535, 14201, 27.13, 0, 0x0000000000000000
2026/09/26 12:43:11.734, P0, 2505, 14201, 26.85, 0, 0x0000000000000000
2026/09/26 12:43:11.785, P0, 2505, 14201, 26.85, 0, 0x0000000000000000
2026/09/26 12:43:11.849, P0, 2505, 14201, 26.85, 0, 0x0000000000000000
2026/09/26 12:43:11.912, P0, 2505, 14201, 26.85, 0, 0x0000000000000000
2026/09/26 12:43:11.975, P0, 2505, 14201, 26.85, 0, 0x0000000000000000
2026/09/26 12:43:12.039, P0, 2505, 14201, 26.85, 0, 0x0000000000000000
2026/09/26 12:43:12.100, P0, 2505, 14201, 26.85, 0, 0x0000000000000000
2026/09/26 12:43:12.152, P0, 2505, 14201, 26.85, 0, 0x0000000000000000
2026/09/26 12:43:12.202, P3, 2512, 7001, 25.48, 0, 0x0000000000000000
2026/09/26 12:43:12.253, P3, 2512, 7001, 25.48, 0, 0x0000000000000000
2026/09/26 12:43:12.319, P3, 2512, 7001, 25.48, 0, 0x0000000000000000
2026/09/26 12:43:12.369, P3, 2512, 7001, 25.48, 0, 0x0000000000000000
2026/09/26 12:43:12.422, P3, 2512, 7001, 25.48, 0, 0x0000000000000000
2026/09/26 12:43:12.485, P3, 2512, 7001, 25.48, 0, 0x0000000000000000
2026/09/26 12:43:12.536, P3, 2512, 7001, 25.48, 0, 0x0000000000000000
2026/09/26 12:43:12.588, P3, 2512, 7001, 25.48, 0, 0x0000000000000000
2026/09/26 12:43:12.652, P3, 2512, 7001, 25.48, 0, 0x0000000000000000
2026/09/26 12:43:12.703, P3, 847, 7001, 20.16, 0, 0x0000000000000000
2026/09/26 12:43:12.769, P3, 847, 7001, 20.16, 0, 0x0000000000000000
2026/09/26 12:43:12.819, P3, 847, 7001, 20.16, 0, 0x0000000000000000
2026/09/26 12:43:12.870, P3, 847, 7001, 20.16, 0, 0x0000000000000000
2026/09/26 12:43:12.936, P3, 847, 7001, 20.16, 0, 0x0000000000000000
2026/09/26 12:43:12.987, P3, 847, 7001, 20.16, 0, 0x0000000000000000
2026/09/26 12:43:13.037, P3, 847, 7001, 20.16, 0, 0x0000000000000000
2026/09/26 12:43:13.103, P3, 847, 7001, 20.16, 0, 0x0000000000000000
2026/09/26 12:43:13.153, P3, 847, 7001, 20.16, 0, 0x0000000000000000
2026/09/26 12:43:13.219, P1, 1230, 14001, 21.99, 21, 0x0000000000000000
2026/09/26 12:43:13.269, P1, 1230, 14001, 21.99, 21, 0x0000000000000000
2026/09/26 12:43:13.321, P1, 1230, 14001, 21.99, 21, 0x0000000000000000
2026/09/26 12:43:13.372, P1, 1230, 14001, 21.99, 21, 0x0000000000000000
2026/09/26 12:43:13.436, P1, 1230, 14001, 21.99, 21, 0x0000000000000000
2026/09/26 12:43:13.487, P1, 1230, 14001, 21.99, 21, 0x0000000000000000
2026/09/26 12:43:13.553, P1, 1230, 14001, 21.99, 21, 0x0000000000000000
2026/09/26 12:43:13.603, P1, 1230, 14001, 21.99, 21, 0x0000000000000000
2026/09/26 12:43:13.670, P1, 1230, 14001, 21.99, 21, 0x0000000000000000
2026/09/26 12:43:13.721, P1, 2632, 14001, 34.48, 25, 0x0000000000000000
2026/09/26 12:43:13.786, P1, 2632, 14001, 34.48, 25, 0x0000000000000000
2026/09/26 12:43:13.837, P1, 2632, 14001, 34.48, 25, 0x0000000000000000
2026/09/26 12:43:13.903, P1, 2632, 14001, 34.48, 25, 0x0000000000000000
2026/09/26 12:43:13.954, P1, 2632, 14001, 34.48, 25, 0x0000000000000000
2026/09/26 12:43:14.004, P1, 2632, 14001, 34.48, 25, 0x0000000000000000
2026/09/26 12:43:14.070, P1, 2632, 14001, 34.48, 25, 0x0000000000000000
2026/09/26 12:43:14.121, P1, 2632, 14001, 34.48, 25, 0x0000000000000000
2026/09/26 12:43:14.186, P1, 2632, 14001, 34.48, 25, 0x0000000000000000
2026/09/26 12:43:14.252, P1, 2955, 14001, 49.91, 45, 0x0000000000000000
2026/09/26 12:43:14.316, P1, 2955, 14001, 49.91, 45, 0x0000000000000000
2026/09/26 12:43:14.370, P1, 2955, 14001, 49.91, 45, 0x0000000000000000
2026/09/26 12:43:14.435, P1, 2955, 14001, 49.91, 45, 0x0000000000000000
2026/09/26 12:43:14.499, P1, 2955, 14001, 49.91, 45, 0x0000000000000000
2026/09/26 12:43:14.561, P1, 2955, 14001, 49.91, 45, 0x0000000000000000
2026/09/26 12:43:14.621, P1, 2955, 14001, 49.91, 45, 0x0000000000000000
2026/09/26 12:43:14.686, P1, 2955, 14001, 49.91, 45, 0x0000000000000000
2026/09/26 12:43:14.749, P0, 2947, 14201, 52.35, 2, 0x0000000000000000
2026/09/26 12:43:14.813, P0, 2947, 14201, 52.35, 2, 0x0000000000000000
2026/09/26 12:43:14.872, P0, 2947, 14201, 52.35, 2, 0x0000000000000000
2026/09/26 12:43:14.937, P0, 2947, 14201, 52.35, 2, 0x0000000000000000
2026/09/26 12:43:15.001, P0, 2947, 14201, 52.35, 2, 0x0000000000000000
2026/09/26 12:43:15.064, P0, 2947, 14201, 52.35, 2, 0x0000000000000000
2026/09/26 12:43:15.118, P0, 2947, 14201, 52.35, 2, 0x0000000000000000
2026/09/26 12:43:15.171, P0, 2947, 14201, 52.35, 2, 0x0000000000000000
2026/09/26 12:43:15.222, P0, 2542, 14201, 38.97, 0, 0x0000000000000000
2026/09/26 12:43:15.279, P0, 2542, 14201, 38.97, 0, 0x0000000000000000
2026/09/26 12:43:15.333, P0, 2542, 14201, 38.97, 0, 0x0000000000000000
2026/09/26 12:43:15.388, P0, 2542, 14201, 38.97, 0, 0x0000000000000000
2026/09/26 12:43:15.438, P0, 2542, 14201, 38.97, 0, 0x0000000000000000
2026/09/26 12:43:15.489, P0, 2542, 14201, 38.97, 0, 0x0000000000000000
2026/09/26 12:43:15.544, P0, 2542, 14201, 38.97, 0, 0x0000000000000000
2026/09/26 12:43:15.606, P0, 2542, 14201, 38.97, 0, 0x0000000000000000
2026/09/26 12:43:15.672, P0, 2542, 14201, 38.97, 0, 0x0000000000000000
2026/09/26 12:43:15.723, P0, 2535, 14201, 27.57, 0, 0x0000000000000000
2026/09/26 12:43:15.789, P0, 2535, 14201, 27.57, 0, 0x0000000000000000
2026/09/26 12:43:15.839, P0, 2535, 14201, 27.57, 0, 0x0000000000000000
2026/09/26 12:43:15.906, P0, 2535, 14201, 27.57, 0, 0x0000000000000000
2026/09/26 12:43:15.956, P0, 2535, 14201, 27.57, 0, 0x0000000000000000
2026/09/26 12:43:16.008, P0, 2535, 14201, 27.57, 0, 0x0000000000000000
2026/09/26 12:43:16.072, P0, 2535, 14201, 27.57, 0, 0x0000000000000000
2026/09/26 12:43:16.123, P0, 2535, 14201, 27.57, 0, 0x0000000000000000
2026/09/26 12:43:16.173, P0, 2535, 14201, 27.57, 0, 0x0000000000000000
2026/09/26 12:43:16.224, P0, 2535, 14201, 27.38, 0, 0x0000000000000000
2026/09/26 12:43:16.289, P0, 2535, 14201, 27.38, 0, 0x0000000000000000
2026/09/26 12:43:16.340, P0, 2535, 14201, 27.38, 0, 0x0000000000000000
2026/09/26 12:43:16.406, P0, 2535, 14201, 27.38, 0, 0x0000000000000000
2026/09/26 12:43:16.457, P0, 2535, 14201, 27.38, 0, 0x0000000000000000
2026/09/26 12:43:16.523, P0, 2535, 14201, 27.38, 0, 0x0000000000000000
2026/09/26 12:43:16.574, P0, 2535, 14201, 27.38, 0, 0x0000000000000000
2026/09/26 12:43:16.624, P0, 2535, 14201, 27.38, 0, 0x0000000000000000
2026/09/26 12:43:16.689, P0, 2535, 14201, 27.21, 0, 0x0000000000000000
2026/09/26 12:43:16.740, P0, 2535, 14201, 27.21, 0, 0x0000000000000000
2026/09/26 12:43:16.790, P0, 2535, 14201, 27.21, 0, 0x0000000000000000
2026/09/26 12:43:16.856, P0, 2535, 14201, 27.21, 0, 0x0000000000000000
2026/09/26 12:43:16.906, P0, 2535, 14201, 27.21, 0, 0x0000000000000000
2026/09/26 12:43:16.956, P0, 2535, 14201, 27.21, 0, 0x0000000000000000
2026/09/26 12:43:17.007, P0, 2535, 14201, 27.21, 0, 0x0000000000000000
2026/09/26 12:43:17.057, P0, 2535, 14201, 27.21, 0, 0x0000000000000000
2026/09/26 12:43:17.107, P0, 2535, 14201, 27.21, 0, 0x0000000000000000
2026/09/26 12:43:17.158, P0, 2535, 14201, 27.21, 0, 0x0000000000000000
2026/09/26 12:43:17.223, P3, 2535, 7001, 25.83, 0, 0x0000000000000000
2026/09/26 12:43:17.289, P3, 2535, 7001, 25.83, 0, 0x0000000000000000
2026/09/26 12:43:17.341, P3, 2535, 7001, 25.83, 0, 0x0000000000000000
2026/09/26 12:43:17.405, P3, 2535, 7001, 25.83, 0, 0x0000000000000000
2026/09/26 12:43:17.469, P3, 2535, 7001, 25.83, 0, 0x0000000000000000
2026/09/26 12:43:17.524, P3, 2535, 7001, 25.83, 0, 0x0000000000000000
2026/09/26 12:43:17.574, P3, 2535, 7001, 25.83, 0, 0x0000000000000000
2026/09/26 12:43:17.625, P3, 2535, 7001, 25.83, 0, 0x0000000000000000
2026/09/26 12:43:17.689, P0, 937, 14201, 19.96, 2, 0x0000000000000000
2026/09/26 12:43:17.752, P0, 937, 14201, 19.96, 2, 0x0000000000000000
2026/09/26 12:43:17.816, P0, 937, 14201, 19.96, 2, 0x0000000000000000
2026/09/26 12:43:17.879, P0, 937, 14201, 19.96, 2, 0x0000000000000000
2026/09/26 12:43:17.942, P0, 937, 14201, 19.96, 2, 0x0000000000000000
2026/09/26 12:43:18.005, P0, 937, 14201, 19.96, 2, 0x0000000000000000
2026/09/26 12:43:18.057, P0, 937, 14201, 19.96, 2, 0x0000000000000000
2026/09/26 12:43:18.108, P0, 937, 14201, 19.96, 2, 0x0000000000000000
2026/09/26 12:43:18.159, P0, 937, 14201, 19.96, 2, 0x0000000000000000
2026/09/26 12:43:18.225, P1, 2617, 14001, 25.70, 38, 0x0000000000000000
2026/09/26 12:43:18.291, P1, 2617, 14001, 25.70, 38, 0x0000000000000000
2026/09/26 12:43:18.341, P1, 2617, 14001, 25.70, 38, 0x0000000000000000
2026/09/26 12:43:18.392, P1, 2617, 14001, 25.70, 38, 0x0000000000000000
2026/09/26 12:43:18.445, P1, 2617, 14001, 25.70, 38, 0x0000000000000000
2026/09/26 12:43:18.508, P1, 2617, 14001, 25.70, 38, 0x0000000000000000
2026/09/26 12:43:18.560, P1, 2617, 14001, 25.70, 38, 0x0000000000000000
2026/09/26 12:43:18.624, P1, 2617, 14001, 25.70, 38, 0x0000000000000000
2026/09/26 12:43:18.675, P1, 2617, 14001, 25.70, 38, 0x0000000000000000
2026/09/26 12:43:18.726, P0, 2955, 14201, 50.79, 32, 0x0000000000000000
2026/09/26 12:43:18.792, P0, 2955, 14201, 50.79, 32, 0x0000000000000000
2026/09/26 12:43:18.842, P0, 2955, 14201, 50.79, 32, 0x0000000000000000
2026/09/26 12:43:18.893, P0, 2955, 14201, 50.79, 32, 0x0000000000000000
2026/09/26 12:43:18.958, P0, 2955, 14201, 50.79, 32, 0x0000000000000000
2026/09/26 12:43:19.009, P0, 2955, 14201, 50.79, 32, 0x0000000000000000
2026/09/26 12:43:19.075, P0, 2955, 14201, 50.79, 32, 0x0000000000000000
2026/09/26 12:43:19.126, P0, 2955, 14201, 50.79, 32, 0x0000000000000000
2026/09/26 12:43:19.192, P1, 2955, 14001, 54.49, 17, 0x0000000000000000
2026/09/26 12:43:19.242, P1, 2955, 14001, 54.49, 17, 0x0000000000000000
2026/09/26 12:43:19.293, P1, 2955, 14001, 54.49, 17, 0x0000000000000000
2026/09/26 12:43:19.359, P1, 2955, 14001, 54.49, 17, 0x0000000000000000
2026/09/26 12:43:19.409, P1, 2955, 14001, 54.49, 17, 0x0000000000000000
2026/09/26 12:43:19.460, P1, 2955, 14001, 54.49, 17, 0x0000000000000000
2026/09/26 12:43:19.526, P1, 2955, 14001, 54.49, 17, 0x0000000000000000
2026/09/26 12:43:19.576, P1, 2955, 14001, 54.49, 17, 0x0000000000000000
2026/09/26 12:43:19.626, P1, 2955, 14001, 54.49, 17, 0x0000000000000000
2026/09/26 12:43:19.676, P1, 2955, 14001, 54.49, 17, 0x0000000000000000
2026/09/26 12:43:19.727, P0, 2955, 14201, 44.16, 0, 0x0000000000000000
2026/09/26 12:43:19.792, P0, 2955, 14201, 44.16, 0, 0x0000000000000000
2026/09/26 12:43:19.843, P0, 2955, 14201, 44.16, 0, 0x0000000000000000
2026/09/26 12:43:19.894, P0, 2955, 14201, 44.16, 0, 0x0000000000000000
2026/09/26 12:43:19.959, P0, 2955, 14201, 44.16, 0, 0x0000000000000000
2026/09/26 12:43:20.009, P0, 2955, 14201, 44.16, 0, 0x0000000000000000
2026/09/26 12:43:20.076, P0, 2955, 14201, 44.16, 0, 0x0000000000000000
2026/09/26 12:43:20.127, P0, 2955, 14201, 44.16, 0, 0x0000000000000000
2026/09/26 12:43:20.177, P0, 2955, 14201, 44.16, 0, 0x0000000000000000
2026/09/26 12:43:20.242, P0, 2955, 14201, 39.44, 0, 0x0000000000000000
2026/09/26 12:43:20.305, P0, 2955, 14201, 39.44, 0, 0x0000000000000000
2026/09/26 12:43:20.367, P0, 2955, 14201, 39.44, 0, 0x0000000000000000
2026/09/26 12:43:20.429, P0, 2955, 14201, 39.44, 0, 0x0000000000000000
2026/09/26 12:43:20.491, P0, 2955, 14201, 39.44, 0, 0x0000000000000000
2026/09/26 12:43:20.554, P0, 2955, 14201, 39.44, 0, 0x0000000000000000
2026/09/26 12:43:20.610, P0, 2955, 14201, 39.44, 0, 0x0000000000000000
2026/09/26 12:43:20.660, P0, 2955, 14201, 39.44, 0, 0x0000000000000000
2026/09/26 12:43:20.711, P0, 2767, 14201, 34.28, 0, 0x0000000000000000
2026/09/26 12:43:20.776, P0, 2767, 14201, 34.28, 0, 0x0000000000000000
2026/09/26 12:43:20.827, P0, 2767, 14201, 34.28, 0, 0x0000000000000000
2026/09/26 12:43:20.890, P0, 2767, 14201, 34.28, 0, 0x0000000000000000
2026/09/26 12:43:20.954, P0, 2767, 14201, 34.28, 0, 0x0000000000000000
2026/09/26 12:43:21.006, P0, 2767, 14201, 34.28, 0, 0x0000000000000000
2026/09/26 12:43:21.069, P0, 2767, 14201, 34.28, 0, 0x0000000000000000
2026/09/26 12:43:21.128, P0, 2767, 14201, 34.28, 0, 0x0000000000000000
2026/09/26 12:43:21.178, P0, 2767, 14201, 34.28, 0, 0x0000000000000000
2026/09/26 12:43:21.244, P0, 2512, 14201, 29.70, 0, 0x0000000000000000
2026/09/26 12:43:21.294, P0, 2512, 14201, 29.70, 0, 0x0000000000000000
2026/09/26 12:43:21.345, P0, 2512, 14201, 29.70, 0, 0x0000000000000000
2026/09/26 12:43:21.411, P0, 2512, 14201, 29.70, 0, 0x0000000000000000
2026/09/26 12:43:21.461, P0, 2512, 14201, 29.70, 0, 0x0000000000000000
2026/09/26 12:43:21.512, P0, 2512, 14201, 29.70, 0, 0x0000000000000000
2026/09/26 12:43:21.563, P0, 2512, 14201, 29.70, 0, 0x0000000000000000
2026/09/26 12:43:21.613, P0, 2512, 14201, 29.70, 0, 0x0000000000000000
2026/09/26 12:43:21.678, P0, 2512, 14201, 29.70, 0, 0x0000000000000000
2026/09/26 12:43:21.745, P0, 2535, 14201, 27.07, 0, 0x0000000000000000
2026/09/26 12:43:21.796, P0, 2535, 14201, 27.07, 0, 0x0000000000000000
2026/09/26 12:43:21.861, P0, 2535, 14201, 27.07, 0, 0x0000000000000000
2026/09/26 12:43:21.911, P0, 2535, 14201, 27.07, 0, 0x0000000000000000
2026/09/26 12:43:21.962, P0, 2535, 14201, 27.07, 0, 0x0000000000000000
2026/09/26 12:43:22.012, P0, 2535, 14201, 27.07, 0, 0x0000000000000000
2026/09/26 12:43:22.078, P0, 2535, 14201, 27.07, 0, 0x0000000000000000
2026/09/26 12:43:22.129, P0, 2535, 14201, 27.07, 0, 0x0000000000000000
2026/09/26 12:43:22.179, P0, 2535, 14201, 27.07, 0, 0x0000000000000000
2026/09/26 12:43:22.245, P3, 2535, 7001, 25.90, 0, 0x0000000000000000
2026/09/26 12:43:22.295, P3, 2535, 7001, 25.90, 0, 0x0000000000000000
2026/09/26 12:43:22.346, P3, 2535, 7001, 25.90, 0, 0x0000000000000000
2026/09/26 12:43:22.412, P3, 2535, 7001, 25.90, 0, 0x0000000000000000
2026/09/26 12:43:22.462, P3, 2535, 7001, 25.90, 0, 0x0000000000000000
2026/09/26 12:43:22.513, P3, 2535, 7001, 25.90, 0, 0x0000000000000000
2026/09/26 12:43:22.580, P3, 2535, 7001, 25.90, 0, 0x0000000000000000
2026/09/26 12:43:22.630, P3, 2535, 7001, 25.90, 0, 0x0000000000000000
2026/09/26 12:43:22.696, P1, 1470, 14001, 28.23, 52, 0x0000000000000000
2026/09/26 12:43:22.747, P1, 1470, 14001, 28.23, 52, 0x0000000000000000
2026/09/26 12:43:22.812, P1, 1470, 14001, 28.23, 52, 0x0000000000000000
2026/09/26 12:43:22.862, P1, 1470, 14001, 28.23, 52, 0x0000000000000000
2026/09/26 12:43:22.913, P1, 1470, 14001, 28.23, 52, 0x0000000000000000
2026/09/26 12:43:22.964, P1, 1470, 14001, 28.23, 52, 0x0000000000000000
2026/09/26 12:43:23.030, P1, 1470, 14001, 28.23, 52, 0x0000000000000000
2026/09/26 12:43:23.080, P1, 1470, 14001, 28.23, 52, 0x0000000000000000
2026/09/26 12:43:23.146, P1, 1470, 14001, 28.23, 52, 0x0000000000000000
2026/09/26 12:43:23.197, P0, 2955, 14001, 44.53, 52, 0x0000000000000000
2026/09/26 12:43:23.263, P0, 2955, 14001, 44.53, 52, 0x0000000000000000
2026/09/26 12:43:23.326, P0, 2955, 14001, 44.53, 52, 0x0000000000000000
2026/09/26 12:43:23.380, P0, 2955, 14001, 44.53, 52, 0x0000000000000000
2026/09/26 12:43:23.445, P0, 2955, 14001, 44.53, 52, 0x0000000000000000
2026/09/26 12:43:23.498, P0, 2955, 14001, 44.53, 52, 0x0000000000000000
2026/09/26 12:43:23.561, P0, 2955, 14001, 44.53, 52, 0x0000000000000000
2026/09/26 12:43:23.613, P0, 2955, 14001, 44.53, 52, 0x0000000000000000
2026/09/26 12:43:23.664, P0, 2955, 14001, 44.53, 52, 0x0000000000000000
2026/09/26 12:43:23.714, P1, 2955, 14001, 56.79, 53, 0x0000000000000000
2026/09/26 12:43:23.778, P1, 2955, 14001, 56.79, 53, 0x0000000000000000
2026/09/26 12:43:23.842, P1, 2955, 14001, 56.79, 53, 0x0000000000000000
2026/09/26 12:43:23.898, P1, 2955, 14001, 56.79, 53, 0x0000000000000000
2026/09/26 12:43:23.962, P1, 2955, 14001, 56.79, 53, 0x0000000000000000
2026/09/26 12:43:24.026, P1, 2955, 14001, 56.79, 53, 0x0000000000000000
2026/09/26 12:43:24.081, P1, 2955, 14001, 56.79, 53, 0x0000000000000000
2026/09/26 12:43:24.133, P1, 2955, 14001, 56.79, 53, 0x0000000000000000
2026/09/26 12:43:24.197, P0, 2940, 14201, 54.77, 12, 0x0000000000000000
2026/09/26 12:43:24.248, P0, 2940, 14201, 54.77, 12, 0x0000000000000000
2026/09/26 12:43:24.314, P0, 2940, 14201, 54.77, 12, 0x0000000000000000
2026/09/26 12:43:24.365, P0, 2940, 14201, 54.77, 12, 0x0000000000000000
2026/09/26 12:43:24.431, P0, 2940, 14201, 54.77, 12, 0x0000000000000000
2026/09/26 12:43:24.482, P0, 2940, 14201, 54.77, 12, 0x0000000000000000
2026/09/26 12:43:24.539, P0, 2940, 14201, 54.77, 12, 0x0000000000000000
2026/09/26 12:43:24.598, P0, 2940, 14201, 54.77, 12, 0x0000000000000000
2026/09/26 12:43:24.648, P0, 2940, 14201, 54.77, 12, 0x0000000000000000
2026/09/26 12:43:24.714, P0, 2955, 14201, 52.56, 10, 0x0000000000000000
2026/09/26 12:43:24.765, P0, 2955, 14201, 52.56, 10, 0x0000000000000000
2026/09/26 12:43:24.815, P0, 2955, 14201, 52.56, 10, 0x0000000000000000
2026/09/26 12:43:24.865, P0, 2955, 14201, 52.56, 10, 0x0000000000000000
2026/09/26 12:43:24.916, P0, 2955, 14201, 52.56, 10, 0x0000000000000000
2026/09/26 12:43:24.981, P0, 2955, 14201, 52.56, 10, 0x0000000000000000
2026/09/26 12:43:25.032, P0, 2955, 14201, 52.56, 10, 0x0000000000000000
2026/09/26 12:43:25.082, P0, 2955, 14201, 52.56, 10, 0x0000000000000000
2026/09/26 12:43:25.148, P0, 2955, 14201, 52.56, 10, 0x0000000000000000
2026/09/26 12:43:25.198, P0, 2955, 14201, 41.54, 0, 0x0000000000000000
2026/09/26 12:43:25.248, P0, 2955, 14201, 41.54, 0, 0x0000000000000000
2026/09/26 12:43:25.299, P0, 2955, 14201, 41.54, 0, 0x0000000000000000
2026/09/26 12:43:25.365, P0, 2955, 14201, 41.54, 0, 0x0000000000000000
2026/09/26 12:43:25.415, P0, 2955, 14201, 41.54, 0, 0x0000000000000000
2026/09/26 12:43:25.466, P0, 2955, 14201, 41.54, 0, 0x0000000000000000
2026/09/26 12:43:25.532, P0, 2955, 14201, 41.54, 0, 0x0000000000000000
2026/09/26 12:43:25.583, P0, 2955, 14201, 41.54, 0, 0x0000000000000000
2026/09/26 12:43:25.649, P0, 2955, 14201, 41.54, 0, 0x0000000000000000
2026/09/26 12:43:25.700, P0, 2955, 14201, 36.94, 0, 0x0000000000000000
2026/09/26 12:43:25.766, P0, 2955, 14201, 36.94, 0, 0x0000000000000000
2026/09/26 12:43:25.816, P0, 2955, 14201, 36.94, 0, 0x0000000000000000
2026/09/26 12:43:25.882, P0, 2955, 14201, 36.94, 0, 0x0000000000000000
2026/09/26 12:43:25.933, P0, 2955, 14201, 36.94, 0, 0x0000000000000000
2026/09/26 12:43:26.000, P0, 2955, 14201, 36.94, 0, 0x0000000000000000
2026/09/26 12:43:26.050, P0, 2955, 14201, 36.94, 0, 0x0000000000000000
2026/09/26 12:43:26.115, P0, 2955, 14201, 36.94, 0, 0x0000000000000000
2026/09/26 12:43:26.166, P0, 2955, 14201, 36.94, 0, 0x0000000000000000
2026/09/26 12:43:26.217, P0, 2535, 14201, 31.43, 0, 0x0000000000000000
2026/09/26 12:43:26.282, P0, 2535, 14201, 31.43, 0, 0x0000000000000000
2026/09/26 12:43:26.345, P0, 2535, 14201, 31.43, 0, 0x0000000000000000
2026/09/26 12:43:26.409, P0, 2535, 14201, 31.43, 0, 0x0000000000000000
2026/09/26 12:43:26.472, P0, 2535, 14201, 31.43, 0, 0x0000000000000000
2026/09/26 12:43:26.534, P0, 2535, 14201, 31.43, 0, 0x0000000000000000
2026/09/26 12:43:26.600, P0, 2535, 14201, 31.43, 0, 0x0000000000000000
2026/09/26 12:43:26.651, P0, 2535, 14201, 31.43, 0, 0x0000000000000000
2026/09/26 12:43:26.717, P0, 2512, 14201, 27.29, 0, 0x0000000000000000
2026/09/26 12:43:26.767, P0, 2512, 14201, 27.29, 0, 0x0000000000000000
2026/09/26 12:43:26.830, P0, 2512, 14201, 27.29, 0, 0x0000000000000000
2026/09/26 12:43:26.894, P0, 2512, 14201, 27.29, 0, 0x0000000000000000
2026/09/26 12:43:26.958, P0, 2512, 14201, 27.29, 0, 0x0000000000000000
2026/09/26 12:43:27.020, P0, 2512, 14201, 27.29, 0, 0x0000000000000000
2026/09/26 12:43:27.083, P0, 2512, 14201, 27.29, 0, 0x0000000000000000
2026/09/26 12:43:27.134, P0, 2512, 14201, 27.29, 0, 0x0000000000000000
2026/09/26 12:43:27.184, P0, 2512, 14201, 27.29, 0, 0x0000000000000000
2026/09/26 12:43:27.248, P3, 2512, 7001, 25.52, 0, 0x0000000000000000
2026/09/26 12:43:27.301, P3, 2512, 7001, 25.52, 0, 0x0000000000000000
2026/09/26 12:43:27.351, P3, 2512, 7001, 25.52, 0, 0x0000000000000000
2026/09/26 12:43:27.401, P3, 2512, 7001, 25.52, 0, 0x0000000000000000
2026/09/26 12:43:27.467, P3, 2512, 7001, 25.52, 0, 0x0000000000000000
2026/09/26 12:43:27.518, P3, 2512, 7001, 25.52, 0, 0x0000000000000000
2026/09/26 12:43:27.569, P3, 2512, 7001, 25.52, 0, 0x0000000000000000
2026/09/26 12:43:27.621, P3, 2512, 7001, 25.52, 0, 0x0000000000000000
2026/09/26 12:43:27.672, P3, 2512, 7001, 25.52, 0, 0x0000000000000000
2026/09/26 12:43:27.734, P3, 885, 7001, 20.25, 0, 0x0000000000000000
2026/09/26 12:43:27.785, P3, 885, 7001, 20.25, 0, 0x0000000000000000
2026/09/26 12:43:27.838, P3, 885, 7001, 20.25, 0, 0x0000000000000000
2026/09/26 12:43:27.901, P3, 885, 7001, 20.25, 0, 0x0000000000000000
2026/09/26 12:43:27.952, P3, 885, 7001, 20.25, 0, 0x0000000000000000
2026/09/26 12:43:28.018, P3, 885, 7001, 20.25, 0, 0x0000000000000000
2026/09/26 12:43:28.069, P3, 885, 7001, 20.25, 0, 0x0000000000000000
2026/09/26 12:43:28.119, P3, 885, 7001, 20.25, 0, 0x0000000000000000
2026/09/26 12:43:28.185, P3, 885, 7001, 20.25, 0, 0x0000000000000000
2026/09/26 12:43:28.235, P0, 2205, 14201, 20.99, 0, 0x0000000000000000
2026/09/26 12:43:28.286, P0, 2205, 14201, 20.99, 0, 0x0000000000000000
2026/09/26 12:43:28.352, P0, 2205, 14201, 20.99, 0, 0x0000000000000000
2026/09/26 12:43:28.402, P0, 2205, 14201, 20.99, 0, 0x0000000000000000
2026/09/26 12:43:28.468, P0, 2205, 14201, 20.99, 0, 0x0000000000000000
2026/09/26 12:43:28.519, P0, 2205, 14201, 20.99, 0, 0x0000000000000000
2026/09/26 12:43:28.585, P0, 2205, 14201, 20.99, 0, 0x0000000000000000
2026/09/26 12:43:28.637, P0, 2205, 14201, 20.99, 0, 0x0000000000000000
2026/09/26 12:43:28.688, P0, 2205, 14201, 20.99, 0, 0x0000000000000000
2026/09/26 12:43:28.752, P0, 2535, 14201, 26.02, 0, 0x0000000000000000
2026/09/26 12:43:28.803, P0, 2535, 14201, 26.02, 0, 0x0000000000000000
2026/09/26 12:43:28.869, P0, 2535, 14201, 26.02, 0, 0x0000000000000000
2026/09/26 12:43:28.920, P0, 2535, 14201, 26.02, 0, 0x0000000000000000
2026/09/26 12:43:28.985, P0, 2535, 14201, 26.02, 0, 0x0000000000000000
2026/09/26 12:43:29.036, P0, 2535, 14201, 26.02, 0, 0x0000000000000000
2026/09/26 12:43:29.102, P0, 2535, 14201, 26.02, 0, 0x0000000000000000
2026/09/26 12:43:29.152, P0, 2535, 14201, 26.02, 0, 0x0000000000000000
2026/09/26 12:43:29.203, P0, 2535, 14201, 27.37, 0, 0x0000000000000000
2026/09/26 12:43:29.253, P0, 2535, 14201, 27.37, 0, 0x0000000000000000
2026/09/26 12:43:29.316, P0, 2535, 14201, 27.37, 0, 0x0000000000000000
2026/09/26 12:43:29.380, P0, 2535, 14201, 27.37, 0, 0x0000000000000000
2026/09/26 12:43:29.442, P0, 2535, 14201, 27.37, 0, 0x0000000000000000
2026/09/26 12:43:29.506, P0, 2535, 14201, 27.37, 0, 0x0000000000000000
2026/09/26 12:43:29.558, P0, 2535, 14201, 27.37, 0, 0x0000000000000000
2026/09/26 12:43:29.619, P0, 2535, 14201, 27.37, 0, 0x0000000000000000
2026/09/26 12:43:29.684, P0, 2535, 14201, 27.37, 0, 0x0000000000000000
2026/09/26 12:43:29.736, P0, 2505, 14201, 27.08, 0, 0x0000000000000000
2026/09/26 12:43:29.786, P0, 2505, 14201, 27.08, 0, 0x0000000000000000
2026/09/26 12:43:29.850, P0, 2505, 14201, 27.08, 0, 0x0000000000000000
2026/09/26 12:43:29.912, P0, 2505, 14201, 27.08, 0, 0x0000000000000000
2026/09/26 12:43:29.975, P0, 2505, 14201, 27.08, 0, 0x0000000000000000
2026/09/26 12:43:30.039, P0, 2505, 14201, 27.08, 0, 0x0000000000000000
2026/09/26 12:43:30.103, P0, 2505, 14201, 27.08, 0, 0x0000000000000000
2026/09/26 12:43:30.153, P0, 2505, 14201, 27.08, 0, 0x0000000000000000
2026/09/26 12:43:30.220, P3, 2512, 7001, 25.43, 0, 0x0000000000000000
2026/09/26 12:43:30.271, P3, 2512, 7001, 25.43, 0, 0x0000000000000000
2026/09/26 12:43:30.336, P3, 2512, 7001, 25.43, 0, 0x0000000000000000
2026/09/26 12:43:30.387, P3, 2512, 7001, 25.43, 0, 0x0000000000000000
2026/09/26 12:43:30.438, P3, 2512, 7001, 25.43, 0, 0x0000000000000000
2026/09/26 12:43:30.504, P3, 2512, 7001, 25.43, 0, 0x0000000000000000
2026/09/26 12:43:30.555, P3, 2512, 7001, 25.43, 0, 0x0000000000000000
2026/09/26 12:43:30.620, P3, 2512, 7001, 25.43, 0, 0x0000000000000000
2026/09/26 12:43:30.671, P3, 2512, 7001, 25.43, 0, 0x0000000000000000
2026/09/26 12:43:30.737, P3, 675, 7001, 20.16, 0, 0x0000000000000000
2026/09/26 12:43:30.787, P3, 675, 7001, 20.16, 0, 0x0000000000000000
2026/09/26 12:43:30.838, P3, 675, 7001, 20.16, 0, 0x0000000000000000
2026/09/26 12:43:30.904, P3, 675, 7001, 20.16, 0, 0x0000000000000000
2026/09/26 12:43:30.954, P3, 675, 7001, 20.16, 0, 0x0000000000000000
2026/09/26 12:43:31.005, P3, 675, 7001, 20.16, 0, 0x0000000000000000
2026/09/26 12:43:31.071, P3, 675, 7001, 20.16, 0, 0x0000000000000000
2026/09/26 12:43:31.121, P3, 675, 7001, 20.16, 0, 0x0000000000000000
2026/09/26 12:43:31.172, P3, 675, 7001, 20.16, 0, 0x0000000000000000
2026/09/26 12:43:31.237, P0, 600, 14201, 19.44, 8, 0x0000000000000000
2026/09/26 12:43:31.288, P0, 600, 14201, 19.44, 8, 0x0000000000000000
2026/09/26 12:43:31.338, P0, 600, 14201, 19.44, 8, 0x0000000000000000
2026/09/26 12:43:31.388, P0, 600, 14201, 19.44, 8, 0x0000000000000000
2026/09/26 12:43:31.439, P0, 600, 14201, 19.44, 8, 0x0000000000000000
2026/09/26 12:43:31.505, P0, 600, 14201, 19.44, 8, 0x0000000000000000
2026/09/26 12:43:31.555, P0, 600, 14201, 19.44, 8, 0x0000000000000000
2026/09/26 12:43:31.622, P0, 600, 14201, 19.44, 8, 0x0000000000000000
2026/09/26 12:43:31.672, P0, 600, 14201, 19.44, 8, 0x0000000000000000
2026/09/26 12:43:31.738, P1, 2662, 14001, 32.20, 55, 0x0000000000000000
2026/09/26 12:43:31.803, P1, 2662, 14001, 32.20, 55, 0x0000000000000000
2026/09/26 12:43:31.855, P1, 2662, 14001, 32.20, 55, 0x0000000000000000
2026/09/26 12:43:31.906, P1, 2662, 14001, 32.20, 55, 0x0000000000000000
2026/09/26 12:43:31.972, P1, 2662, 14001, 32.20, 55, 0x0000000000000000
2026/09/26 12:43:32.023, P1, 2662, 14001, 32.20, 55, 0x0000000000000000
2026/09/26 12:43:32.073, P1, 2662, 14001, 32.20, 55, 0x0000000000000000
2026/09/26 12:43:32.139, P1, 2662, 14001, 32.20, 55, 0x0000000000000000
2026/09/26 12:43:32.189, P1, 2662, 14001, 32.20, 55, 0x0000000000000000
2026/09/26 12:43:32.253, P0, 2955, 14201, 50.50, 21, 0x0000000000000000
2026/09/26 12:43:32.316, P0, 2955, 14201, 50.50, 21, 0x0000000000000000
2026/09/26 12:43:32.372, P0, 2955, 14201, 50.50, 21, 0x0000000000000000
2026/09/26 12:43:32.438, P0, 2955, 14201, 50.50, 21, 0x0000000000000000
2026/09/26 12:43:32.500, P0, 2955, 14201, 50.50, 21, 0x0000000000000000
2026/09/26 12:43:32.563, P0, 2955, 14201, 50.50, 21, 0x0000000000000000
2026/09/26 12:43:32.623, P0, 2955, 14201, 50.50, 21, 0x0000000000000000
2026/09/26 12:43:32.688, P0, 2955, 14201, 50.50, 21, 0x0000000000000000
2026/09/26 12:43:32.739, P0, 2955, 14201, 52.02, 0, 0x0000000000000000
2026/09/26 12:43:32.805, P0, 2955, 14201, 52.02, 0, 0x0000000000000000
2026/09/26 12:43:32.867, P0, 2955, 14201, 52.02, 0, 0x0000000000000000
2026/09/26 12:43:32.922, P0, 2955, 14201, 52.02, 0, 0x0000000000000000
2026/09/26 12:43:32.986, P0, 2955, 14201, 52.02, 0, 0x0000000000000000
2026/09/26 12:43:33.049, P0, 2955, 14201, 52.02, 0, 0x0000000000000000
2026/09/26 12:43:33.106, P0, 2955, 14201, 52.02, 0, 0x0000000000000000
2026/09/26 12:43:33.156, P0, 2955, 14201, 52.02, 0, 0x0000000000000000
2026/09/26 12:43:33.207, P0, 2955, 14201, 40.36, 0, 0x0000000000000000
2026/09/26 12:43:33.273, P0, 2955, 14201, 40.36, 0, 0x0000000000000000
2026/09/26 12:43:33.323, P0, 2955, 14201, 40.36, 0, 0x0000000000000000
2026/09/26 12:43:33.374, P0, 2955, 14201, 40.36, 0, 0x0000000000000000
2026/09/26 12:43:33.429, P0, 2955, 14201, 40.36, 0, 0x0000000000000000
2026/09/26 12:43:33.490, P0, 2955, 14201, 40.36, 0, 0x0000000000000000
2026/09/26 12:43:33.541, P0, 2955, 14201, 40.36, 0, 0x0000000000000000
2026/09/26 12:43:33.607, P0, 2955, 14201, 40.36, 0, 0x0000000000000000
2026/09/26 12:43:33.658, P0, 2955, 14201, 40.36, 0, 0x0000000000000000
2026/09/26 12:43:33.710, P0, 2955, 14201, 36.99, 0, 0x0000000000000000
2026/09/26 12:43:33.774, P0, 2955, 14201, 36.99, 0, 0x0000000000000000
2026/09/26 12:43:33.824, P0, 2955, 14201, 36.99, 0, 0x0000000000000000
2026/09/26 12:43:33.890, P0, 2955, 14201, 36.99, 0, 0x0000000000000000
2026/09/26 12:43:33.941, P0, 2955, 14201, 36.99, 0, 0x0000000000000000
2026/09/26 12:43:33.991, P0, 2955, 14201, 36.99, 0, 0x0000000000000000
2026/09/26 12:43:34.057, P0, 2955, 14201, 36.99, 0, 0x0000000000000000
2026/09/26 12:43:34.124, P0, 2955, 14201, 36.99, 0, 0x0000000000000000
2026/09/26 12:43:34.175, P0, 2955, 14201, 36.99, 0, 0x0000000000000000
2026/09/26 12:43:34.225, P0, 2610, 14201, 33.55, 0, 0x0000000000000000
2026/09/26 12:43:34.291, P0, 2610, 14201, 33.55, 0, 0x0000000000000000
2026/09/26 12:43:34.341, P0, 2610, 14201, 33.55, 0, 0x0000000000000000
2026/09/26 12:43:34.392, P0, 2610, 14201, 33.55, 0, 0x0000000000000000
2026/09/26 12:43:34.458, P0, 2610, 14201, 33.55, 0, 0x0000000000000000
2026/09/26 12:43:34.509, P0, 2610, 14201, 33.55, 0, 0x0000000000000000
2026/09/26 12:43:34.574, P0, 2610, 14201, 33.55, 0, 0x0000000000000000
2026/09/26 12:43:34.625, P0, 2610, 14201, 33.55, 0, 0x0000000000000000
2026/09/26 12:43:34.691, P0, 2535, 14201, 28.37, 0, 0x0000000000000000
2026/09/26 12:43:34.741, P0, 2535, 14201, 28.37, 0, 0x0000000000000000
2026/09/26 12:43:34.792, P0, 2535, 14201, 28.37, 0, 0x0000000000000000
2026/09/26 12:43:34.858, P0, 2535, 14201, 28.37, 0, 0x0000000000000000
2026/09/26 12:43:34.908, P0, 2535, 14201, 28.37, 0, 0x0000000000000000
2026/09/26 12:43:34.959, P0, 2535, 14201, 28.37, 0, 0x0000000000000000
2026/09/26 12:43:35.025, P0, 2535, 14201, 28.37, 0, 0x0000000000000000
2026/09/26 12:43:35.075, P0, 2535, 14201, 28.37, 0, 0x0000000000000000
2026/09/26 12:43:35.126, P0, 2535, 14201, 28.37, 0, 0x0000000000000000
2026/09/26 12:43:35.191, P3, 2535, 7001, 26.02, 0, 0x0000000000000000
2026/09/26 12:43:35.242, P3, 2535, 7001, 26.02, 0, 0x0000000000000000
2026/09/26 12:43:35.307, P3, 2535, 7001, 26.02, 0, 0x0000000000000000
2026/09/26 12:43:35.369, P3, 2535, 7001, 26.02, 0, 0x0000000000000000
2026/09/26 12:43:35.433, P3, 2535, 7001, 26.02, 0, 0x0000000000000000
2026/09/26 12:43:35.492, P3, 2535, 7001, 26.02, 0, 0x0000000000000000
2026/09/26 12:43:35.542, P3, 2535, 7001, 26.02, 0, 0x0000000000000000
2026/09/26 12:43:35.592, P3, 2535, 7001, 26.02, 0, 0x0000000000000000
2026/09/26 12:43:35.643, P3, 2535, 7001, 26.02, 0, 0x0000000000000000
2026/09/26 12:43:35.709, P0, 690, 14201, 20.93, 8, 0x0000000000000000
2026/09/26 12:43:35.774, P0, 690, 14201, 20.93, 8, 0x0000000000000000
2026/09/26 12:43:35.838, P0, 690, 14201, 20.93, 8, 0x0000000000000000
2026/09/26 12:43:35.901, P0, 690, 14201, 20.93, 8, 0x0000000000000000
2026/09/26 12:43:35.964, P0, 690, 14201, 20.93, 8, 0x0000000000000000
2026/09/26 12:43:36.027, P0, 690, 14201, 20.93, 8, 0x0000000000000000
2026/09/26 12:43:36.077, P0, 690, 14201, 20.93, 8, 0x0000000000000000
2026/09/26 12:43:36.142, P0, 690, 14201, 20.93, 8, 0x0000000000000000
2026/09/26 12:43:36.193, P1, 2745, 14001, 29.11, 26, 0x0000000000000000
2026/09/26 12:43:36.244, P1, 2745, 14001, 29.11, 26, 0x0000000000000000
2026/09/26 12:43:36.310, P1, 2745, 14001, 29.11, 26, 0x0000000000000000
2026/09/26 12:43:36.360, P1, 2745, 14001, 29.11, 26, 0x0000000000000000
2026/09/26 12:43:36.410, P1, 2745, 14001, 29.11, 26, 0x0000000000000000
2026/09/26 12:43:36.476, P1, 2745, 14001, 29.11, 26, 0x0000000000000000
2026/09/26 12:43:36.526, P1, 2745, 14001, 29.11, 26, 0x0000000000000000
2026/09/26 12:43:36.577, P1, 2745, 14001, 29.11, 26, 0x0000000000000000
2026/09/26 12:43:36.643, P1, 2745, 14001, 29.11, 26, 0x0000000000000000
2026/09/26 12:43:36.693, P1, 2955, 14001, 45.92, 27, 0x0000000000000000
2026/09/26 12:43:36.744, P1, 2955, 14001, 45.92, 27, 0x0000000000000000
2026/09/26 12:43:36.810, P1, 2955, 14001, 45.92, 27, 0x0000000000000000
2026/09/26 12:43:36.861, P1, 2955, 14001, 45.92, 27, 0x0000000000000000
2026/09/26 12:43:36.912, P1, 2955, 14001, 45.92, 27, 0x0000000000000000
2026/09/26 12:43:36.977, P1, 2955, 14001, 45.92, 27, 0x0000000000000000
2026/09/26 12:43:37.029, P1, 2955, 14001, 45.92, 27, 0x0000000000000000
2026/09/26 12:43:37.093, P1, 2955, 14001, 45.92, 27, 0x0000000000000000
2026/09/26 12:43:37.145, P1, 2955, 14001, 45.92, 27, 0x0000000000000000
2026/09/26 12:43:37.197, P0, 2947, 14201, 54.40, 8, 0x0000000000000000
2026/09/26 12:43:37.260, P0, 2947, 14201, 54.40, 8, 0x0000000000000000
2026/09/26 12:43:37.311, P0, 2947, 14201, 54.40, 8, 0x0000000000000000
2026/09/26 12:43:37.361, P0, 2947, 14201, 54.40, 8, 0x0000000000000000
2026/09/26 12:43:37.428, P0, 2947, 14201, 54.40, 8, 0x0000000000000000
2026/09/26 12:43:37.478, P0, 2947, 14201, 54.40, 8, 0x0000000000000000
2026/09/26 12:43:37.544, P0, 2947, 14201, 54.40, 8, 0x0000000000000000
2026/09/26 12:43:37.594, P0, 2947, 14201, 54.40, 8, 0x0000000000000000
2026/09/26 12:43:37.644, P0, 2947, 14201, 54.40, 8, 0x0000000000000000
2026/09/26 12:43:37.695, P1, 2955, 14001, 53.96, 44, 0x0000000000000000
2026/09/26 12:43:37.761, P1, 2955, 14001, 53.96, 44, 0x0000000000000000
2026/09/26 12:43:37.812, P1, 2955, 14001, 53.96, 44, 0x0000000000000000
2026/09/26 12:43:37.878, P1, 2955, 14001, 53.96, 44, 0x0000000000000000
2026/09/26 12:43:37.929, P1, 2955, 14001, 53.96, 44, 0x0000000000000000
2026/09/26 12:43:37.994, P1, 2955, 14001, 53.96, 44, 0x0000000000000000
2026/09/26 12:43:38.045, P1, 2955, 14001, 53.96, 44, 0x0000000000000000
2026/09/26 12:43:38.095, P1, 2955, 14001, 53.96, 44, 0x0000000000000000
2026/09/26 12:43:38.145, P1, 2955, 14001, 53.96, 44, 0x0000000000000000
2026/09/26 12:43:38.195, P0, 2940, 14201, 55.17, 8, 0x0000000000000000
2026/09/26 12:43:38.246, P0, 2940, 14201, 55.17, 8, 0x0000000000000000
2026/09/26 12:43:38.309, P0, 2940, 14201, 55.17, 8, 0x0000000000000000
2026/09/26 12:43:38.372, P0, 2940, 14201, 55.17, 8, 0x0000000000000000
2026/09/26 12:43:38.435, P0, 2940, 14201, 55.17, 8, 0x0000000000000000
2026/09/26 12:43:38.498, P0, 2940, 14201, 55.17, 8, 0x0000000000000000
2026/09/26 12:43:38.560, P0, 2940, 14201, 55.17, 8, 0x0000000000000000
2026/09/26 12:43:38.611, P0, 2940, 14201, 55.17, 8, 0x0000000000000000
2026/09/26 12:43:38.663, P0, 2940, 14201, 55.17, 8, 0x0000000000000000
2026/09/26 12:43:38.713, P0, 2955, 14201, 48.76, 0, 0x0000000000000000
2026/09/26 12:43:38.778, P0, 2955, 14201, 48.76, 0, 0x0000000000000000
2026/09/26 12:43:38.841, P0, 2955, 14201, 48.76, 0, 0x0000000000000000
2026/09/26 12:43:38.904, P0, 2955, 14201, 48.76, 0, 0x0000000000000000
2026/09/26 12:43:38.968, P0, 2955, 14201, 48.76, 0, 0x0000000000000000
2026/09/26 12:43:39.032, P0, 2955, 14201, 48.76, 0, 0x0000000000000000
2026/09/26 12:43:39.095, P0, 2955, 14201, 48.76, 0, 0x0000000000000000
2026/09/26 12:43:39.146, P0, 2955, 14201, 48.76, 0, 0x0000000000000000
2026/09/26 12:43:39.197, P0, 2955, 14201, 38.32, 0, 0x0000000000000000
2026/09/26 12:43:39.263, P0, 2955, 14201, 38.32, 0, 0x0000000000000000
2026/09/26 12:43:39.313, P0, 2955, 14201, 38.32, 0, 0x0000000000000000
2026/09/26 12:43:39.363, P0, 2955, 14201, 38.32, 0, 0x0000000000000000
2026/09/26 12:43:39.429, P0, 2955, 14201, 38.32, 0, 0x0000000000000000
2026/09/26 12:43:39.480, P0, 2955, 14201, 38.32, 0, 0x0000000000000000
2026/09/26 12:43:39.531, P0, 2955, 14201, 38.32, 0, 0x0000000000000000
2026/09/26 12:43:39.596, P0, 2955, 14201, 38.32, 0, 0x0000000000000000
2026/09/26 12:43:39.646, P0, 2955, 14201, 38.32, 0, 0x0000000000000000
2026/09/26 12:43:39.696, P0, 2955, 14201, 37.18, 0, 0x0000000000000000
2026/09/26 12:43:39.746, P0, 2955, 14201, 37.18, 0, 0x0000000000000000
2026/09/26 12:43:39.797, P0, 2955, 14201, 37.18, 0, 0x0000000000000000
2026/09/26 12:43:39.847, P0, 2955, 14201, 37.18, 0, 0x0000000000000000
2026/09/26 12:43:39.898, P0, 2955, 14201, 37.18, 0, 0x0000000000000000
2026/09/26 12:43:39.950, P0, 2955, 14201, 37.18, 0, 0x0000000000000000
2026/09/26 12:43:40.013, P0, 2955, 14201, 37.18, 0, 0x0000000000000000
2026/0